Container_ID,Risk_Label,Total_Risk_Score,Anomaly_Score,Explanation_Summary
97061800,Low,0.0,0.1541432897477667,Shipment characteristics align with normal operational and behavioral patterns.
85945189,Low,0.0,0.1880965857356085,Shipment characteristics align with normal operational and behavioral patterns.
77854751,Low,0.0,0.1984807194248061,Shipment characteristics align with normal operational and behavioral patterns.
46925060,Medium,0.13,0.1597302288460942,"Container flagged for moderate operational risk due to night-time declaration activity, limited importer shipment history."
34131149,Low,0.03,0.1544916260704626,Container monitored due to night-time declaration activity.
38459034,Critical,0.43,-0.0183677309234425,"Container classified as Critical Risk due to high anomaly score, abnormal weight discrepancy, excessive dwell time."
69602841,Low,0.03,0.1707171437066571,Container monitored due to night-time declaration activity.
94070719,Low,0.0,0.1479226373151628,Shipment characteristics align with normal operational and behavioral patterns.
28079013,Low,0.03,0.1031299285451186,Container monitored due to night-time declaration activity.
66853714,Low,0.03,0.1531084105103201,Container monitored due to night-time declaration activity.
19246049,Low,0.0,0.2006262185640657,Shipment characteristics align with normal operational and behavioral patterns.
14879976,Medium,0.1,0.1997690084094506,Container flagged for moderate operational risk due to limited importer shipment history.
58493150,Low,0.0,0.1353455681315893,Shipment characteristics align with normal operational and behavioral patterns.
43035997,Medium,0.13,0.1539040654310722,"Container flagged for moderate operational risk due to night-time declaration activity, limited importer shipment history."
35204875,Low,0.0,0.1303092467280431,Shipment characteristics align with normal operational and behavioral patterns.
47555392,Medium,0.1,0.1489182324943114,Container flagged for moderate operational risk due to limited importer shipment history.
54770090,Low,0.0,0.191840378151149,Shipment characteristics align with normal operational and behavioral patterns.
91408622,Medium,0.23,0.1191898421893012,"Container flagged for moderate operational risk due to excessive dwell time, night-time declaration activity."
55920693,Medium,0.1,0.1436930798401962,Container flagged for moderate operational risk due to limited importer shipment history.
57409866,Low,0.03,0.1866209188597266,Container monitored due to night-time declaration activity.
24077377,Low,0.0,0.1885530118270211,Shipment characteristics align with normal operational and behavioral patterns.
19201172,Low,0.03,0.1176758962535006,Container monitored due to night-time declaration activity.
25886903,Low,0.03,0.19024642407164,Container monitored due to night-time declaration activity.
64705381,Medium,0.1,0.1898769993379218,Container flagged for moderate operational risk due to limited importer shipment history.
51313213,Low,0.0,0.1276188947266796,Shipment characteristics align with normal operational and behavioral patterns.
21073696,Medium,0.13,0.1713106235384668,"Container flagged for moderate operational risk due to night-time declaration activity, limited importer shipment history."
38525083,Low,0.03,0.1873387131878954,Container monitored due to night-time declaration activity.
47431706,Low,0.03,0.1609134441263672,Container monitored due to night-time declaration activity.
83743051,Low,0.0,0.1987879034015672,Shipment characteristics align with normal operational and behavioral patterns.
63617737,Low,0.0,0.192659435701161,Shipment characteristics align with normal operational and behavioral patterns.
32708224,Low,0.0,0.0106884221793772,Shipment characteristics align with normal operational and behavioral patterns.
94748548,Critical,0.4,-0.0298305766983855,"Container classified as Critical Risk due to high anomaly score, abnormal weight discrepancy, excessive dwell time."
38543102,Low,0.0,0.1909016471327333,Shipment characteristics align with normal operational and behavioral patterns.
57728656,Low,0.0,0.1751453369652141,Shipment characteristics align with normal operational and behavioral patterns.
40371610,Medium,0.13,0.117959969967342,"Container flagged for moderate operational risk due to night-time declaration activity, limited importer shipment history."
73126688,Low,0.03,0.0632654284002744,Container monitored due to night-time declaration activity.
24697408,Low,0.0,0.2061459053199656,Shipment characteristics align with normal operational and behavioral patterns.
95975634,Critical,0.43,0.0644339954894146,"Container classified as Critical Risk due to abnormal weight discrepancy, excessive dwell time, night-time declaration activity."
46824398,Low,0.0,0.1797116650279384,Shipment characteristics align with normal operational and behavioral patterns.
93188371,Low,0.0,0.1924401913311324,Shipment characteristics align with normal operational and behavioral patterns.
27330422,Low,0.0,0.1990476206982662,Shipment characteristics align with normal operational and behavioral patterns.
84902588,Medium,0.1,0.2038921992823483,Container flagged for moderate operational risk due to limited importer shipment history.
57565526,Low,0.03,0.1726884073444482,Container monitored due to night-time declaration activity.
73045847,Low,0.0,0.1735913784477273,Shipment characteristics align with normal operational and behavioral patterns.
98752699,Low,0.03,0.1867586621894316,Container monitored due to night-time declaration activity.
88268883,Medium,0.1999999999999999,0.1131857107600577,Container flagged for moderate operational risk due to abnormal weight discrepancy.
35053269,Low,0.0,0.1217179250641055,Shipment characteristics align with normal operational and behavioral patterns.
51770822,Low,0.0,0.1415510294009371,Shipment characteristics align with normal operational and behavioral patterns.
39894127,Low,0.03,0.182481816329453,Container monitored due to night-time declaration activity.
65839607,Low,0.0,0.1884664052831065,Shipment characteristics align with normal operational and behavioral patterns.
50196114,Low,0.0,0.1895535646414496,Shipment characteristics align with normal operational and behavioral patterns.
23794696,Low,0.0,0.164942002319773,Shipment characteristics align with normal operational and behavioral patterns.
65637572,Low,0.0,0.2025283166831567,Shipment characteristics align with normal operational and behavioral patterns.
78327056,Low,0.03,0.1808909882258914,Container monitored due to night-time declaration activity.
11817825,Low,0.0,0.1825002653457214,Shipment characteristics align with normal operational and behavioral patterns.
14504852,Low,0.0,0.1708514488294559,Shipment characteristics align with normal operational and behavioral patterns.
60904587,Low,0.0,0.1677172434551874,Shipment characteristics align with normal operational and behavioral patterns.
52259628,Low,0.0,0.1882780353894866,Shipment characteristics align with normal operational and behavioral patterns.
53200097,Low,0.0,0.1650657033412201,Shipment characteristics align with normal operational and behavioral patterns.
92603662,Low,0.03,0.1748254336995017,Container monitored due to night-time declaration activity.
84067615,Low,0.03,0.0819570736724612,Container monitored due to night-time declaration activity.
84059707,Low,0.0,0.1954091846379546,Shipment characteristics align with normal operational and behavioral patterns.
21143403,Low,0.0,0.1799562929581037,Shipment characteristics align with normal operational and behavioral patterns.
54838489,Low,0.0,0.1684373743309139,Shipment characteristics align with normal operational and behavioral patterns.
56747478,Low,0.03,0.1615295933410848,Container monitored due to night-time declaration activity.
97878449,Low,0.0,0.2025978683753109,Shipment characteristics align with normal operational and behavioral patterns.
65547224,Low,0.03,0.1964712860591558,Container monitored due to night-time declaration activity.
91910410,Low,0.0,0.1804549225554514,Shipment characteristics align with normal operational and behavioral patterns.
55296135,Low,0.0,0.1931594422885389,Shipment characteristics align with normal operational and behavioral patterns.
29892142,Low,0.0,0.1874184221316552,Shipment characteristics align with normal operational and behavioral patterns.
92537849,Low,0.03,0.1779117937582023,Container monitored due to night-time declaration activity.
33419521,Low,0.0,0.1852874804347205,Shipment characteristics align with normal operational and behavioral patterns.
90239614,Low,0.0,0.1522118039325571,Shipment characteristics align with normal operational and behavioral patterns.
79755031,Low,0.0,0.0234673238300375,Shipment characteristics align with normal operational and behavioral patterns.
90985933,Low,0.03,0.1276874095851635,Container monitored due to night-time declaration activity.
29121654,Low,0.0,0.1553829604406817,Shipment characteristics align with normal operational and behavioral patterns.
39996759,Low,0.0,0.1972219657282424,Shipment characteristics align with normal operational and behavioral patterns.
65153144,Medium,0.1,0.1765019583844274,Container flagged for moderate operational risk due to limited importer shipment history.
55355481,Low,0.03,0.1439469284859279,Container monitored due to night-time declaration activity.
37082229,Low,0.03,0.1511336184747366,Container monitored due to night-time declaration activity.
13844785,Medium,0.1999999999999999,0.0477617614849428,Container flagged for moderate operational risk due to abnormal weight discrepancy.
70709940,Low,0.0,0.1658937919390867,Shipment characteristics align with normal operational and behavioral patterns.
51502279,Low,0.03,0.1121329836350958,Container monitored due to night-time declaration activity.
48433537,Low,0.0,0.1361195694802419,Shipment characteristics align with normal operational and behavioral patterns.
27142667,Low,0.03,0.11756799920899,Container monitored due to night-time declaration activity.
20824144,Low,0.0,0.1654414121992255,Shipment characteristics align with normal operational and behavioral patterns.
48809614,Low,0.0,0.1453217794708008,Shipment characteristics align with normal operational and behavioral patterns.
66009718,Low,0.03,0.161627560946643,Container monitored due to night-time declaration activity.
33127022,Low,0.03,0.1921564193719867,Container monitored due to night-time declaration activity.
32069865,Low,0.0,0.1586473553263459,Shipment characteristics align with normal operational and behavioral patterns.
62040320,Low,0.0,0.1518079016896282,Shipment characteristics align with normal operational and behavioral patterns.
15851969,Low,0.03,0.1650732857199525,Container monitored due to night-time declaration activity.
26796424,Low,0.03,0.1576868585036862,Container monitored due to night-time declaration activity.
32843831,Low,0.03,0.1615388709971257,Container monitored due to night-time declaration activity.
46259371,Low,0.0,0.1604897875511211,Shipment characteristics align with normal operational and behavioral patterns.
36201135,Low,0.03,0.1878385057655725,Container monitored due to night-time declaration activity.
15655053,Low,0.0,0.1762895860501287,Shipment characteristics align with normal operational and behavioral patterns.
37204442,Low,0.0,0.1806714283596298,Shipment characteristics align with normal operational and behavioral patterns.
30390132,Low,0.0,0.0893655041503693,Shipment characteristics align with normal operational and behavioral patterns.
34512418,Low,0.03,0.1250535297955177,Container monitored due to night-time declaration activity.
74483829,Low,0.0,0.172673475263568,Shipment characteristics align with normal operational and behavioral patterns.
17476981,Medium,0.13,0.1066543730423817,"Container flagged for moderate operational risk due to night-time declaration activity, limited importer shipment history."
65912175,Low,0.0,0.1599461994126164,Shipment characteristics align with normal operational and behavioral patterns.
91007101,Low,0.0,0.2021469278358542,Shipment characteristics align with normal operational and behavioral patterns.
54007502,Low,0.03,0.1440815959646689,Container monitored due to night-time declaration activity.
80451343,Low,0.0,0.2113586086712249,Shipment characteristics align with normal operational and behavioral patterns.
65531568,Low,0.03,0.165168431990667,Container monitored due to night-time declaration activity.
88467426,Low,0.0,0.148443453337472,Shipment characteristics align with normal operational and behavioral patterns.
29537685,Low,0.0,0.1829799507872762,Shipment characteristics align with normal operational and behavioral patterns.
43802671,Medium,0.2,0.1252917295925348,Container flagged for moderate operational risk due to excessive dwell time.
23304760,Low,0.0,0.2070566733421222,Shipment characteristics align with normal operational and behavioral patterns.
41792613,Low,0.03,0.1367281672845545,Container monitored due to night-time declaration activity.
64496769,Low,0.0,0.1744176949512135,Shipment characteristics align with normal operational and behavioral patterns.
99343212,Low,0.0,0.2013132173409625,Shipment characteristics align with normal operational and behavioral patterns.
99562790,Low,0.0,0.1858507789032235,Shipment characteristics align with normal operational and behavioral patterns.
58095731,Low,0.0,0.2026984341244105,Shipment characteristics align with normal operational and behavioral patterns.
72377348,Low,0.0,0.1374310893522044,Shipment characteristics align with normal operational and behavioral patterns.
38958183,Low,0.03,0.1228768228666154,Container monitored due to night-time declaration activity.
26613376,Low,0.03,0.1694454548604968,Container monitored due to night-time declaration activity.
46835605,Low,0.0,0.1239534170915768,Shipment characteristics align with normal operational and behavioral patterns.
37738859,Low,0.0,0.1877062777266951,Shipment characteristics align with normal operational and behavioral patterns.
48558371,Low,0.0,0.1892103472003424,Shipment characteristics align with normal operational and behavioral patterns.
93938093,Low,0.03,0.1655184073492796,Container monitored due to night-time declaration activity.
93098019,Low,0.0,0.1155067831409445,Shipment characteristics align with normal operational and behavioral patterns.
79556341,Low,0.0,0.1579160395526465,Shipment characteristics align with normal operational and behavioral patterns.
78991990,Low,0.0,0.1476652600351862,Shipment characteristics align with normal operational and behavioral patterns.
27310746,Low,0.03,0.1580266363139144,Container monitored due to night-time declaration activity.
92210701,Low,0.0,0.1399485871977783,Shipment characteristics align with normal operational and behavioral patterns.
19036276,Low,0.03,0.1205705705717539,Container monitored due to night-time declaration activity.
55100851,Medium,0.1666666666666666,0.1398144626151045,Container flagged for moderate operational risk due to high cargo value.
39065187,Low,0.0,0.1790777746245636,Shipment characteristics align with normal operational and behavioral patterns.
21827031,Low,0.0,0.1574700934330716,Shipment characteristics align with normal operational and behavioral patterns.
26076545,Low,0.0,0.1818720669762458,Shipment characteristics align with normal operational and behavioral patterns.
27008836,Low,0.0,0.1632697029505869,Shipment characteristics align with normal operational and behavioral patterns.
55933132,Low,0.03,0.1200326848679897,Container monitored due to night-time declaration activity.
43497534,Low,0.03,0.0828185169706499,Container monitored due to night-time declaration activity.
74776612,Low,0.03,0.0724457716504493,Container monitored due to night-time declaration activity.
14935873,Low,0.0,0.1429279258047823,Shipment characteristics align with normal operational and behavioral patterns.
89262639,Medium,0.2,0.1260329850044651,Container flagged for moderate operational risk due to excessive dwell time.
42185163,Low,0.03,0.1811526438627897,Container monitored due to night-time declaration activity.
55295049,Medium,0.1966666666666666,0.144331483340013,"Container flagged for moderate operational risk due to high cargo value, night-time declaration activity."
15510874,Low,0.0,0.1312253899703789,Shipment characteristics align with normal operational and behavioral patterns.
92700589,Low,0.0,0.1990066881734568,Shipment characteristics align with normal operational and behavioral patterns.
44059036,Low,0.0,0.1476897118952443,Shipment characteristics align with normal operational and behavioral patterns.
38614674,Medium,0.1966666666666666,0.1029157836948274,"Container flagged for moderate operational risk due to high cargo value, night-time declaration activity."
73148389,Low,0.0,0.1408779712364354,Shipment characteristics align with normal operational and behavioral patterns.
69898565,Low,0.0,0.1873526705442171,Shipment characteristics align with normal operational and behavioral patterns.
35185413,Low,0.0,0.1501150100483268,Shipment characteristics align with normal operational and behavioral patterns.
81166116,Critical,0.3,0.1583388441495996,"Container classified as Critical Risk due to excessive dwell time, limited importer shipment history."
60596783,Low,0.0,0.1691849798929629,Shipment characteristics align with normal operational and behavioral patterns.
97788341,Medium,0.1966666666666666,0.0922460775573169,"Container flagged for moderate operational risk due to high cargo value, night-time declaration activity."
82390812,Low,0.0,0.1999163434718237,Shipment characteristics align with normal operational and behavioral patterns.
17795503,Medium,0.13,0.1923112276705958,"Container flagged for moderate operational risk due to night-time declaration activity, limited importer shipment history."
43947541,Critical,0.3666666666666667,0.0714634332090328,"Container classified as Critical Risk due to high cargo value, excessive dwell time."
77786590,Low,0.0,0.0299293473181467,Shipment characteristics align with normal operational and behavioral patterns.
73776041,Medium,0.1666666666666666,0.1112376472224746,Container flagged for moderate operational risk due to extremely high cargo value.
82760341,Low,0.0,0.1848035770019412,Shipment characteristics align with normal operational and behavioral patterns.
34402386,Low,0.03,0.1776927453450644,Container monitored due to night-time declaration activity.
11945430,Medium,0.13,0.1662624728657146,"Container flagged for moderate operational risk due to night-time declaration activity, limited importer shipment history."
84170957,Medium,0.23,0.1355527136590849,"Container flagged for moderate operational risk due to excessive dwell time, night-time declaration activity."
14511374,Low,0.03,0.1756869157548828,Container monitored due to night-time declaration activity.
24359899,Low,0.0,0.0901139395097729,Shipment characteristics align with normal operational and behavioral patterns.
86232348,Low,0.0,0.1635583261303603,Shipment characteristics align with normal operational and behavioral patterns.
10957814,Medium,0.23,-0.0239109836295559,"Container flagged for moderate operational risk due to high anomaly score, excessive dwell time, night-time declaration activity."
54764652,Low,0.0,0.1348556411981117,Shipment characteristics align with normal operational and behavioral patterns.
29865321,Low,0.03,0.1443144971027272,Container monitored due to night-time declaration activity.
40101451,Low,0.0,0.1849782610078121,Shipment characteristics align with normal operational and behavioral patterns.
37260544,Low,0.0,0.1232973231077246,Shipment characteristics align with normal operational and behavioral patterns.
23751881,Low,0.0,0.15498368854251,Shipment characteristics align with normal operational and behavioral patterns.
49200345,Low,0.0,0.1952926412218952,Shipment characteristics align with normal operational and behavioral patterns.
78420622,Medium,0.1,0.131426334317861,Container flagged for moderate operational risk due to limited importer shipment history.
93225831,Low,0.0,0.1084663135902167,Shipment characteristics align with normal operational and behavioral patterns.
31625754,Low,0.0,0.1665564879551673,Shipment characteristics align with normal operational and behavioral patterns.
58991766,Low,0.0,0.13939067616318,Shipment characteristics align with normal operational and behavioral patterns.
10681065,Low,0.0,0.1577282712829855,Shipment characteristics align with normal operational and behavioral patterns.
84376314,Low,0.0,0.1979594281998354,Shipment characteristics align with normal operational and behavioral patterns.
48281246,Low,0.0,0.1498192476173088,Shipment characteristics align with normal operational and behavioral patterns.
23294817,Medium,0.1,0.2008631406615935,Container flagged for moderate operational risk due to limited importer shipment history.
51745607,Low,0.0,0.1683320713694562,Shipment characteristics align with normal operational and behavioral patterns.
33812925,Low,0.0,0.1861470411073701,Shipment characteristics align with normal operational and behavioral patterns.
90009033,Low,0.0,0.197624479619256,Shipment characteristics align with normal operational and behavioral patterns.
84181532,Medium,0.1966666666666666,0.0482897465962599,"Container flagged for moderate operational risk due to high cargo value, night-time declaration activity."
79899680,Low,0.03,0.1580587052606181,Container monitored due to night-time declaration activity.
43855359,Low,0.0,0.2016587673203755,Shipment characteristics align with normal operational and behavioral patterns.
62289056,Low,0.0,0.188823687060097,Shipment characteristics align with normal operational and behavioral patterns.
22097948,Low,0.03,0.1168538346558745,Container monitored due to night-time declaration activity.
84586715,Low,0.0,0.1092454584069189,Shipment characteristics align with normal operational and behavioral patterns.
55821771,Low,0.0,0.1641411505781523,Shipment characteristics align with normal operational and behavioral patterns.
92413517,Medium,0.1,0.1507464039219909,Container flagged for moderate operational risk due to limited importer shipment history.
29406412,Low,0.0,0.1694740881567018,Shipment characteristics align with normal operational and behavioral patterns.
90076906,Medium,0.1,0.1905414330755516,Container flagged for moderate operational risk due to limited importer shipment history.
86170627,Low,0.0,0.138794894158366,Shipment characteristics align with normal operational and behavioral patterns.
21855508,Low,0.0,0.0678666088227479,Shipment characteristics align with normal operational and behavioral patterns.
30569491,Low,0.0,0.0867452565605952,Shipment characteristics align with normal operational and behavioral patterns.
94759552,Low,0.0,0.1929387176228553,Shipment characteristics align with normal operational and behavioral patterns.
23331378,Low,0.0,0.1190744281400498,Shipment characteristics align with normal operational and behavioral patterns.
28215396,Low,0.0,0.1814813810639131,Shipment characteristics align with normal operational and behavioral patterns.
90331145,Low,0.0,0.1800061181712863,Shipment characteristics align with normal operational and behavioral patterns.
84906093,Low,0.0,0.1718230470861944,Shipment characteristics align with normal operational and behavioral patterns.
78224743,Low,0.0,0.1779458091182652,Shipment characteristics align with normal operational and behavioral patterns.
96607064,Low,0.03,0.1256706267590974,Container monitored due to night-time declaration activity.
84290152,Low,0.0,0.1968163963926866,Shipment characteristics align with normal operational and behavioral patterns.
12607138,Low,0.0,0.1040311177395637,Shipment characteristics align with normal operational and behavioral patterns.
85089225,Critical,0.4,0.0906387464014742,"Container classified as Critical Risk due to abnormal weight discrepancy, excessive dwell time."
36460631,Medium,0.1,0.1722801168495184,Container flagged for moderate operational risk due to limited importer shipment history.
44394688,Low,0.03,0.1714527295196022,Container monitored due to night-time declaration activity.
64642906,Low,0.0,0.1379544131644322,Shipment characteristics align with normal operational and behavioral patterns.
24213348,Low,0.0,0.0157527827662796,Shipment characteristics align with normal operational and behavioral patterns.
20174676,Low,0.03,0.1361961158463824,Container monitored due to night-time declaration activity.
43189016,Low,0.0,0.1330596098727372,Shipment characteristics align with normal operational and behavioral patterns.
85470631,Low,0.0,0.113251168069125,Shipment characteristics align with normal operational and behavioral patterns.
40135903,Low,0.0,0.1591903038246642,Shipment characteristics align with normal operational and behavioral patterns.
48232526,Low,0.0,0.1740868163304272,Shipment characteristics align with normal operational and behavioral patterns.
73208902,Low,0.0,0.1707054040460523,Shipment characteristics align with normal operational and behavioral patterns.
26531862,Low,0.0,0.1664571547411014,Shipment characteristics align with normal operational and behavioral patterns.
51094986,Low,0.0,0.1872614436660286,Shipment characteristics align with normal operational and behavioral patterns.
27011547,Low,0.0,0.1302780012949029,Shipment characteristics align with normal operational and behavioral patterns.
77015642,Low,0.03,0.1388762894505684,Container monitored due to night-time declaration activity.
76891913,Low,0.03,0.16764959633655,Container monitored due to night-time declaration activity.
57443469,Low,0.0,0.027868401241916,Shipment characteristics align with normal operational and behavioral patterns.
99983786,Low,0.0,0.1801657797681968,Shipment characteristics align with normal operational and behavioral patterns.
17145583,Low,0.0,0.1631925063901441,Shipment characteristics align with normal operational and behavioral patterns.
88332449,Low,0.0,0.1791770281457826,Shipment characteristics align with normal operational and behavioral patterns.
58710148,Low,0.03,0.1741657125983755,Container monitored due to night-time declaration activity.
32424192,Low,0.03,0.1875066138537471,Container monitored due to night-time declaration activity.
91707442,Low,0.0,0.0407711480841026,Shipment characteristics align with normal operational and behavioral patterns.
48105176,Low,0.0,0.164700860504064,Shipment characteristics align with normal operational and behavioral patterns.
89117728,Low,0.0,0.1766298128416829,Shipment characteristics align with normal operational and behavioral patterns.
48536614,Low,0.03,0.1547974125275068,Container monitored due to night-time declaration activity.
44066821,Low,0.0,0.0909918282773757,Shipment characteristics align with normal operational and behavioral patterns.
28077352,Low,0.0,0.1786652730210368,Shipment characteristics align with normal operational and behavioral patterns.
30036648,Low,0.03,0.1578705576193136,Container monitored due to night-time declaration activity.
63616168,Low,0.0,0.1781227428086989,Shipment characteristics align with normal operational and behavioral patterns.
16604624,Low,0.03,0.1428992707969928,Container monitored due to night-time declaration activity.
38335000,Low,0.03,0.1937765332104082,Container monitored due to night-time declaration activity.
10467487,Medium,0.1666666666666666,0.1478646800731225,Container flagged for moderate operational risk due to high cargo value.
92144635,Low,0.0,0.1726774943025246,Shipment characteristics align with normal operational and behavioral patterns.
14809441,Low,0.0,-0.0089439506004773,Container monitored due to high anomaly score.
20176543,Low,0.0,0.120331263797932,Shipment characteristics align with normal operational and behavioral patterns.
46105133,Low,0.03,0.1060948106520039,Container monitored due to night-time declaration activity.
73143749,Low,0.03,0.1145932600837909,Container monitored due to night-time declaration activity.
97103775,Low,0.03,0.1560139195900059,Container monitored due to night-time declaration activity.
70318088,Low,0.0,0.175504864505237,Shipment characteristics align with normal operational and behavioral patterns.
67924555,Low,0.0,0.1407855768386536,Shipment characteristics align with normal operational and behavioral patterns.
73255665,Medium,0.1,0.1130884374640858,Container flagged for moderate operational risk due to limited importer shipment history.
95329118,Medium,0.1666666666666666,0.1290221482535468,Container flagged for moderate operational risk due to extremely high cargo value.
47897240,Low,0.0,0.133566761694788,Shipment characteristics align with normal operational and behavioral patterns.
14394398,Low,0.03,0.1454674662460215,Container monitored due to night-time declaration activity.
26835591,Low,0.03,0.162302189710684,Container monitored due to night-time declaration activity.
53805030,Low,0.03,0.131182131121659,Container monitored due to night-time declaration activity.
17352633,Low,0.0,0.1894267436710823,Shipment characteristics align with normal operational and behavioral patterns.
33444563,Low,0.03,0.1584768551398447,Container monitored due to night-time declaration activity.
76409975,Low,0.0,0.2086787624729146,Shipment characteristics align with normal operational and behavioral patterns.
65478982,Low,0.0,0.1481680270893977,Shipment characteristics align with normal operational and behavioral patterns.
44904565,Low,0.0,0.1867652819022388,Shipment characteristics align with normal operational and behavioral patterns.
80341420,Low,0.0,0.1545083934166482,Shipment characteristics align with normal operational and behavioral patterns.
63787515,Medium,0.1666666666666666,0.1632844512614984,Container flagged for moderate operational risk due to high cargo value.
93798909,Low,0.0,0.1597874205225011,Shipment characteristics align with normal operational and behavioral patterns.
36618722,Low,0.0,0.1903853339220815,Shipment characteristics align with normal operational and behavioral patterns.
95462959,Low,0.0,0.1296076377856628,Shipment characteristics align with normal operational and behavioral patterns.
82250704,Low,0.0,0.1233135710322928,Shipment characteristics align with normal operational and behavioral patterns.
49232341,Low,0.0,0.1631076188303415,Shipment characteristics align with normal operational and behavioral patterns.
66329066,Low,0.0,0.1653425006160638,Shipment characteristics align with normal operational and behavioral patterns.
31347148,Low,0.03,0.0014488858638413,Container monitored due to night-time declaration activity.
36222091,Low,0.0,0.0494301758240918,Shipment characteristics align with normal operational and behavioral patterns.
18148187,Low,0.0,0.1330598727179108,Shipment characteristics align with normal operational and behavioral patterns.
45784881,Low,0.0,0.2097388676274555,Shipment characteristics align with normal operational and behavioral patterns.
21219698,Low,0.0,0.1506071094999871,Shipment characteristics align with normal operational and behavioral patterns.
16316084,Low,0.03,0.1107629073057176,Container monitored due to night-time declaration activity.
96837367,Low,0.0,0.1546134970927621,Shipment characteristics align with normal operational and behavioral patterns.
47215882,Low,0.0,0.1954596975191554,Shipment characteristics align with normal operational and behavioral patterns.
63846467,Medium,0.13,0.1120507581575139,"Container flagged for moderate operational risk due to night-time declaration activity, limited importer shipment history."
10967019,Low,0.0,0.1948527547480048,Shipment characteristics align with normal operational and behavioral patterns.
65694383,Low,0.0,0.1878956344809498,Shipment characteristics align with normal operational and behavioral patterns.
80483668,Low,0.03,0.1330161774234335,Container monitored due to night-time declaration activity.
21300918,Low,0.03,0.1816580440857341,Container monitored due to night-time declaration activity.
41054204,Low,0.0,0.1750983650418746,Shipment characteristics align with normal operational and behavioral patterns.
44899332,Low,0.0,0.1915072651663454,Shipment characteristics align with normal operational and behavioral patterns.
87612160,Low,0.0,0.1971060741479958,Shipment characteristics align with normal operational and behavioral patterns.
74111719,Medium,0.1,0.1546864149817202,Container flagged for moderate operational risk due to limited importer shipment history.
30885481,Low,0.03,0.1812458059200595,Container monitored due to night-time declaration activity.
14270176,Critical,0.4,0.0803711207532729,"Container classified as Critical Risk due to abnormal weight discrepancy, excessive dwell time."
29052183,Low,0.0,0.1644744459029004,Shipment characteristics align with normal operational and behavioral patterns.
55482855,Medium,0.2,0.1345405399348052,Container flagged for moderate operational risk due to excessive dwell time.
20853959,Low,0.0,0.1549300650094432,Shipment characteristics align with normal operational and behavioral patterns.
74101037,Low,0.0,0.1748111051216312,Shipment characteristics align with normal operational and behavioral patterns.
52092452,Low,0.0,0.1298720964465537,Shipment characteristics align with normal operational and behavioral patterns.
41190664,Low,0.0,0.1379423152284644,Shipment characteristics align with normal operational and behavioral patterns.
38679712,Medium,0.2,0.1494562174331444,Container flagged for moderate operational risk due to excessive dwell time.
49404961,Medium,0.1,0.1447955876907067,Container flagged for moderate operational risk due to limited importer shipment history.
44290528,Medium,0.1,0.1263360721689899,Container flagged for moderate operational risk due to limited importer shipment history.
73453349,Low,0.0,0.1617356483382553,Shipment characteristics align with normal operational and behavioral patterns.
30354658,Low,0.0,0.1334906352653265,Shipment characteristics align with normal operational and behavioral patterns.
98361527,Low,0.0,0.0947807694756176,Shipment characteristics align with normal operational and behavioral patterns.
12474680,Low,0.0,0.0947420049487466,Shipment characteristics align with normal operational and behavioral patterns.
70376112,Low,0.0,0.1941780397898517,Shipment characteristics align with normal operational and behavioral patterns.
52282463,Critical,0.3,0.105682741791647,"Container classified as Critical Risk due to excessive dwell time, limited importer shipment history."
66690742,Medium,0.1,0.1482071150670589,Container flagged for moderate operational risk due to limited importer shipment history.
34373341,Low,0.03,0.1154358726275962,Container monitored due to night-time declaration activity.
42320973,Medium,0.23,0.1310767031301555,"Container flagged for moderate operational risk due to excessive dwell time, night-time declaration activity."
38618961,Medium,0.13,0.0933700449209872,"Container flagged for moderate operational risk due to night-time declaration activity, limited importer shipment history."
21183143,Medium,0.1,0.1596761857124822,Container flagged for moderate operational risk due to limited importer shipment history.
34066690,Low,0.0,0.196202163992321,Shipment characteristics align with normal operational and behavioral patterns.
40795408,Low,0.0,0.2081680415182816,Shipment characteristics align with normal operational and behavioral patterns.
17348426,Low,0.0,0.1265668555572121,Shipment characteristics align with normal operational and behavioral patterns.
72518694,Low,0.0,0.1905012866026832,Shipment characteristics align with normal operational and behavioral patterns.
48727617,Low,0.0,0.1811103618421171,Shipment characteristics align with normal operational and behavioral patterns.
88186439,Medium,0.2,0.1074559300503292,Container flagged for moderate operational risk due to excessive dwell time.
38083516,Critical,0.3,0.1275456206194646,"Container classified as Critical Risk due to excessive dwell time, limited importer shipment history."
80270017,Low,0.0,0.2006748030718135,Shipment characteristics align with normal operational and behavioral patterns.
97010856,Low,0.03,0.1807697638740585,Container monitored due to night-time declaration activity.
43450942,Low,0.0,0.0937982262095337,Shipment characteristics align with normal operational and behavioral patterns.
75263350,Low,0.0,0.1239124867897643,Shipment characteristics align with normal operational and behavioral patterns.
11343784,Low,0.0,0.0639969235493457,Shipment characteristics align with normal operational and behavioral patterns.
99724341,Medium,0.2,0.0831562400659833,Container flagged for moderate operational risk due to excessive dwell time.
30401386,Medium,0.1,0.1707938182028655,Container flagged for moderate operational risk due to limited importer shipment history.
22746704,Low,0.0,0.1398385333625544,Shipment characteristics align with normal operational and behavioral patterns.
25933971,Low,0.0,0.2054815665357595,Shipment characteristics align with normal operational and behavioral patterns.
92308827,Low,0.0,0.1244773756827282,Shipment characteristics align with normal operational and behavioral patterns.
45914717,Low,0.03,0.137179948937065,Container monitored due to night-time declaration activity.
39997723,Low,0.0,0.1645875142565099,Shipment characteristics align with normal operational and behavioral patterns.
67397768,Low,0.03,0.0631650400643401,Container monitored due to night-time declaration activity.
55295708,Low,0.0,0.1596416918680451,Shipment characteristics align with normal operational and behavioral patterns.
68926358,Medium,0.1,0.1396764854631407,Container flagged for moderate operational risk due to limited importer shipment history.
98768529,Medium,0.1,0.0980639158039434,Container flagged for moderate operational risk due to limited importer shipment history.
53665802,Low,0.03,0.114851944216315,Container monitored due to night-time declaration activity.
27769522,Low,0.0,0.1931825284928729,Shipment characteristics align with normal operational and behavioral patterns.
13561370,Low,0.03,0.1700948482132264,Container monitored due to night-time declaration activity.
94362439,Low,0.03,0.0237550088491605,Container monitored due to night-time declaration activity.
40307197,Low,0.0,0.086411626085486,Shipment characteristics align with normal operational and behavioral patterns.
14578348,Low,0.0,0.1773180728920843,Shipment characteristics align with normal operational and behavioral patterns.
98052257,Low,0.03,0.1004746381724157,Container monitored due to night-time declaration activity.
51658849,Medium,0.1666666666666666,0.0478714377885679,Container flagged for moderate operational risk due to high cargo value.
46017138,Low,0.0,0.1823860516177989,Shipment characteristics align with normal operational and behavioral patterns.
64115119,Medium,0.1666666666666666,0.1493486967336965,Container flagged for moderate operational risk due to high cargo value.
85229923,Low,0.0,0.167621046646359,Shipment characteristics align with normal operational and behavioral patterns.
35882915,Low,0.03,0.1966154313559813,Container monitored due to night-time declaration activity.
64148409,Low,0.03,0.1507730790192622,Container monitored due to night-time declaration activity.
23972747,Low,0.03,0.1813550959472883,Container monitored due to night-time declaration activity.
33987698,Low,0.0,0.1972598495258298,Shipment characteristics align with normal operational and behavioral patterns.
39756329,Medium,0.1,0.1581004769154776,Container flagged for moderate operational risk due to limited importer shipment history.
79435996,Low,0.03,0.1800354176155896,Container monitored due to night-time declaration activity.
47195087,Low,0.0,0.1488777942771965,Shipment characteristics align with normal operational and behavioral patterns.
94359915,Medium,0.1666666666666666,0.1446525917961868,Container flagged for moderate operational risk due to high cargo value.
33155803,Medium,0.2666666666666666,0.1261472254893778,"Container flagged for moderate operational risk due to high cargo value, limited importer shipment history."
86497916,Low,0.0,0.0522856457201775,Shipment characteristics align with normal operational and behavioral patterns.
65292912,Low,0.0,0.1275709922612089,Shipment characteristics align with normal operational and behavioral patterns.
39796703,Low,0.0,0.1874139002262678,Shipment characteristics align with normal operational and behavioral patterns.
79355417,Low,0.0,0.1633511919820442,Shipment characteristics align with normal operational and behavioral patterns.
73695249,Low,0.0,0.1974764771555427,Shipment characteristics align with normal operational and behavioral patterns.
12827065,Low,0.03,0.158573976101025,Container monitored due to night-time declaration activity.
52210778,Medium,0.1,0.1012475223541094,Container flagged for moderate operational risk due to limited importer shipment history.
61395455,Low,0.0,0.1957029494931202,Shipment characteristics align with normal operational and behavioral patterns.
84393073,Low,0.03,0.0300622450260766,Container monitored due to night-time declaration activity.
70687235,Low,0.0,0.1812230372722297,Shipment characteristics align with normal operational and behavioral patterns.
69373231,Low,0.03,0.1294696503117443,Container monitored due to night-time declaration activity.
59485908,Low,0.0,0.1898664825640578,Shipment characteristics align with normal operational and behavioral patterns.
65920127,Low,0.03,0.1959019196759084,Container monitored due to night-time declaration activity.
56184246,Low,0.0,0.1291139157862135,Shipment characteristics align with normal operational and behavioral patterns.
54409623,Low,0.0,0.1127645726131398,Shipment characteristics align with normal operational and behavioral patterns.
54732257,Low,0.0,0.1769146437199768,Shipment characteristics align with normal operational and behavioral patterns.
61266020,Low,0.03,0.1641079465745796,Container monitored due to night-time declaration activity.
44725348,Low,0.0,0.1335613423570485,Shipment characteristics align with normal operational and behavioral patterns.
87281600,Low,0.0,0.1858321097414746,Shipment characteristics align with normal operational and behavioral patterns.
74011039,Medium,0.2,0.0924227448922809,Container flagged for moderate operational risk due to excessive dwell time.
78682427,Low,0.0,0.1816066553495923,Shipment characteristics align with normal operational and behavioral patterns.
65890927,Low,0.0,0.1560715607681155,Shipment characteristics align with normal operational and behavioral patterns.
88374724,Medium,0.1666666666666666,0.1021077435067593,Container flagged for moderate operational risk due to extremely high cargo value.
88776339,Low,0.03,0.1530147005783312,Container monitored due to night-time declaration activity.
95616652,Low,0.0,0.1931958400101963,Shipment characteristics align with normal operational and behavioral patterns.
48560343,Low,0.0,0.1307758935260051,Shipment characteristics align with normal operational and behavioral patterns.
22403367,Low,0.03,0.1414475417718464,Container monitored due to night-time declaration activity.
24601692,Medium,0.2,0.087113470646271,Container flagged for moderate operational risk due to excessive dwell time.
61600943,Low,0.0,0.2079390649755337,Shipment characteristics align with normal operational and behavioral patterns.
10808195,Low,0.03,0.0747934468331465,Container monitored due to night-time declaration activity.
53765873,Low,0.0,0.1711558489375871,Shipment characteristics align with normal operational and behavioral patterns.
73735220,Low,0.03,0.1679584348159433,Container monitored due to night-time declaration activity.
98874535,Low,0.0,0.2060621824376035,Shipment characteristics align with normal operational and behavioral patterns.
75047786,Low,0.03,0.1464348190796772,Container monitored due to night-time declaration activity.
90767388,Low,0.0,0.1634019133728751,Shipment characteristics align with normal operational and behavioral patterns.
11267025,Low,0.03,0.0901740061294202,Container monitored due to night-time declaration activity.
69132398,Low,0.0,0.1589333162809236,Shipment characteristics align with normal operational and behavioral patterns.
51010701,Low,0.03,0.1508126049168741,Container monitored due to night-time declaration activity.
17577906,Low,0.0,0.1638522249311291,Shipment characteristics align with normal operational and behavioral patterns.
24441403,Low,0.0,0.1369084491271615,Shipment characteristics align with normal operational and behavioral patterns.
75470606,Low,0.0,0.1794253510916722,Shipment characteristics align with normal operational and behavioral patterns.
26412064,Low,0.03,0.1316993044090828,Container monitored due to night-time declaration activity.
69720614,Low,0.03,0.1043894732732411,Container monitored due to night-time declaration activity.
60815918,Low,0.03,0.1820543517487997,Container monitored due to night-time declaration activity.
43262253,Low,0.0,0.1614889405952746,Shipment characteristics align with normal operational and behavioral patterns.
51893192,Low,0.0,0.1459987186304782,Shipment characteristics align with normal operational and behavioral patterns.
86841405,Low,0.0,0.1888878276969171,Shipment characteristics align with normal operational and behavioral patterns.
34368201,Medium,0.1,0.1750273250939599,Container flagged for moderate operational risk due to limited importer shipment history.
43502794,Low,0.03,0.1770301034875579,Container monitored due to night-time declaration activity.
49241212,Low,0.03,0.1416350946050549,Container monitored due to night-time declaration activity.
75312706,Low,0.0,0.1782812329150062,Shipment characteristics align with normal operational and behavioral patterns.
73849772,Low,0.0,0.1954272520183116,Shipment characteristics align with normal operational and behavioral patterns.
19198712,Medium,0.13,0.1611200322239125,"Container flagged for moderate operational risk due to night-time declaration activity, limited importer shipment history."
93793978,Medium,0.1966666666666666,0.1201925740164428,"Container flagged for moderate operational risk due to high cargo value, night-time declaration activity."
15657278,Low,0.0,0.1934191270941681,Shipment characteristics align with normal operational and behavioral patterns.
67637098,Low,0.0,0.1851026205060637,Shipment characteristics align with normal operational and behavioral patterns.
98794104,Low,0.0,0.1867930374666809,Shipment characteristics align with normal operational and behavioral patterns.
99552271,Medium,0.1666666666666666,0.0803163021562698,Container flagged for moderate operational risk due to high cargo value.
27999217,Low,0.03,0.1451840011484105,Container monitored due to night-time declaration activity.
48251471,Medium,0.2,0.135848300206958,Container flagged for moderate operational risk due to excessive dwell time.
91529570,Low,0.0,0.1168975180393263,Shipment characteristics align with normal operational and behavioral patterns.
65816938,Low,0.0,0.184634923126531,Shipment characteristics align with normal operational and behavioral patterns.
94688477,Low,0.03,0.1209302270608999,Container monitored due to night-time declaration activity.
32496572,Low,0.0,0.1790881702209384,Shipment characteristics align with normal operational and behavioral patterns.
47489996,Low,0.0,0.1940413895302642,Shipment characteristics align with normal operational and behavioral patterns.
36286526,Low,0.0,0.1722722304242331,Shipment characteristics align with normal operational and behavioral patterns.
85990270,Low,0.0,0.2006235758662659,Shipment characteristics align with normal operational and behavioral patterns.
69556009,Low,0.03,0.1647639905212697,Container monitored due to night-time declaration activity.
57203997,Low,0.03,0.1440819137264504,Container monitored due to night-time declaration activity.
29228936,Medium,0.1,0.1882887173822705,Container flagged for moderate operational risk due to limited importer shipment history.
12028171,Low,0.0,0.1991564897166547,Shipment characteristics align with normal operational and behavioral patterns.
43371918,Low,0.0,0.1813964253913101,Shipment characteristics align with normal operational and behavioral patterns.
41899009,Low,0.03,0.183268098933025,Container monitored due to night-time declaration activity.
77572421,Low,0.0,0.2075704023476283,Shipment characteristics align with normal operational and behavioral patterns.
65224344,Low,0.0,0.1241374185955808,Shipment characteristics align with normal operational and behavioral patterns.
81429191,Low,0.0,0.0330787862043604,Shipment characteristics align with normal operational and behavioral patterns.
47490370,Low,0.0,0.1848323214211057,Shipment characteristics align with normal operational and behavioral patterns.
73120694,Low,0.03,0.1387822431203917,Container monitored due to night-time declaration activity.
97917372,Low,0.0,0.1944108217269819,Shipment characteristics align with normal operational and behavioral patterns.
87364805,Low,0.0,0.1966188227845656,Shipment characteristics align with normal operational and behavioral patterns.
19486293,Low,0.03,0.1661346961294338,Container monitored due to night-time declaration activity.
95949293,Low,0.0,0.1860101305087059,Shipment characteristics align with normal operational and behavioral patterns.
82266693,Low,0.0,0.1840681337806744,Shipment characteristics align with normal operational and behavioral patterns.
68555310,Medium,0.1666666666666666,0.1423154175560577,Container flagged for moderate operational risk due to high cargo value.
38631262,Low,0.03,0.1711101130341295,Container monitored due to night-time declaration activity.
75038745,Low,0.03,0.11390036763399,Container monitored due to night-time declaration activity.
69152188,Low,0.0,0.1736464648021015,Shipment characteristics align with normal operational and behavioral patterns.
95553334,Medium,0.1,0.1353085769426094,Container flagged for moderate operational risk due to limited importer shipment history.
97507612,Medium,0.13,0.1082753382806331,"Container flagged for moderate operational risk due to night-time declaration activity, limited importer shipment history."
13568709,Low,0.0,0.1982695376357587,Shipment characteristics align with normal operational and behavioral patterns.
53970404,Low,0.0,0.1985338290607541,Shipment characteristics align with normal operational and behavioral patterns.
38384933,Low,0.0,0.1632775244114284,Shipment characteristics align with normal operational and behavioral patterns.
55710329,Low,0.03,0.092532044215805,Container monitored due to night-time declaration activity.
51614419,Low,0.0,0.0324864151097299,Shipment characteristics align with normal operational and behavioral patterns.
98550491,Medium,0.1966666666666666,0.1380897770107123,"Container flagged for moderate operational risk due to high cargo value, night-time declaration activity."
58174369,Low,0.0,0.1951491109801624,Shipment characteristics align with normal operational and behavioral patterns.
91914467,Low,0.0,0.1501152486757315,Shipment characteristics align with normal operational and behavioral patterns.
70494695,Low,0.0,0.2017900375408612,Shipment characteristics align with normal operational and behavioral patterns.
60955487,Medium,0.2299999999999999,0.0704154700864168,"Container flagged for moderate operational risk due to abnormal weight discrepancy, night-time declaration activity."
40984583,Low,0.03,0.158498223093019,Container monitored due to night-time declaration activity.
28887027,Medium,0.13,0.1312183787124033,"Container flagged for moderate operational risk due to night-time declaration activity, limited importer shipment history."
45661849,Medium,0.13,0.1364007886069044,"Container flagged for moderate operational risk due to night-time declaration activity, limited importer shipment history."
85792720,Medium,0.2,0.1329476027737194,Container flagged for moderate operational risk due to excessive dwell time.
97108428,Low,0.03,0.0927018019454554,Container monitored due to night-time declaration activity.
54278685,Low,0.0,0.1724791906020346,Shipment characteristics align with normal operational and behavioral patterns.
35143786,Low,0.0,0.1693289798611463,Shipment characteristics align with normal operational and behavioral patterns.
85458557,Low,0.0,0.1698089045914349,Shipment characteristics align with normal operational and behavioral patterns.
59219841,Low,0.0,0.1921060434062507,Shipment characteristics align with normal operational and behavioral patterns.
86880892,Low,0.0,0.1619080416011432,Shipment characteristics align with normal operational and behavioral patterns.
86217803,Low,0.0,0.1635329356903575,Shipment characteristics align with normal operational and behavioral patterns.
94036828,Low,0.0,0.1548096703050935,Shipment characteristics align with normal operational and behavioral patterns.
48116690,Low,0.03,0.1263426327155726,Container monitored due to night-time declaration activity.
19457037,Low,0.0,0.1475700536305818,Shipment characteristics align with normal operational and behavioral patterns.
12972138,Medium,0.1666666666666666,0.1573765125079479,Container flagged for moderate operational risk due to high cargo value.
15571094,Low,0.03,0.1574034944551358,Container monitored due to night-time declaration activity.
52499756,Low,0.0,0.1502589944346619,Shipment characteristics align with normal operational and behavioral patterns.
12613907,Low,0.0,0.1230438724720027,Shipment characteristics align with normal operational and behavioral patterns.
40619937,Medium,0.2,0.1410535894623129,Container flagged for moderate operational risk due to excessive dwell time.
94443173,Medium,0.1,0.1496340584764507,Container flagged for moderate operational risk due to limited importer shipment history.
90388384,Low,0.0,0.1310905650437409,Shipment characteristics align with normal operational and behavioral patterns.
58605407,Low,0.0,0.1158780526379449,Shipment characteristics align with normal operational and behavioral patterns.
93682515,Low,0.03,0.1724651537288055,Container monitored due to night-time declaration activity.
56200205,Low,0.0,0.1639470430610075,Shipment characteristics align with normal operational and behavioral patterns.
96488331,Low,0.03,0.1353388493262204,Container monitored due to night-time declaration activity.
45417187,Low,0.0,0.158986748101209,Shipment characteristics align with normal operational and behavioral patterns.
42225665,Low,0.0,0.1791576020111873,Shipment characteristics align with normal operational and behavioral patterns.
33361097,Low,0.0,0.1529934827306051,Shipment characteristics align with normal operational and behavioral patterns.
20846278,Low,0.0,0.2103360786889559,Shipment characteristics align with normal operational and behavioral patterns.
98022974,Low,0.0,0.1819512793804797,Shipment characteristics align with normal operational and behavioral patterns.
83480374,Low,0.0,0.1744153570521619,Shipment characteristics align with normal operational and behavioral patterns.
81886860,Low,0.0,0.1862420043764761,Shipment characteristics align with normal operational and behavioral patterns.
28232787,Low,0.0,0.1209548259816217,Shipment characteristics align with normal operational and behavioral patterns.
23986018,Medium,0.1966666666666666,0.1142959647930366,"Container flagged for moderate operational risk due to extremely high cargo value, night-time declaration activity."
44735055,Low,0.0,0.193901050937427,Shipment characteristics align with normal operational and behavioral patterns.
13460915,Low,0.0,0.1073780123991898,Shipment characteristics align with normal operational and behavioral patterns.
93924771,Medium,0.1,0.08249354592159,Container flagged for moderate operational risk due to limited importer shipment history.
86316263,Low,0.03,0.1711843726914148,Container monitored due to night-time declaration activity.
28131450,Low,0.0,0.2012386533780937,Shipment characteristics align with normal operational and behavioral patterns.
63289878,Medium,0.13,0.1477689231589395,"Container flagged for moderate operational risk due to night-time declaration activity, limited importer shipment history."
86570073,Low,0.0,0.1667864930202663,Shipment characteristics align with normal operational and behavioral patterns.
94453722,Low,0.0,0.1773471248867913,Shipment characteristics align with normal operational and behavioral patterns.
51719366,Low,0.03,0.1551025721303297,Container monitored due to night-time declaration activity.
85652301,Medium,0.1,0.1630302074353108,Container flagged for moderate operational risk due to limited importer shipment history.
43170815,Low,0.0,0.1380125892080654,Shipment characteristics align with normal operational and behavioral patterns.
45946935,Low,0.0,0.0787006825235991,Shipment characteristics align with normal operational and behavioral patterns.
84498498,Low,0.0,0.1390892089133177,Shipment characteristics align with normal operational and behavioral patterns.
77350304,Low,0.03,0.1437008952353014,Container monitored due to night-time declaration activity.
46573818,Medium,0.1966666666666666,0.0235711345632795,"Container flagged for moderate operational risk due to high cargo value, night-time declaration activity."
45708150,Medium,0.13,0.1583893135167358,"Container flagged for moderate operational risk due to night-time declaration activity, limited importer shipment history."
23507873,Low,0.0,0.1938823374465307,Shipment characteristics align with normal operational and behavioral patterns.
73356415,Low,0.0,0.168170954503136,Shipment characteristics align with normal operational and behavioral patterns.
76506613,Low,0.03,0.1853885218042035,Container monitored due to night-time declaration activity.
21043640,Low,0.0,0.1553940170615483,Shipment characteristics align with normal operational and behavioral patterns.
70491798,Low,0.0,0.1431773372947852,Shipment characteristics align with normal operational and behavioral patterns.
49267121,Low,0.0,0.1901035998184895,Shipment characteristics align with normal operational and behavioral patterns.
11737942,Low,0.03,0.195238196315763,Container monitored due to night-time declaration activity.
91792247,Low,0.0,0.1622205342463957,Shipment characteristics align with normal operational and behavioral patterns.
59503406,Low,0.0,0.1887302191345958,Shipment characteristics align with normal operational and behavioral patterns.
39472092,Medium,0.13,0.1471589347758845,"Container flagged for moderate operational risk due to night-time declaration activity, limited importer shipment history."
83466907,Low,0.03,0.1199953015442497,Container monitored due to night-time declaration activity.
95609944,Low,0.0,0.1891868386148041,Shipment characteristics align with normal operational and behavioral patterns.
66098024,Low,0.0,0.1641022916141342,Shipment characteristics align with normal operational and behavioral patterns.
42009077,Low,0.0,0.1388267095129016,Shipment characteristics align with normal operational and behavioral patterns.
24188033,Low,0.0,0.2071261181234243,Shipment characteristics align with normal operational and behavioral patterns.
17883591,Low,0.0,-0.0024014268775154,Container monitored due to high anomaly score.
59166065,Medium,0.1966666666666666,0.0254815090771093,"Container flagged for moderate operational risk due to high cargo value, night-time declaration activity."
51774059,Low,0.0,0.1687899924893066,Shipment characteristics align with normal operational and behavioral patterns.
79359239,Low,0.03,0.1612645857716848,Container monitored due to night-time declaration activity.
89486201,Low,0.0,0.1278923697559484,Shipment characteristics align with normal operational and behavioral patterns.
17720145,Low,0.03,0.1527709464424997,Container monitored due to night-time declaration activity.
35872214,Low,0.03,0.162516239996878,Container monitored due to night-time declaration activity.
79830142,Low,0.0,0.1270943868935272,Shipment characteristics align with normal operational and behavioral patterns.
33500181,Low,0.03,0.1630799246663178,Container monitored due to night-time declaration activity.
27527370,Low,0.0,0.043882180116448,Shipment characteristics align with normal operational and behavioral patterns.
94770688,Low,0.0,0.1919995355171898,Shipment characteristics align with normal operational and behavioral patterns.
78755466,Low,0.0,0.167888552305209,Shipment characteristics align with normal operational and behavioral patterns.
29981694,Low,0.0,0.1951893580198088,Shipment characteristics align with normal operational and behavioral patterns.
17409010,Low,0.03,0.184906491377578,Container monitored due to night-time declaration activity.
30462415,Low,0.03,0.1089692603395429,Container monitored due to night-time declaration activity.
22332773,Medium,0.1,0.1701558925373873,Container flagged for moderate operational risk due to limited importer shipment history.
86540798,Low,0.0,0.1614001937748358,Shipment characteristics align with normal operational and behavioral patterns.
42594849,Medium,0.1,0.2063816492690152,Container flagged for moderate operational risk due to limited importer shipment history.
99414434,Low,0.0,0.1877896420042564,Shipment characteristics align with normal operational and behavioral patterns.
40399213,Low,0.0,0.2011892462943799,Shipment characteristics align with normal operational and behavioral patterns.
25487584,Low,0.0,0.1595077296916567,Shipment characteristics align with normal operational and behavioral patterns.
11644408,Low,0.03,0.146167281233002,Container monitored due to night-time declaration activity.
75332966,Low,0.0,0.1409634080273147,Shipment characteristics align with normal operational and behavioral patterns.
52140624,Low,0.0,0.1492333375136643,Shipment characteristics align with normal operational and behavioral patterns.
37564723,Low,0.0,0.1300782788974297,Shipment characteristics align with normal operational and behavioral patterns.
30975420,Low,0.0,0.1195118009504461,Shipment characteristics align with normal operational and behavioral patterns.
37626425,Low,0.0,0.1774116527053927,Shipment characteristics align with normal operational and behavioral patterns.
79269044,Low,0.03,0.1704713703809104,Container monitored due to night-time declaration activity.
50463625,Low,0.0,0.2052033813688734,Shipment characteristics align with normal operational and behavioral patterns.
62486939,Low,0.0,0.1935946395436885,Shipment characteristics align with normal operational and behavioral patterns.
57286314,Low,0.0,0.1911126509688079,Shipment characteristics align with normal operational and behavioral patterns.
98560287,Medium,0.1999999999999999,0.115309672025035,Container flagged for moderate operational risk due to abnormal weight discrepancy.
25040727,Medium,0.2666666666666666,0.1122050970663314,"Container flagged for moderate operational risk due to extremely high cargo value, limited importer shipment history."
29688411,Low,0.0,0.1483101048289343,Shipment characteristics align with normal operational and behavioral patterns.
21763925,Low,0.0,0.1421981987138366,Shipment characteristics align with normal operational and behavioral patterns.
99973934,Low,0.0,0.1403024266535558,Shipment characteristics align with normal operational and behavioral patterns.
10249759,Medium,0.13,0.1404947314348055,"Container flagged for moderate operational risk due to night-time declaration activity, limited importer shipment history."
60207507,Low,0.03,0.171430588733926,Container monitored due to night-time declaration activity.
83031862,Low,0.03,0.1179808714059103,Container monitored due to night-time declaration activity.
29040339,Low,0.0,0.143943204777627,Shipment characteristics align with normal operational and behavioral patterns.
79749626,Critical,0.43,0.0747734143237017,"Container classified as Critical Risk due to abnormal weight discrepancy, excessive dwell time, night-time declaration activity."
68824448,Low,0.0,0.1514113780590229,Shipment characteristics align with normal operational and behavioral patterns.
97492983,Low,0.03,0.1424105640444647,Container monitored due to night-time declaration activity.
33587944,Low,0.03,0.1430664310647267,Container monitored due to night-time declaration activity.
50281324,Medium,0.1,0.1745981685750668,Container flagged for moderate operational risk due to limited importer shipment history.
92795555,Low,0.0,0.1761656996240469,Shipment characteristics align with normal operational and behavioral patterns.
75784659,Low,0.0,0.1826202261415557,Shipment characteristics align with normal operational and behavioral patterns.
46908929,Low,0.0,0.1605635379295039,Shipment characteristics align with normal operational and behavioral patterns.
30282345,Medium,0.2,0.1201874447653776,Container flagged for moderate operational risk due to excessive dwell time.
30431206,Medium,0.2,0.0934274119395545,Container flagged for moderate operational risk due to extreme port dwell duration.
63001666,Critical,0.4,0.0634422115479833,"Container classified as Critical Risk due to abnormal weight discrepancy, excessive dwell time."
84719657,Low,0.0,0.1947452863566663,Shipment characteristics align with normal operational and behavioral patterns.
50722847,Medium,0.2,0.1452257863934575,Container flagged for moderate operational risk due to excessive dwell time.
46361130,Medium,0.1666666666666666,0.0809220091141168,Container flagged for moderate operational risk due to high cargo value.
89719590,Low,0.0,0.1668650483167399,Shipment characteristics align with normal operational and behavioral patterns.
37095639,Low,0.0,0.1231169290839666,Shipment characteristics align with normal operational and behavioral patterns.
59759716,Low,0.03,0.0224361173892814,Container monitored due to night-time declaration activity.
74213108,Low,0.0,0.2007640686778677,Shipment characteristics align with normal operational and behavioral patterns.
79504385,Low,0.0,0.1521183536835445,Shipment characteristics align with normal operational and behavioral patterns.
63082120,Medium,0.1,0.1901358977441531,Container flagged for moderate operational risk due to limited importer shipment history.
48654105,Low,0.0,0.1721446309857696,Shipment characteristics align with normal operational and behavioral patterns.
86673428,Low,0.0,0.1933341859373501,Shipment characteristics align with normal operational and behavioral patterns.
41928676,Medium,0.13,0.1377642516162636,"Container flagged for moderate operational risk due to night-time declaration activity, limited importer shipment history."
51351532,Low,0.0,0.1999183487205456,Shipment characteristics align with normal operational and behavioral patterns.
24507565,Low,0.03,0.1671297529109857,Container monitored due to night-time declaration activity.
11492283,Low,0.0,0.1792235013239521,Shipment characteristics align with normal operational and behavioral patterns.
99185384,Low,0.0,0.1942903110265186,Shipment characteristics align with normal operational and behavioral patterns.
64510224,Low,0.0,0.1257969873673095,Shipment characteristics align with normal operational and behavioral patterns.
47264884,Low,0.0,0.1272750011999589,Shipment characteristics align with normal operational and behavioral patterns.
76314639,Low,0.03,0.1496301549072817,Container monitored due to night-time declaration activity.
45565016,Low,0.0,0.1490457858215446,Shipment characteristics align with normal operational and behavioral patterns.
95402323,Low,0.0,0.1102160396233116,Shipment characteristics align with normal operational and behavioral patterns.
88570302,Low,0.0,0.210474403260997,Shipment characteristics align with normal operational and behavioral patterns.
52455365,Medium,0.2,0.1499842689088112,Container flagged for moderate operational risk due to excessive dwell time.
19621047,Low,0.03,0.1507218057926568,Container monitored due to night-time declaration activity.
82198921,Low,0.0,0.1281029583240764,Shipment characteristics align with normal operational and behavioral patterns.
97488126,Low,0.0,0.1791963037347089,Shipment characteristics align with normal operational and behavioral patterns.
27137162,Low,0.0,0.1701013915825329,Shipment characteristics align with normal operational and behavioral patterns.
71897563,Low,0.0,0.153365103868778,Shipment characteristics align with normal operational and behavioral patterns.
85203975,Low,0.0,0.1631142193851373,Shipment characteristics align with normal operational and behavioral patterns.
97852526,Low,0.0,0.1939744102013627,Shipment characteristics align with normal operational and behavioral patterns.
53289815,Critical,0.35,-0.0771745002844906,"Container classified as Critical Risk due to high anomaly score, severe weight discrepancy, night-time declaration activity."
74846566,Low,0.0,0.1907320099908211,Shipment characteristics align with normal operational and behavioral patterns.
86628716,Low,0.0,0.1858011477202819,Shipment characteristics align with normal operational and behavioral patterns.
13440175,Low,0.03,0.1544668121478802,Container monitored due to night-time declaration activity.
45496694,Low,0.03,0.176037438064152,Container monitored due to night-time declaration activity.
15432208,Low,0.0,0.1255706114587608,Shipment characteristics align with normal operational and behavioral patterns.
62139555,Medium,0.1,0.1868932408635011,Container flagged for moderate operational risk due to limited importer shipment history.
72833556,Low,0.03,0.1925580791234963,Container monitored due to night-time declaration activity.
37381658,Low,0.0,0.0815222968119118,Shipment characteristics align with normal operational and behavioral patterns.
49542671,Low,0.0,0.1376200149411586,Shipment characteristics align with normal operational and behavioral patterns.
35907401,Low,0.0,0.1244728660226813,Shipment characteristics align with normal operational and behavioral patterns.
53895789,Low,0.03,0.1723335988483972,Container monitored due to night-time declaration activity.
75818915,Low,0.0,0.1946271533675513,Shipment characteristics align with normal operational and behavioral patterns.
63144290,Low,0.0,0.152827522078603,Shipment characteristics align with normal operational and behavioral patterns.
35552936,Low,0.03,0.0466674136132893,Container monitored due to night-time declaration activity.
40880142,Medium,0.1666666666666666,0.1320559492410806,Container flagged for moderate operational risk due to high cargo value.
89765425,Low,0.03,0.2021494633658217,Container monitored due to night-time declaration activity.
16521529,Low,0.0,0.1808836527136681,Shipment characteristics align with normal operational and behavioral patterns.
73594182,Low,0.0,0.1878533456445303,Shipment characteristics align with normal operational and behavioral patterns.
77775413,Low,0.0,0.2045702742671855,Shipment characteristics align with normal operational and behavioral patterns.
46821590,Low,0.0,0.1663641253025315,Shipment characteristics align with normal operational and behavioral patterns.
84361459,Medium,0.1,0.1321735929837004,Container flagged for moderate operational risk due to limited importer shipment history.
51133591,Low,0.03,0.1403035592294505,Container monitored due to night-time declaration activity.
63868468,Medium,0.1666666666666666,0.0102684683645604,Container flagged for moderate operational risk due to high cargo value.
65766082,Medium,0.1,0.1755603291991114,Container flagged for moderate operational risk due to limited importer shipment history.
63135229,Low,0.0,0.073970243831603,Shipment characteristics align with normal operational and behavioral patterns.
22624895,Low,0.03,0.0443160039036913,Container monitored due to night-time declaration activity.
94055105,Medium,0.1666666666666666,0.0938403817447734,Container flagged for moderate operational risk due to high cargo value.
34089830,Low,0.03,0.1756948426117213,Container monitored due to night-time declaration activity.
10998664,Low,0.0,0.0931596903340643,Shipment characteristics align with normal operational and behavioral patterns.
26791568,Low,0.03,0.1621297873396511,Container monitored due to night-time declaration activity.
30891581,Critical,0.4,0.0217465030811889,"Container classified as Critical Risk due to abnormal weight discrepancy, extreme port dwell duration."
24002169,Low,0.03,0.1925295413204183,Container monitored due to night-time declaration activity.
88698235,Low,0.0,0.1389661662706996,Shipment characteristics align with normal operational and behavioral patterns.
83217064,Low,0.03,0.1687626434666674,Container monitored due to night-time declaration activity.
56071680,Low,0.0,0.0499450229883201,Shipment characteristics align with normal operational and behavioral patterns.
39948717,Low,0.03,0.1398903452540549,Container monitored due to night-time declaration activity.
30475718,Low,0.0,0.1817441871336254,Shipment characteristics align with normal operational and behavioral patterns.
63543986,Low,0.03,0.1051329280669516,Container monitored due to night-time declaration activity.
20227638,Medium,0.1666666666666666,0.049666867361956,Container flagged for moderate operational risk due to high cargo value.
23674765,Low,0.03,0.1437232336159631,Container monitored due to night-time declaration activity.
67257030,Low,0.0,0.2070532794425365,Shipment characteristics align with normal operational and behavioral patterns.
57240060,Low,0.0,0.1628592548664844,Shipment characteristics align with normal operational and behavioral patterns.
85404520,Critical,0.3,0.1438498050916083,"Container classified as Critical Risk due to excessive dwell time, limited importer shipment history."
14954269,Low,0.0,0.1497325885483708,Shipment characteristics align with normal operational and behavioral patterns.
25329034,Low,0.03,0.1357868832950268,Container monitored due to night-time declaration activity.
54215433,Low,0.0,0.1207186630750795,Shipment characteristics align with normal operational and behavioral patterns.
46618940,Low,0.0,0.2005186735091588,Shipment characteristics align with normal operational and behavioral patterns.
91109384,Low,0.03,0.1807554682653331,Container monitored due to night-time declaration activity.
27269302,Low,0.0,0.1899133813187467,Shipment characteristics align with normal operational and behavioral patterns.
41699171,Low,0.0,0.1484430489196233,Shipment characteristics align with normal operational and behavioral patterns.
31234286,Low,0.0,0.1397517057655988,Shipment characteristics align with normal operational and behavioral patterns.
35345859,Medium,0.2,0.071952167355263,Container flagged for moderate operational risk due to excessive dwell time.
62488836,Low,0.03,0.0438924208430654,Container monitored due to night-time declaration activity.
78499987,Low,0.0,0.1925192819749048,Shipment characteristics align with normal operational and behavioral patterns.
53408225,Low,0.0,0.1647748247827564,Shipment characteristics align with normal operational and behavioral patterns.
69038467,Low,0.03,0.1558149422239825,Container monitored due to night-time declaration activity.
78885789,Low,0.0,0.1356768097970887,Shipment characteristics align with normal operational and behavioral patterns.
24977521,Low,0.0,0.1348210795658625,Shipment characteristics align with normal operational and behavioral patterns.
75086830,Low,0.0,0.1716478503962824,Shipment characteristics align with normal operational and behavioral patterns.
16585885,Low,0.0,0.1626837546310453,Shipment characteristics align with normal operational and behavioral patterns.
85163647,Low,0.0,0.1209031262467986,Shipment characteristics align with normal operational and behavioral patterns.
45999987,Low,0.03,0.195956874756033,Container monitored due to night-time declaration activity.
42838997,Low,0.0,0.1950187674119037,Shipment characteristics align with normal operational and behavioral patterns.
73942763,Low,0.0,0.0726579331113762,Shipment characteristics align with normal operational and behavioral patterns.
90602852,Low,0.0,0.1854371293203688,Shipment characteristics align with normal operational and behavioral patterns.
34090415,Low,0.0,0.1637677154065925,Shipment characteristics align with normal operational and behavioral patterns.
41532783,Medium,0.1666666666666666,0.0041581167669051,Container flagged for moderate operational risk due to extremely high cargo value.
37452033,Low,0.0,0.1640380606147217,Shipment characteristics align with normal operational and behavioral patterns.
38126354,Low,0.0,0.1632560370524544,Shipment characteristics align with normal operational and behavioral patterns.
35761753,Low,0.0,0.1115945701051286,Shipment characteristics align with normal operational and behavioral patterns.
99550377,Medium,0.2299999999999999,0.0425666852011736,"Container flagged for moderate operational risk due to abnormal weight discrepancy, night-time declaration activity."
99196749,Low,0.0,0.1603727894849356,Shipment characteristics align with normal operational and behavioral patterns.
95963996,Low,0.0,0.1923418691855015,Shipment characteristics align with normal operational and behavioral patterns.
75406948,Low,0.03,0.0944029891782308,Container monitored due to night-time declaration activity.
11021278,Low,0.0,0.1866613742017374,Shipment characteristics align with normal operational and behavioral patterns.
84259101,Low,0.0,0.1591657758167311,Shipment characteristics align with normal operational and behavioral patterns.
98919495,Medium,0.1,0.1068133795660254,Container flagged for moderate operational risk due to limited importer shipment history.
75004460,Low,0.0,0.1633065900435437,Shipment characteristics align with normal operational and behavioral patterns.
39352739,Low,0.03,0.1388470276661407,Container monitored due to night-time declaration activity.
92935726,Low,0.0,0.1154919184387828,Shipment characteristics align with normal operational and behavioral patterns.
80533811,Low,0.03,0.081561504299273,Container monitored due to night-time declaration activity.
73041702,Low,0.0,0.1651703023904235,Shipment characteristics align with normal operational and behavioral patterns.
32338384,Low,0.0,0.2096013457545025,Shipment characteristics align with normal operational and behavioral patterns.
29028035,Low,0.0,0.1549802283501928,Shipment characteristics align with normal operational and behavioral patterns.
28820110,Low,0.0,0.1598204529261091,Shipment characteristics align with normal operational and behavioral patterns.
73507597,Low,0.03,0.1413885355682133,Container monitored due to night-time declaration activity.
36063486,Low,0.0,0.1686818844849987,Shipment characteristics align with normal operational and behavioral patterns.
95879631,Low,0.0,0.0422289651751316,Shipment characteristics align with normal operational and behavioral patterns.
25106018,Low,0.0,0.1324673740116109,Shipment characteristics align with normal operational and behavioral patterns.
86370977,Low,0.0,0.161881296775829,Shipment characteristics align with normal operational and behavioral patterns.
89774180,Low,0.0,0.2140008906173882,Shipment characteristics align with normal operational and behavioral patterns.
37913965,Low,0.03,0.1460725335965598,Container monitored due to night-time declaration activity.
59104282,Medium,0.1,0.094028963881859,Container flagged for moderate operational risk due to limited importer shipment history.
54573491,Low,0.0,0.1558866712772416,Shipment characteristics align with normal operational and behavioral patterns.
67189107,Low,0.03,0.1807220233481034,Container monitored due to night-time declaration activity.
65117359,Low,0.0,0.1529858904360388,Shipment characteristics align with normal operational and behavioral patterns.
15867061,Low,0.0,-0.0263480126313849,Container monitored due to high anomaly score.
88903356,Low,0.0,0.1730849513835652,Shipment characteristics align with normal operational and behavioral patterns.
90959901,Low,0.0,0.1610717304594158,Shipment characteristics align with normal operational and behavioral patterns.
16351602,Low,0.03,0.1405129090433181,Container monitored due to night-time declaration activity.
63632968,Low,0.0,0.1307235920235179,Shipment characteristics align with normal operational and behavioral patterns.
30346387,Low,0.03,0.1442458462051624,Container monitored due to night-time declaration activity.
33735442,Low,0.0,0.1090941718698815,Shipment characteristics align with normal operational and behavioral patterns.
62824764,Low,0.0,0.1273550931997928,Shipment characteristics align with normal operational and behavioral patterns.
53141505,Low,0.0,0.1354342291522712,Shipment characteristics align with normal operational and behavioral patterns.
77804678,Low,0.0,0.1748239759003548,Shipment characteristics align with normal operational and behavioral patterns.
85055183,Low,0.0,0.1653191641382702,Shipment characteristics align with normal operational and behavioral patterns.
38948581,Medium,0.1666666666666666,0.1134790414888392,Container flagged for moderate operational risk due to extremely high cargo value.
66055747,Low,0.03,0.157939321999293,Container monitored due to night-time declaration activity.
35220770,Medium,0.1666666666666666,0.0014010494371833,Container flagged for moderate operational risk due to high cargo value.
67444000,Low,0.0,0.168045880232271,Shipment characteristics align with normal operational and behavioral patterns.
48754302,Low,0.0,0.1811476817260142,Shipment characteristics align with normal operational and behavioral patterns.
61284952,Low,0.03,0.1880645795340404,Container monitored due to night-time declaration activity.
41763661,Low,0.03,0.1926349198021396,Container monitored due to night-time declaration activity.
59315591,Low,0.03,0.1086150950546744,Container monitored due to night-time declaration activity.
36451467,Low,0.03,0.1092399096862588,Container monitored due to night-time declaration activity.
65877429,Low,0.03,0.1411013601352939,Container monitored due to night-time declaration activity.
70851737,Medium,0.23,0.1206727964853761,"Container flagged for moderate operational risk due to excessive dwell time, night-time declaration activity."
67429934,Low,0.0,0.1280421432194794,Shipment characteristics align with normal operational and behavioral patterns.
37969374,Low,0.03,0.126791082543262,Container monitored due to night-time declaration activity.
97076479,Low,0.0,0.1656761446215471,Shipment characteristics align with normal operational and behavioral patterns.
97996858,Low,0.0,0.0956486638561395,Shipment characteristics align with normal operational and behavioral patterns.
57066171,Low,0.0,0.1715399934055875,Shipment characteristics align with normal operational and behavioral patterns.
59760689,Low,0.0,0.1844054874023864,Shipment characteristics align with normal operational and behavioral patterns.
55793740,Low,0.0,0.1488599411092854,Shipment characteristics align with normal operational and behavioral patterns.
22459054,Low,0.0,0.1686701971932598,Shipment characteristics align with normal operational and behavioral patterns.
96780854,Medium,0.1,0.1941291950687558,Container flagged for moderate operational risk due to limited importer shipment history.
85831287,Low,0.0,0.159669734480649,Shipment characteristics align with normal operational and behavioral patterns.
77999254,Low,0.0,0.1689551380950003,Shipment characteristics align with normal operational and behavioral patterns.
90528412,Low,0.0,0.1559147959434069,Shipment characteristics align with normal operational and behavioral patterns.
46630707,Low,0.0,0.1885362784214024,Shipment characteristics align with normal operational and behavioral patterns.
81317878,Low,0.0,0.196739657579726,Shipment characteristics align with normal operational and behavioral patterns.
23437148,Low,0.0,0.1634778883559063,Shipment characteristics align with normal operational and behavioral patterns.
87739868,Low,0.0,0.1738733645974403,Shipment characteristics align with normal operational and behavioral patterns.
86285254,Low,0.0,0.2008999506508787,Shipment characteristics align with normal operational and behavioral patterns.
93884468,Low,0.0,0.1844131974183144,Shipment characteristics align with normal operational and behavioral patterns.
55106018,Medium,0.13,0.1852905352791998,"Container flagged for moderate operational risk due to night-time declaration activity, limited importer shipment history."
32715788,Low,0.0,0.1828446707872177,Shipment characteristics align with normal operational and behavioral patterns.
96429988,Low,0.0,0.1537166765054805,Shipment characteristics align with normal operational and behavioral patterns.
12660051,Low,0.0,0.1472481701825049,Shipment characteristics align with normal operational and behavioral patterns.
91685468,Low,0.03,0.0122942051109301,Container monitored due to night-time declaration activity.
63928288,Low,0.03,0.1303103799793064,Container monitored due to night-time declaration activity.
98523565,Low,0.0,0.2025912043063303,Shipment characteristics align with normal operational and behavioral patterns.
82453443,Low,0.0,0.1956716948595532,Shipment characteristics align with normal operational and behavioral patterns.
20798846,Low,0.0,0.1509173214027199,Shipment characteristics align with normal operational and behavioral patterns.
99200151,Low,0.0,0.2075553957388897,Shipment characteristics align with normal operational and behavioral patterns.
39527204,Low,0.03,0.1885454815799694,Container monitored due to night-time declaration activity.
60019793,Low,0.0,0.1935482526006317,Shipment characteristics align with normal operational and behavioral patterns.
49049714,Low,0.0,0.1462077947180962,Shipment characteristics align with normal operational and behavioral patterns.
99963104,Low,0.03,0.0853880354432183,Container monitored due to night-time declaration activity.
91982475,Low,0.03,0.1290101775090749,Container monitored due to night-time declaration activity.
50328723,Medium,0.1666666666666666,0.0193271151765783,Container flagged for moderate operational risk due to high cargo value.
67644628,Low,0.0,0.145469799674054,Shipment characteristics align with normal operational and behavioral patterns.
51960656,Low,0.03,0.1564945920894528,Container monitored due to night-time declaration activity.
98058094,Low,0.03,0.1667513475524568,Container monitored due to night-time declaration activity.
12551631,Low,0.03,0.1647045840417553,Container monitored due to night-time declaration activity.
81586804,Low,0.0,0.0769281510215283,Shipment characteristics align with normal operational and behavioral patterns.
12856755,Low,0.0,0.1811648876391689,Shipment characteristics align with normal operational and behavioral patterns.
21785537,Critical,0.3,0.0963020737306222,"Container classified as Critical Risk due to excessive dwell time, limited importer shipment history."
86199324,Medium,0.2,0.1055431080698088,Container flagged for moderate operational risk due to excessive dwell time.
45218533,Medium,0.1666666666666666,0.0987941311822652,Container flagged for moderate operational risk due to high cargo value.
96515432,Low,0.0,0.1628926181444958,Shipment characteristics align with normal operational and behavioral patterns.
88122428,Low,0.0,0.1167595284451906,Shipment characteristics align with normal operational and behavioral patterns.
43352984,Low,0.0,0.2002646107159101,Shipment characteristics align with normal operational and behavioral patterns.
23449128,Medium,0.1999999999999999,0.1232407707281976,Container flagged for moderate operational risk due to abnormal weight discrepancy.
80143259,Medium,0.23,0.1180591440294885,"Container flagged for moderate operational risk due to excessive dwell time, night-time declaration activity."
74332219,Low,0.0,0.1572780683379017,Shipment characteristics align with normal operational and behavioral patterns.
87741354,Medium,0.1666666666666666,0.0959176142595955,Container flagged for moderate operational risk due to high cargo value.
96365197,Low,0.0,0.1546592089974448,Shipment characteristics align with normal operational and behavioral patterns.
12436018,Low,0.03,0.1418217032096119,Container monitored due to night-time declaration activity.
95545229,Low,0.0,0.1721602317771924,Shipment characteristics align with normal operational and behavioral patterns.
68326814,Critical,0.32,-0.0827854086053181,"Container classified as Critical Risk due to high anomaly score, severe weight discrepancy."
37410294,Low,0.0,0.1400940335032631,Shipment characteristics align with normal operational and behavioral patterns.
45124257,Low,0.0,0.0999792160022193,Shipment characteristics align with normal operational and behavioral patterns.
54970974,Low,0.0,0.1357214659732332,Shipment characteristics align with normal operational and behavioral patterns.
23257570,Medium,0.2666666666666666,0.1145619016191195,"Container flagged for moderate operational risk due to high cargo value, limited importer shipment history."
84102039,Low,0.0,0.1496872130754187,Shipment characteristics align with normal operational and behavioral patterns.
52797157,Medium,0.2,0.1014352208299187,Container flagged for moderate operational risk due to excessive dwell time.
99352728,Low,0.03,0.1402492400356768,Container monitored due to night-time declaration activity.
74981375,Medium,0.1666666666666666,0.1026082829459358,Container flagged for moderate operational risk due to high cargo value.
43082866,Low,0.0,0.1745677717112096,Shipment characteristics align with normal operational and behavioral patterns.
33902421,Low,0.03,0.1150551082707914,Container monitored due to night-time declaration activity.
74461966,Medium,0.1,0.1873340115726706,Container flagged for moderate operational risk due to limited importer shipment history.
56898448,Low,0.0,0.1351638036916773,Shipment characteristics align with normal operational and behavioral patterns.
56738681,Low,0.03,0.0998062223407262,Container monitored due to night-time declaration activity.
72118599,Medium,0.1,0.1759518565934074,Container flagged for moderate operational risk due to limited importer shipment history.
36412513,Low,0.0,0.1763084864515199,Shipment characteristics align with normal operational and behavioral patterns.
98724917,Low,0.0,0.093847778745637,Shipment characteristics align with normal operational and behavioral patterns.
55813887,Low,0.0,0.2018734878556297,Shipment characteristics align with normal operational and behavioral patterns.
90899666,Low,0.0,0.1933024430797724,Shipment characteristics align with normal operational and behavioral patterns.
21956056,Low,0.0,0.1599368019848344,Shipment characteristics align with normal operational and behavioral patterns.
12909559,Low,0.0,0.2041618074867106,Shipment characteristics align with normal operational and behavioral patterns.
23229340,Low,0.03,0.1143897095228031,Container monitored due to night-time declaration activity.
20095946,Low,0.03,0.182973256456443,Container monitored due to night-time declaration activity.
52934796,Low,0.0,0.1814425752175704,Shipment characteristics align with normal operational and behavioral patterns.
39249203,Low,0.0,0.0933196153114108,Shipment characteristics align with normal operational and behavioral patterns.
31678270,Medium,0.13,0.1256509814931283,"Container flagged for moderate operational risk due to night-time declaration activity, limited importer shipment history."
88666014,Low,0.0,0.1779562525992105,Shipment characteristics align with normal operational and behavioral patterns.
43429527,Low,0.0,0.2057178280897039,Shipment characteristics align with normal operational and behavioral patterns.
89363607,Low,0.0,0.1786147040293352,Shipment characteristics align with normal operational and behavioral patterns.
52430162,Low,0.0,0.152287011446751,Shipment characteristics align with normal operational and behavioral patterns.
64162293,Low,0.03,0.1158655881108683,Container monitored due to night-time declaration activity.
64232015,Low,0.0,0.1620444427551865,Shipment characteristics align with normal operational and behavioral patterns.
72987155,Medium,0.13,0.1288612177878672,"Container flagged for moderate operational risk due to night-time declaration activity, limited importer shipment history."
22999552,Low,0.0,0.0833993041500493,Shipment characteristics align with normal operational and behavioral patterns.
27686286,Low,0.0,0.1160007063696297,Shipment characteristics align with normal operational and behavioral patterns.
59426608,Low,0.0,0.1840356150732235,Shipment characteristics align with normal operational and behavioral patterns.
38697352,Low,0.0,0.1329446748937933,Shipment characteristics align with normal operational and behavioral patterns.
38198348,Low,0.0,0.1895223432194199,Shipment characteristics align with normal operational and behavioral patterns.
80594969,Medium,0.1966666666666666,0.126622279064963,"Container flagged for moderate operational risk due to high cargo value, night-time declaration activity."
40161745,Low,0.03,-0.009296805962928,"Container monitored due to high anomaly score, night-time declaration activity."
26329373,Medium,0.1,0.1973584753183724,Container flagged for moderate operational risk due to limited importer shipment history.
82589341,Medium,0.1,0.1748253704208948,Container flagged for moderate operational risk due to limited importer shipment history.
84133134,Medium,0.13,0.1536183706931616,"Container flagged for moderate operational risk due to night-time declaration activity, limited importer shipment history."
82802020,Low,0.0,0.1730525476745845,Shipment characteristics align with normal operational and behavioral patterns.
44312923,Medium,0.1,0.1868981784182957,Container flagged for moderate operational risk due to limited importer shipment history.
55220132,Low,0.0,0.2001046528430218,Shipment characteristics align with normal operational and behavioral patterns.
46326392,Low,0.0,0.1977944691010116,Shipment characteristics align with normal operational and behavioral patterns.
29835182,Low,0.03,0.1509508984317286,Container monitored due to night-time declaration activity.
46887715,Low,0.03,0.1466660442078273,Container monitored due to night-time declaration activity.
78904591,Low,0.0,0.1884544260107071,Shipment characteristics align with normal operational and behavioral patterns.
56160487,Low,0.0,0.1310658241434479,Shipment characteristics align with normal operational and behavioral patterns.
95866984,Low,0.0,0.2029655065432027,Shipment characteristics align with normal operational and behavioral patterns.
69892314,Low,0.0,0.0340833768891668,Shipment characteristics align with normal operational and behavioral patterns.
56299351,Low,0.0,0.2014308261746482,Shipment characteristics align with normal operational and behavioral patterns.
78776626,Low,0.0,0.1621590502520783,Shipment characteristics align with normal operational and behavioral patterns.
85291758,Low,0.03,0.1631811327610948,Container monitored due to night-time declaration activity.
57801003,Low,0.03,0.1823757853670394,Container monitored due to night-time declaration activity.
81879946,Low,0.03,0.1561843985571607,Container monitored due to night-time declaration activity.
14343233,Low,0.0,0.1506286866900545,Shipment characteristics align with normal operational and behavioral patterns.
67132920,Low,0.0,0.1653768861274371,Shipment characteristics align with normal operational and behavioral patterns.
15502707,Low,0.0,0.1181776936711361,Shipment characteristics align with normal operational and behavioral patterns.
65537424,Low,0.03,0.1491070242468858,Container monitored due to night-time declaration activity.
37765508,Low,0.0,0.1796325480366523,Shipment characteristics align with normal operational and behavioral patterns.
54314111,Low,0.03,0.1220720011383963,Container monitored due to night-time declaration activity.
78895168,Low,0.03,0.1576406794960813,Container monitored due to night-time declaration activity.
47048714,Low,0.0,0.159946579480778,Shipment characteristics align with normal operational and behavioral patterns.
56571908,Low,0.03,0.126434792488373,Container monitored due to night-time declaration activity.
57045925,Low,0.03,0.1478595113162787,Container monitored due to night-time declaration activity.
31104019,Low,0.03,0.1667733405054898,Container monitored due to night-time declaration activity.
81186178,Medium,0.1666666666666666,0.1055775265782736,Container flagged for moderate operational risk due to extremely high cargo value.
26533438,Low,0.0,0.1659857405929096,Shipment characteristics align with normal operational and behavioral patterns.
99227443,Low,0.0,0.0455371586282161,Shipment characteristics align with normal operational and behavioral patterns.
69266292,Medium,0.1666666666666666,0.1180509737749341,Container flagged for moderate operational risk due to high cargo value.
92400065,Low,0.0,0.1819621589533922,Shipment characteristics align with normal operational and behavioral patterns.
27897823,Low,0.03,0.126373021653468,Container monitored due to night-time declaration activity.
70113957,Low,0.0,0.1389362577151064,Shipment characteristics align with normal operational and behavioral patterns.
88478464,Low,0.03,0.1769037855267339,Container monitored due to night-time declaration activity.
46491001,Medium,0.1666666666666666,0.1441494776562305,Container flagged for moderate operational risk due to high cargo value.
45299402,Low,0.03,0.1412134432899915,Container monitored due to night-time declaration activity.
42439754,Low,0.0,0.1667085770875919,Shipment characteristics align with normal operational and behavioral patterns.
37385928,Medium,0.1,0.0205240139544718,Container flagged for moderate operational risk due to limited importer shipment history.
36171732,Medium,0.1,0.1378678473707075,Container flagged for moderate operational risk due to limited importer shipment history.
72496958,Low,0.0,0.1978114446560703,Shipment characteristics align with normal operational and behavioral patterns.
35953568,Low,0.03,0.115995843770059,Container monitored due to night-time declaration activity.
69694221,Low,0.03,0.1403109633497214,Container monitored due to night-time declaration activity.
95115055,Low,0.03,0.1521856473274551,Container monitored due to night-time declaration activity.
96933103,Low,0.0,0.1858783570294495,Shipment characteristics align with normal operational and behavioral patterns.
34681864,Low,0.0,0.1767162945638021,Shipment characteristics align with normal operational and behavioral patterns.
93041594,Low,0.0,0.1895642054633169,Shipment characteristics align with normal operational and behavioral patterns.
69365243,Medium,0.1666666666666666,0.1262991502954263,Container flagged for moderate operational risk due to high cargo value.
78749731,Low,0.0,0.2089048670289051,Shipment characteristics align with normal operational and behavioral patterns.
75323025,Critical,0.32,-0.082901656337192,"Container classified as Critical Risk due to high anomaly score, severe weight discrepancy."
60932132,Low,0.0,0.1609359386937385,Shipment characteristics align with normal operational and behavioral patterns.
62017457,Low,0.0,0.1858574335566329,Shipment characteristics align with normal operational and behavioral patterns.
21123737,Medium,0.2,0.1285675293689745,Container flagged for moderate operational risk due to excessive dwell time.
94481777,Critical,0.4,0.0755676258070314,"Container classified as Critical Risk due to abnormal weight discrepancy, excessive dwell time."
72157665,Low,0.0,0.1895347061095826,Shipment characteristics align with normal operational and behavioral patterns.
64799684,Low,0.03,0.1572825375487455,Container monitored due to night-time declaration activity.
64967314,Low,0.03,0.1832632910843925,Container monitored due to night-time declaration activity.
25678207,Low,0.03,0.1739589410259353,Container monitored due to night-time declaration activity.
21515664,Low,0.0,0.1692195645780576,Shipment characteristics align with normal operational and behavioral patterns.
18734203,Low,0.0,0.1837110679157693,Shipment characteristics align with normal operational and behavioral patterns.
15755706,Low,0.03,0.1293290022350826,Container monitored due to night-time declaration activity.
57496156,Low,0.03,0.1622981038553594,Container monitored due to night-time declaration activity.
61952055,Low,0.0,0.1816563232930536,Shipment characteristics align with normal operational and behavioral patterns.
35623330,Low,0.0,0.1838634785987218,Shipment characteristics align with normal operational and behavioral patterns.
94538378,Low,0.0,0.1830812409507405,Shipment characteristics align with normal operational and behavioral patterns.
46550184,Low,0.03,0.1757197457023153,Container monitored due to night-time declaration activity.
32443890,Low,0.0,0.176128102833153,Shipment characteristics align with normal operational and behavioral patterns.
11003494,Critical,0.35,-0.0779641109168514,"Container classified as Critical Risk due to high anomaly score, severe weight discrepancy, night-time declaration activity."
98074303,Low,0.03,0.1411601508058916,Container monitored due to night-time declaration activity.
30994380,Medium,0.13,0.1927332550812925,"Container flagged for moderate operational risk due to night-time declaration activity, limited importer shipment history."
97666205,Low,0.0,0.1600812241699899,Shipment characteristics align with normal operational and behavioral patterns.
75211431,Low,0.0,0.1939813878614958,Shipment characteristics align with normal operational and behavioral patterns.
63195973,Low,0.03,0.095431569442962,Container monitored due to night-time declaration activity.
38051406,Low,0.0,0.1444234344683712,Shipment characteristics align with normal operational and behavioral patterns.
96380511,Low,0.0,0.1328604251251764,Shipment characteristics align with normal operational and behavioral patterns.
35658742,Low,0.0,0.1561680264973142,Shipment characteristics align with normal operational and behavioral patterns.
18441912,Low,0.0,0.1963474559135519,Shipment characteristics align with normal operational and behavioral patterns.
13005167,Medium,0.1,0.1429406027162126,Container flagged for moderate operational risk due to limited importer shipment history.
78667867,Low,0.0,0.1502495867060923,Shipment characteristics align with normal operational and behavioral patterns.
22847754,Low,0.0,0.1456700051344003,Shipment characteristics align with normal operational and behavioral patterns.
82939027,Low,0.0,0.1825937442633523,Shipment characteristics align with normal operational and behavioral patterns.
10908431,Low,0.0,0.1540839020062413,Shipment characteristics align with normal operational and behavioral patterns.
91580002,Low,0.0,0.1772629806006143,Shipment characteristics align with normal operational and behavioral patterns.
46805736,Low,0.0,0.1046499239822295,Shipment characteristics align with normal operational and behavioral patterns.
34705703,Medium,0.2966666666666666,0.0631603563687871,"Container flagged for moderate operational risk due to high cargo value, night-time declaration activity, limited importer shipment history."
59796831,Medium,0.1,0.1523785051251992,Container flagged for moderate operational risk due to limited importer shipment history.
11494012,Low,0.0,0.1790487186107592,Shipment characteristics align with normal operational and behavioral patterns.
34673474,Low,0.0,0.1447208297218032,Shipment characteristics align with normal operational and behavioral patterns.
44029952,Low,0.0,0.0132843823734332,Shipment characteristics align with normal operational and behavioral patterns.
39913995,Medium,0.1666666666666666,0.1526069637476707,Container flagged for moderate operational risk due to high cargo value.
62043948,Low,0.0,0.1908407774315401,Shipment characteristics align with normal operational and behavioral patterns.
37576667,Low,0.0,0.1915622705757139,Shipment characteristics align with normal operational and behavioral patterns.
20733909,Low,0.0,0.0475212796947512,Shipment characteristics align with normal operational and behavioral patterns.
46924835,Low,0.03,0.1610755264188005,Container monitored due to night-time declaration activity.
79133839,Low,0.03,0.1490906895907622,Container monitored due to night-time declaration activity.
42866757,Low,0.0,0.1840101483468664,Shipment characteristics align with normal operational and behavioral patterns.
40856989,Low,0.0,0.1518319386523738,Shipment characteristics align with normal operational and behavioral patterns.
18799243,Medium,0.2,-0.0518581548403297,"Container flagged for moderate operational risk due to high anomaly score, excessive dwell time."
79540203,Low,0.0,0.0120498170549654,Shipment characteristics align with normal operational and behavioral patterns.
53123806,Low,0.03,0.1702633758574816,Container monitored due to night-time declaration activity.
68092000,Medium,0.1,0.1228904696667629,Container flagged for moderate operational risk due to limited importer shipment history.
21342882,Low,0.0,0.1733241181306798,Shipment characteristics align with normal operational and behavioral patterns.
55514251,Medium,0.1,0.1933737407590728,Container flagged for moderate operational risk due to limited importer shipment history.
30572766,Low,0.03,0.1361870978559695,Container monitored due to night-time declaration activity.
62297756,Low,0.0,0.1565538877214747,Shipment characteristics align with normal operational and behavioral patterns.
38145181,Low,0.03,0.1658534119648725,Container monitored due to night-time declaration activity.
94102098,Medium,0.1666666666666666,0.1328741497855672,Container flagged for moderate operational risk due to high cargo value.
31816934,Low,0.0,0.1872293002128588,Shipment characteristics align with normal operational and behavioral patterns.
19037549,Low,0.0,0.1884274438994798,Shipment characteristics align with normal operational and behavioral patterns.
15878080,Medium,0.1,0.1706759086888583,Container flagged for moderate operational risk due to limited importer shipment history.
90395089,Critical,0.32,-0.0815355812120427,"Container classified as Critical Risk due to high anomaly score, severe weight discrepancy."
36070729,Low,0.03,0.1415794419919253,Container monitored due to night-time declaration activity.
87270386,Low,0.0,0.1798016854354525,Shipment characteristics align with normal operational and behavioral patterns.
49287640,Low,0.0,0.186011583323159,Shipment characteristics align with normal operational and behavioral patterns.
19821365,Critical,0.3,0.1235575484475497,"Container classified as Critical Risk due to excessive dwell time, limited importer shipment history."
56499032,Low,0.0,0.1356306759748451,Shipment characteristics align with normal operational and behavioral patterns.
81010415,Medium,0.1,0.1848973895458104,Container flagged for moderate operational risk due to limited importer shipment history.
39797936,Medium,0.1666666666666666,0.0872190398819838,Container flagged for moderate operational risk due to extremely high cargo value.
93452098,Low,0.0,0.1573904988829959,Shipment characteristics align with normal operational and behavioral patterns.
32682440,Low,0.0,0.1757558091579388,Shipment characteristics align with normal operational and behavioral patterns.
72143664,Low,0.0,0.1412701323162377,Shipment characteristics align with normal operational and behavioral patterns.
16358559,Medium,0.1,0.1609984869028711,Container flagged for moderate operational risk due to limited importer shipment history.
96317465,Low,0.0,0.1995487135397155,Shipment characteristics align with normal operational and behavioral patterns.
84744775,Low,0.0,0.1951379588748145,Shipment characteristics align with normal operational and behavioral patterns.
70303537,Medium,0.1,0.1606168612534677,Container flagged for moderate operational risk due to limited importer shipment history.
38135522,Low,0.0,0.1675855822640145,Shipment characteristics align with normal operational and behavioral patterns.
92663568,Low,0.0,0.0287903322967391,Shipment characteristics align with normal operational and behavioral patterns.
81167623,Low,0.0,0.1353839340017875,Shipment characteristics align with normal operational and behavioral patterns.
60940612,Low,0.0,0.2071710303317843,Shipment characteristics align with normal operational and behavioral patterns.
53833185,Low,0.03,0.1981592817538826,Container monitored due to night-time declaration activity.
72136074,Low,0.03,0.1513295775033514,Container monitored due to night-time declaration activity.
62953018,Low,0.0,0.1154816750023657,Shipment characteristics align with normal operational and behavioral patterns.
89847685,Low,0.0,0.0211678428645745,Shipment characteristics align with normal operational and behavioral patterns.
90293936,Low,0.03,0.0932528931914071,Container monitored due to night-time declaration activity.
75080422,Medium,0.2,0.1178471057539123,Container flagged for moderate operational risk due to excessive dwell time.
61941759,Low,0.03,0.1512004415061733,Container monitored due to night-time declaration activity.
79920994,Medium,0.2,0.1445003206912101,Container flagged for moderate operational risk due to excessive dwell time.
77615101,Low,0.0,0.1999553924554221,Shipment characteristics align with normal operational and behavioral patterns.
37341596,Medium,0.1,0.1819548848814824,Container flagged for moderate operational risk due to limited importer shipment history.
24414649,Low,0.03,0.1395216052044053,Container monitored due to night-time declaration activity.
54134478,Medium,0.1,0.0325767837632196,Container flagged for moderate operational risk due to limited importer shipment history.
86042895,Low,0.0,0.1665771073257915,Shipment characteristics align with normal operational and behavioral patterns.
89663978,Low,0.0,0.0398567983386294,Shipment characteristics align with normal operational and behavioral patterns.
96895773,Low,0.0,0.1570446273601713,Shipment characteristics align with normal operational and behavioral patterns.
61293222,Low,0.03,0.163303414953207,Container monitored due to night-time declaration activity.
19011997,Low,0.0,0.2038159535698239,Shipment characteristics align with normal operational and behavioral patterns.
99163753,Medium,0.2,0.0677783847092651,Container flagged for moderate operational risk due to excessive dwell time.
86949114,Low,0.0,0.1953846169802354,Shipment characteristics align with normal operational and behavioral patterns.
24993204,Low,0.03,0.0748384726296139,Container monitored due to night-time declaration activity.
48539772,Low,0.03,0.1376845784152671,Container monitored due to night-time declaration activity.
56922206,Low,0.0,0.1792905348451599,Shipment characteristics align with normal operational and behavioral patterns.
50200526,Low,0.0,0.2028897753723594,Shipment characteristics align with normal operational and behavioral patterns.
33529477,Low,0.0,0.168922834528046,Shipment characteristics align with normal operational and behavioral patterns.
39469607,Low,0.0,0.1966028080981859,Shipment characteristics align with normal operational and behavioral patterns.
72058628,Low,0.0,0.173786856953952,Shipment characteristics align with normal operational and behavioral patterns.
52345210,Medium,0.1666666666666666,-0.0486222996886633,"Container flagged for moderate operational risk due to high anomaly score, extremely high cargo value."
57780820,Low,0.0,0.0257877481760854,Shipment characteristics align with normal operational and behavioral patterns.
71348964,Medium,0.1666666666666666,0.1478358243530472,Container flagged for moderate operational risk due to high cargo value.
40758180,Low,0.0,0.1263544876816801,Shipment characteristics align with normal operational and behavioral patterns.
49582888,Low,0.0,0.145647720290803,Shipment characteristics align with normal operational and behavioral patterns.
60625284,Low,0.0,0.0270348904513131,Shipment characteristics align with normal operational and behavioral patterns.
10225452,Low,0.03,0.1522298269631427,Container monitored due to night-time declaration activity.
34513899,Low,0.03,0.1536715251911408,Container monitored due to night-time declaration activity.
24628188,Low,0.03,0.1476103977913843,Container monitored due to night-time declaration activity.
51919843,Low,0.0,0.1321092051826515,Shipment characteristics align with normal operational and behavioral patterns.
28417610,Critical,0.32,-0.0836726686909447,"Container classified as Critical Risk due to high anomaly score, severe weight discrepancy."
58926365,Medium,0.1666666666666666,0.1228702988988951,Container flagged for moderate operational risk due to high cargo value.
16058450,Low,0.0,0.1828042558593535,Shipment characteristics align with normal operational and behavioral patterns.
88064895,Low,0.0,0.1092156639140636,Shipment characteristics align with normal operational and behavioral patterns.
68087410,Low,0.03,0.1103979263993397,Container monitored due to night-time declaration activity.
46047317,Low,0.0,0.1429540710513843,Shipment characteristics align with normal operational and behavioral patterns.
26561771,Low,0.03,0.1658106106368839,Container monitored due to night-time declaration activity.
77185813,Low,0.0,0.0214788891587001,Shipment characteristics align with normal operational and behavioral patterns.
10445645,Low,0.0,0.1601468679381541,Shipment characteristics align with normal operational and behavioral patterns.
13146195,Low,0.0,0.1054718149956202,Shipment characteristics align with normal operational and behavioral patterns.
39897010,Low,0.03,0.0157474340392175,Container monitored due to night-time declaration activity.
88746309,Low,0.0,0.1791978547529584,Shipment characteristics align with normal operational and behavioral patterns.
92416105,Low,0.0,0.1762980326358161,Shipment characteristics align with normal operational and behavioral patterns.
78171579,Low,0.0,0.1978442764236356,Shipment characteristics align with normal operational and behavioral patterns.
73584428,Low,0.0,0.1189104086570396,Shipment characteristics align with normal operational and behavioral patterns.
78765355,Medium,0.1966666666666666,0.0866236399184536,"Container flagged for moderate operational risk due to extremely high cargo value, night-time declaration activity."
91451065,Low,0.03,0.181605712503125,Container monitored due to night-time declaration activity.
74298802,Low,0.0,0.1901409271220998,Shipment characteristics align with normal operational and behavioral patterns.
91194195,Low,0.03,0.1565360046126084,Container monitored due to night-time declaration activity.
67738060,Critical,0.32,-0.104723722853945,"Container classified as Critical Risk due to high anomaly score, severe weight discrepancy."
87179752,Low,0.0,0.158131503458574,Shipment characteristics align with normal operational and behavioral patterns.
39613866,Low,0.0,0.1149831983535009,Shipment characteristics align with normal operational and behavioral patterns.
95049032,Medium,0.1,0.162589719565391,Container flagged for moderate operational risk due to limited importer shipment history.
71071507,Low,0.0,0.1852874970630328,Shipment characteristics align with normal operational and behavioral patterns.
15171780,Low,0.0,0.1537389793187932,Shipment characteristics align with normal operational and behavioral patterns.
55508970,Medium,0.1966666666666666,0.1138421010660395,"Container flagged for moderate operational risk due to high cargo value, night-time declaration activity."
18016813,Medium,0.1666666666666666,0.0237421205814792,Container flagged for moderate operational risk due to high cargo value.
30539752,Low,0.03,0.1579886665437582,Container monitored due to night-time declaration activity.
45002946,Medium,0.2666666666666666,0.1408682018526962,"Container flagged for moderate operational risk due to high cargo value, limited importer shipment history."
22715441,Medium,0.1666666666666666,0.1446680675330586,Container flagged for moderate operational risk due to high cargo value.
92772250,Low,0.0,0.1750484299666561,Shipment characteristics align with normal operational and behavioral patterns.
17311513,Low,0.03,0.1837924868011304,Container monitored due to night-time declaration activity.
57255719,Low,0.0,0.1605617914044329,Shipment characteristics align with normal operational and behavioral patterns.
53781570,Low,0.0,0.1017942565016761,Shipment characteristics align with normal operational and behavioral patterns.
78557683,Critical,0.4,0.0365108274360596,"Container classified as Critical Risk due to abnormal weight discrepancy, extreme port dwell duration."
97603090,Low,0.0,0.2066689110386704,Shipment characteristics align with normal operational and behavioral patterns.
85525329,Low,0.0,0.1195189339567593,Shipment characteristics align with normal operational and behavioral patterns.
13511512,Low,0.0,0.1369627690925103,Shipment characteristics align with normal operational and behavioral patterns.
25404232,Low,0.0,0.1933765502633071,Shipment characteristics align with normal operational and behavioral patterns.
27068379,Low,0.0,0.1815603444389291,Shipment characteristics align with normal operational and behavioral patterns.
28703195,Low,0.0,0.1495758151325438,Shipment characteristics align with normal operational and behavioral patterns.
12085669,Low,0.03,0.2032293890575682,Container monitored due to night-time declaration activity.
92436502,Low,0.0,-0.0018394863111724,Container monitored due to high anomaly score.
65678948,Low,0.0,0.1440375683205515,Shipment characteristics align with normal operational and behavioral patterns.
85301309,Low,0.0,0.1527907709712118,Shipment characteristics align with normal operational and behavioral patterns.
74183196,Medium,0.1,0.1234870272790572,Container flagged for moderate operational risk due to limited importer shipment history.
14494712,Low,0.03,0.1293770028214203,Container monitored due to night-time declaration activity.
87805758,Low,0.0,0.1377394227844393,Shipment characteristics align with normal operational and behavioral patterns.
99290248,Low,0.03,0.1912789144144453,Container monitored due to night-time declaration activity.
21407976,Low,0.03,0.1996805195431438,Container monitored due to night-time declaration activity.
80815646,Low,0.0,0.1088547367549874,Shipment characteristics align with normal operational and behavioral patterns.
77286758,Low,0.03,0.0669601491229329,Container monitored due to night-time declaration activity.
26258497,Low,0.0,0.1593481980464244,Shipment characteristics align with normal operational and behavioral patterns.
43365777,Low,0.0,0.1903832936052664,Shipment characteristics align with normal operational and behavioral patterns.
93512744,Low,0.0,0.1951594840975947,Shipment characteristics align with normal operational and behavioral patterns.
52603806,Low,0.0,0.1525038205751767,Shipment characteristics align with normal operational and behavioral patterns.
18913481,Low,0.0,0.0338738173613764,Shipment characteristics align with normal operational and behavioral patterns.
39750177,Medium,0.1999999999999999,0.1129023377592012,Container flagged for moderate operational risk due to abnormal weight discrepancy.
10149118,Low,0.03,0.139891866968276,Container monitored due to night-time declaration activity.
95767783,Medium,0.1,0.1559995141673621,Container flagged for moderate operational risk due to limited importer shipment history.
85473364,Low,0.0,0.1060923811159127,Shipment characteristics align with normal operational and behavioral patterns.
78071056,Low,0.0,0.1743841341513822,Shipment characteristics align with normal operational and behavioral patterns.
12480877,Low,0.03,0.1386779388228556,Container monitored due to night-time declaration activity.
88664735,Low,0.0,0.1692899828979265,Shipment characteristics align with normal operational and behavioral patterns.
15107482,Low,0.03,0.1634558649228767,Container monitored due to night-time declaration activity.
68363494,Low,0.0,0.0960534643992997,Shipment characteristics align with normal operational and behavioral patterns.
76565761,Low,0.0,0.1971433167510962,Shipment characteristics align with normal operational and behavioral patterns.
94109244,Low,0.03,0.14633309550425,Container monitored due to night-time declaration activity.
86827628,Low,0.0,0.189629469126657,Shipment characteristics align with normal operational and behavioral patterns.
14396049,Medium,0.1,0.1646652544297567,Container flagged for moderate operational risk due to limited importer shipment history.
24543520,Low,0.0,0.1788601851919315,Shipment characteristics align with normal operational and behavioral patterns.
81150357,Low,0.03,0.1537528468641975,Container monitored due to night-time declaration activity.
92019518,Low,0.0,0.0496894241381588,Shipment characteristics align with normal operational and behavioral patterns.
44211892,Medium,0.2,0.1045460453588917,Container flagged for moderate operational risk due to excessive dwell time.
50892361,Low,0.0,0.181650793907743,Shipment characteristics align with normal operational and behavioral patterns.
57340159,Low,0.0,0.1881705117203949,Shipment characteristics align with normal operational and behavioral patterns.
84769095,Low,0.0,0.0433584263476769,Shipment characteristics align with normal operational and behavioral patterns.
57094466,Critical,0.35,-0.0760434044740272,"Container classified as Critical Risk due to high anomaly score, severe weight discrepancy, night-time declaration activity."
76048150,Low,0.0,0.1845934063131296,Shipment characteristics align with normal operational and behavioral patterns.
32620169,Low,0.0,0.0975297711465176,Shipment characteristics align with normal operational and behavioral patterns.
58426206,Low,0.03,0.1417353911910015,Container monitored due to night-time declaration activity.
85666994,Low,0.0,0.1565221702011037,Shipment characteristics align with normal operational and behavioral patterns.
34815065,Low,0.0,0.1426655199251918,Shipment characteristics align with normal operational and behavioral patterns.
23394369,Medium,0.2,0.1307529497132381,Container flagged for moderate operational risk due to excessive dwell time.
97666442,Low,0.0,0.2095344977739108,Shipment characteristics align with normal operational and behavioral patterns.
17978959,Low,0.0,0.1971408205255446,Shipment characteristics align with normal operational and behavioral patterns.
51459829,Low,0.0,0.0062197098287983,Shipment characteristics align with normal operational and behavioral patterns.
50954253,Low,0.03,0.1939170773557967,Container monitored due to night-time declaration activity.
46600596,Low,0.0,0.1746504403716279,Shipment characteristics align with normal operational and behavioral patterns.
25141518,Low,0.0,0.0565237340946346,Shipment characteristics align with normal operational and behavioral patterns.
60535882,Low,0.0,0.1710708737226258,Shipment characteristics align with normal operational and behavioral patterns.
40849132,Low,0.0,0.1463256903429937,Shipment characteristics align with normal operational and behavioral patterns.
95812188,Low,0.0,0.2021488953493394,Shipment characteristics align with normal operational and behavioral patterns.
98743203,Low,0.0,0.1727111644246108,Shipment characteristics align with normal operational and behavioral patterns.
16248519,Medium,0.1666666666666666,0.0288789326070775,Container flagged for moderate operational risk due to extremely high cargo value.
37730267,Low,0.0,0.1946261938967911,Shipment characteristics align with normal operational and behavioral patterns.
89238147,Low,0.0,0.1882498217878461,Shipment characteristics align with normal operational and behavioral patterns.
38567773,Low,0.0,0.193778228774169,Shipment characteristics align with normal operational and behavioral patterns.
10026078,Low,0.0,0.1485038168448015,Shipment characteristics align with normal operational and behavioral patterns.
67143363,Medium,0.1666666666666666,0.1470041430926618,Container flagged for moderate operational risk due to high cargo value.
78529292,Medium,0.23,0.1056722755833963,"Container flagged for moderate operational risk due to excessive dwell time, night-time declaration activity."
79069466,Low,0.03,0.1743091033720688,Container monitored due to night-time declaration activity.
16137986,Low,0.03,0.1172903524454787,Container monitored due to night-time declaration activity.
27400724,Low,0.03,0.1762760086231138,Container monitored due to night-time declaration activity.
99466887,Low,0.03,0.1492502865353602,Container monitored due to night-time declaration activity.
96452257,Low,0.0,0.0493688032535083,Shipment characteristics align with normal operational and behavioral patterns.
46540898,Low,0.03,0.1204490445474814,Container monitored due to night-time declaration activity.
91925509,Low,0.0,0.1754036034984573,Shipment characteristics align with normal operational and behavioral patterns.
37647685,Low,0.0,0.1408408367468523,Shipment characteristics align with normal operational and behavioral patterns.
18608713,Critical,0.32,-0.0768575340846673,"Container classified as Critical Risk due to high anomaly score, severe weight discrepancy."
16087457,Low,0.0,0.142017032693847,Shipment characteristics align with normal operational and behavioral patterns.
87264950,Low,0.0,0.1606885740461275,Shipment characteristics align with normal operational and behavioral patterns.
81432551,Low,0.03,0.1105512549267287,Container monitored due to night-time declaration activity.
72490514,Low,0.0,0.1927809780893664,Shipment characteristics align with normal operational and behavioral patterns.
56547260,Low,0.0,0.1275082808854395,Shipment characteristics align with normal operational and behavioral patterns.
32121702,Low,0.0,0.1991671101193484,Shipment characteristics align with normal operational and behavioral patterns.
46123990,Low,0.0,0.1004651317697464,Shipment characteristics align with normal operational and behavioral patterns.
61243543,Low,0.03,0.1689114904829664,Container monitored due to night-time declaration activity.
51481473,Critical,0.32,-0.1232373974146416,"Container classified as Critical Risk due to high anomaly score, severe weight discrepancy."
52432991,Low,0.03,0.1230193667703916,Container monitored due to night-time declaration activity.
16567132,Low,0.0,0.1882048125251729,Shipment characteristics align with normal operational and behavioral patterns.
59139687,Medium,0.1999999999999999,0.1364971674520491,Container flagged for moderate operational risk due to abnormal weight discrepancy.
65550527,Low,0.0,0.1545699373864986,Shipment characteristics align with normal operational and behavioral patterns.
51373384,Low,0.03,0.0549955244311664,Container monitored due to night-time declaration activity.
43687375,Medium,0.1666666666666666,0.0087778494828549,Container flagged for moderate operational risk due to extremely high cargo value.
10446340,Medium,0.1666666666666666,-0.000933232146695,"Container flagged for moderate operational risk due to high anomaly score, high cargo value."
69828832,Low,0.03,0.1205596587577944,Container monitored due to night-time declaration activity.
45529424,Low,0.0,0.2007442693226301,Shipment characteristics align with normal operational and behavioral patterns.
13528971,Low,0.0,0.1639328567569141,Shipment characteristics align with normal operational and behavioral patterns.
91587432,Low,0.03,0.1434317112919352,Container monitored due to night-time declaration activity.
16811005,Low,0.0,0.1024315020853247,Shipment characteristics align with normal operational and behavioral patterns.
94332747,Low,0.0,0.0759505043150061,Shipment characteristics align with normal operational and behavioral patterns.
74681078,Low,0.0,0.164588395420439,Shipment characteristics align with normal operational and behavioral patterns.
21380704,Low,0.0,0.1661821087323483,Shipment characteristics align with normal operational and behavioral patterns.
31204637,Low,0.0,0.1681961670602455,Shipment characteristics align with normal operational and behavioral patterns.
89414468,Low,0.0,0.1484789965492419,Shipment characteristics align with normal operational and behavioral patterns.
54064962,Low,0.0,0.0253533912313022,Shipment characteristics align with normal operational and behavioral patterns.
75501074,Low,0.0,0.1724200120247339,Shipment characteristics align with normal operational and behavioral patterns.
48888572,Low,0.0,0.1876775155685118,Shipment characteristics align with normal operational and behavioral patterns.
34789083,Low,0.0,0.1434023963503211,Shipment characteristics align with normal operational and behavioral patterns.
89551588,Low,0.0,0.2050146522100726,Shipment characteristics align with normal operational and behavioral patterns.
73871366,Low,0.0,0.1739835113437972,Shipment characteristics align with normal operational and behavioral patterns.
70806869,Low,0.0,0.1617534271943093,Shipment characteristics align with normal operational and behavioral patterns.
74432510,Medium,0.1966666666666666,-0.1222891270021907,"Container flagged for moderate operational risk due to high anomaly score, high cargo value, night-time declaration activity."
34518929,Low,0.0,0.0907734621250908,Shipment characteristics align with normal operational and behavioral patterns.
65191299,Low,0.03,0.1602251723638686,Container monitored due to night-time declaration activity.
61629171,Medium,0.1,0.1892731545746981,Container flagged for moderate operational risk due to limited importer shipment history.
72436404,Medium,0.1,0.1808211086485031,Container flagged for moderate operational risk due to limited importer shipment history.
35707939,Low,0.03,0.1583473399815375,Container monitored due to night-time declaration activity.
71891639,Medium,0.2,0.1363045665046571,Container flagged for moderate operational risk due to excessive dwell time.
83732910,Medium,0.1666666666666666,-0.0637842165944465,"Container flagged for moderate operational risk due to high anomaly score, high cargo value."
88739633,Medium,0.1,0.1955033346352827,Container flagged for moderate operational risk due to limited importer shipment history.
90454296,Low,0.0,0.1643147249232599,Shipment characteristics align with normal operational and behavioral patterns.
20333814,Low,0.0,0.1575871725365306,Shipment characteristics align with normal operational and behavioral patterns.
28748346,Medium,0.1966666666666666,0.0021837562302764,"Container flagged for moderate operational risk due to extremely high cargo value, night-time declaration activity."
62072858,Low,0.03,0.0893048668498761,Container monitored due to night-time declaration activity.
12146372,Low,0.0,0.1793433251835868,Shipment characteristics align with normal operational and behavioral patterns.
48250923,Low,0.0,0.2033801588737164,Shipment characteristics align with normal operational and behavioral patterns.
56373837,Medium,0.1666666666666666,0.1365517100122253,Container flagged for moderate operational risk due to high cargo value.
96693967,Low,0.0,0.1615536594865932,Shipment characteristics align with normal operational and behavioral patterns.
87187414,Low,0.0,0.1847660595001714,Shipment characteristics align with normal operational and behavioral patterns.
54564034,Low,0.0,0.1723355558153869,Shipment characteristics align with normal operational and behavioral patterns.
74360612,Low,0.03,0.1155565415384128,Container monitored due to night-time declaration activity.
46029894,Low,0.0,-0.0255245533630563,Container monitored due to high anomaly score.
86752373,Low,0.0,0.0409937845611485,Shipment characteristics align with normal operational and behavioral patterns.
15817544,Low,0.0,0.2015171193936596,Shipment characteristics align with normal operational and behavioral patterns.
20979436,Low,0.03,0.1048830853344253,Container monitored due to night-time declaration activity.
59457733,Low,0.0,0.1778400506517538,Shipment characteristics align with normal operational and behavioral patterns.
52854628,Low,0.0,0.1761929626739352,Shipment characteristics align with normal operational and behavioral patterns.
76892016,Low,0.0,0.1982137043853274,Shipment characteristics align with normal operational and behavioral patterns.
47659801,Low,0.0,0.1791270969686412,Shipment characteristics align with normal operational and behavioral patterns.
68478531,Medium,0.1966666666666666,0.1225133935850893,"Container flagged for moderate operational risk due to high cargo value, night-time declaration activity."
89388427,Low,0.03,0.1483800766235651,Container monitored due to night-time declaration activity.
11593975,Low,0.0,0.138874446441132,Shipment characteristics align with normal operational and behavioral patterns.
20476287,Low,0.0,0.2020921429134559,Shipment characteristics align with normal operational and behavioral patterns.
78610867,Low,0.0,0.1898519031460853,Shipment characteristics align with normal operational and behavioral patterns.
72038970,Low,0.03,-0.0180703457723135,"Container monitored due to high anomaly score, night-time declaration activity."
32694832,Low,0.0,0.1544064792028891,Shipment characteristics align with normal operational and behavioral patterns.
83875921,Low,0.03,0.1635547095947785,Container monitored due to night-time declaration activity.
90103433,Low,0.0,0.1655428928820211,Shipment characteristics align with normal operational and behavioral patterns.
98813627,Low,0.0,0.1717126722290245,Shipment characteristics align with normal operational and behavioral patterns.
32155078,Low,0.0,0.168079237549288,Shipment characteristics align with normal operational and behavioral patterns.
26246618,Low,0.03,0.1786443488529722,Container monitored due to night-time declaration activity.
91417102,Medium,0.1666666666666666,0.1110603288939688,Container flagged for moderate operational risk due to high cargo value.
67583711,Low,0.0,0.0108765052089222,Shipment characteristics align with normal operational and behavioral patterns.
97285438,Low,0.03,0.1725693904366475,Container monitored due to night-time declaration activity.
14139257,Low,0.03,0.1309117671791319,Container monitored due to night-time declaration activity.
97674942,Low,0.0,0.1719166003816629,Shipment characteristics align with normal operational and behavioral patterns.
86609728,Low,0.0,0.1839661805112893,Shipment characteristics align with normal operational and behavioral patterns.
10311085,Low,0.03,0.1686554903983594,Container monitored due to night-time declaration activity.
72527601,Low,0.0,0.0928587223490021,Shipment characteristics align with normal operational and behavioral patterns.
59628357,Critical,0.32,-0.0901646471430093,"Container classified as Critical Risk due to high anomaly score, severe weight discrepancy."
82453135,Low,0.0,0.1672205278518361,Shipment characteristics align with normal operational and behavioral patterns.
22625744,Low,0.03,0.1525522867442807,Container monitored due to night-time declaration activity.
60952148,Low,0.03,0.1754778816147694,Container monitored due to night-time declaration activity.
56717889,Medium,0.1,0.1798629907252514,Container flagged for moderate operational risk due to limited importer shipment history.
74638792,Low,0.0,0.1890933109165612,Shipment characteristics align with normal operational and behavioral patterns.
88989098,Low,0.03,0.1802957115060527,Container monitored due to night-time declaration activity.
94884287,Medium,0.1666666666666666,0.1293251207444274,Container flagged for moderate operational risk due to high cargo value.
57561266,Medium,0.13,0.1466856479457696,"Container flagged for moderate operational risk due to night-time declaration activity, limited importer shipment history."
15165991,Low,0.0,0.1691440865937376,Shipment characteristics align with normal operational and behavioral patterns.
43946862,Low,0.0,0.1587846413986985,Shipment characteristics align with normal operational and behavioral patterns.
83391011,Low,0.0,0.1175662398195645,Shipment characteristics align with normal operational and behavioral patterns.
37737290,Low,0.03,0.1800017840368902,Container monitored due to night-time declaration activity.
23417250,Low,0.0,0.1347492568887329,Shipment characteristics align with normal operational and behavioral patterns.
32075591,Low,0.03,0.1706880007087308,Container monitored due to night-time declaration activity.
37117054,Low,0.03,0.1823393182556852,Container monitored due to night-time declaration activity.
61551126,Low,0.0,0.1657429997065188,Shipment characteristics align with normal operational and behavioral patterns.
17901279,Low,0.0,0.1596713796738648,Shipment characteristics align with normal operational and behavioral patterns.
65437265,Low,0.0,0.1607591740694924,Shipment characteristics align with normal operational and behavioral patterns.
63020273,Low,0.0,0.1276637572475955,Shipment characteristics align with normal operational and behavioral patterns.
69925411,Low,0.03,0.186434593262329,Container monitored due to night-time declaration activity.
49667809,Low,0.03,0.14578882591192,Container monitored due to night-time declaration activity.
61681255,Low,0.0,0.1818604506881249,Shipment characteristics align with normal operational and behavioral patterns.
84715078,Low,0.0,0.1839095016859312,Shipment characteristics align with normal operational and behavioral patterns.
53671633,Low,0.0,0.1833997243444808,Shipment characteristics align with normal operational and behavioral patterns.
54631894,Low,0.03,0.1843327417862287,Container monitored due to night-time declaration activity.
19947746,Low,0.0,0.160582304959997,Shipment characteristics align with normal operational and behavioral patterns.
78521138,Low,0.03,0.18578829685255,Container monitored due to night-time declaration activity.
33483442,Low,0.03,0.1737627876234329,Container monitored due to night-time declaration activity.
14449449,Low,0.0,0.1984732322188016,Shipment characteristics align with normal operational and behavioral patterns.
54821289,Low,0.0,0.1754839014310222,Shipment characteristics align with normal operational and behavioral patterns.
32937053,Low,0.0,0.1822698958826661,Shipment characteristics align with normal operational and behavioral patterns.
60408216,Low,0.0,0.1927405743619753,Shipment characteristics align with normal operational and behavioral patterns.
41909812,Low,0.03,0.1978260823393544,Container monitored due to night-time declaration activity.
26230894,Low,0.0,0.1941680311557743,Shipment characteristics align with normal operational and behavioral patterns.
91360521,Low,0.0,0.1427314267303528,Shipment characteristics align with normal operational and behavioral patterns.
13502187,Low,0.0,0.1740405363740778,Shipment characteristics align with normal operational and behavioral patterns.
17293326,Low,0.03,0.1281571584736612,Container monitored due to night-time declaration activity.
88450963,Low,0.03,0.0861784813315529,Container monitored due to night-time declaration activity.
58457071,Low,0.03,0.0923997457193144,Container monitored due to night-time declaration activity.
86758036,Low,0.0,0.1877332015144411,Shipment characteristics align with normal operational and behavioral patterns.
41446367,Low,0.0,0.1658278809596774,Shipment characteristics align with normal operational and behavioral patterns.
61102981,Medium,0.1999999999999999,0.1042933917719094,Container flagged for moderate operational risk due to abnormal weight discrepancy.
31603419,Low,0.0,0.1792686053138513,Shipment characteristics align with normal operational and behavioral patterns.
44735039,Critical,0.33,0.0254906712231406,"Container classified as Critical Risk due to excessive dwell time, night-time declaration activity, limited importer shipment history."
98477057,Low,0.0,0.1657193767224965,Shipment characteristics align with normal operational and behavioral patterns.
59681817,Low,0.0,0.1167670851380112,Shipment characteristics align with normal operational and behavioral patterns.
35000704,Low,0.0,0.1532501017923604,Shipment characteristics align with normal operational and behavioral patterns.
53454946,Low,0.0,0.1678288665163916,Shipment characteristics align with normal operational and behavioral patterns.
87092489,Low,0.03,0.0589915251528416,Container monitored due to night-time declaration activity.
43132194,Medium,0.2966666666666666,-0.0033676726710022,"Container flagged for moderate operational risk due to high anomaly score, extremely high cargo value, night-time declaration activity."
48810359,Low,0.0,0.1480281671750785,Shipment characteristics align with normal operational and behavioral patterns.
66612413,Low,0.03,0.1564945705061975,Container monitored due to night-time declaration activity.
87277538,Low,0.0,0.1890037438648801,Shipment characteristics align with normal operational and behavioral patterns.
41979313,Low,0.0,0.170206858646377,Shipment characteristics align with normal operational and behavioral patterns.
56637898,Low,0.0,0.1158560238445285,Shipment characteristics align with normal operational and behavioral patterns.
18167344,Low,0.0,0.1629942337791963,Shipment characteristics align with normal operational and behavioral patterns.
14881340,Low,0.03,0.1672942913086681,Container monitored due to night-time declaration activity.
33549761,Medium,0.23,0.0393340083432064,"Container flagged for moderate operational risk due to excessive dwell time, night-time declaration activity."
56410126,Medium,0.1,0.1040775540509743,Container flagged for moderate operational risk due to limited importer shipment history.
71254683,Medium,0.1999999999999999,0.1011282619509467,Container flagged for moderate operational risk due to abnormal weight discrepancy.
21469470,Medium,0.1666666666666666,0.1023203204766417,Container flagged for moderate operational risk due to high cargo value.
83851678,Low,0.0,0.1391629751492266,Shipment characteristics align with normal operational and behavioral patterns.
65202695,Low,0.0,0.0986987716717496,Shipment characteristics align with normal operational and behavioral patterns.
97405824,Low,0.0,0.1640408294422911,Shipment characteristics align with normal operational and behavioral patterns.
32837535,Low,0.0,0.1795929635396483,Shipment characteristics align with normal operational and behavioral patterns.
21273630,Low,0.0,0.014604190554762,Shipment characteristics align with normal operational and behavioral patterns.
53862999,Low,0.0,0.131693277683794,Shipment characteristics align with normal operational and behavioral patterns.
56907591,Low,0.0,0.1250010535591495,Shipment characteristics align with normal operational and behavioral patterns.
18058658,Low,0.03,0.1764805387519011,Container monitored due to night-time declaration activity.
14319953,Medium,0.2,0.0898550942029254,Container flagged for moderate operational risk due to excessive dwell time.
56378161,Low,0.03,0.125950750369237,Container monitored due to night-time declaration activity.
22376221,Low,0.0,0.1812348452037202,Shipment characteristics align with normal operational and behavioral patterns.
57587669,Low,0.0,-0.0101604185822277,Container monitored due to high anomaly score.
78122305,Low,0.0,0.1596983332537318,Shipment characteristics align with normal operational and behavioral patterns.
40916430,Critical,0.32,-0.1315515643148104,"Container classified as Critical Risk due to high anomaly score, severe weight discrepancy."
10397360,Medium,0.1666666666666666,0.0709529000567745,Container flagged for moderate operational risk due to extremely high cargo value.
84450828,Low,0.0,0.1733701945266007,Shipment characteristics align with normal operational and behavioral patterns.
37293081,Low,0.0,0.1201701973861644,Shipment characteristics align with normal operational and behavioral patterns.
71433964,Low,0.03,0.1761738418671657,Container monitored due to night-time declaration activity.
24050137,Low,0.0,0.1707751059775937,Shipment characteristics align with normal operational and behavioral patterns.
81897294,Low,0.0,0.1888339531471723,Shipment characteristics align with normal operational and behavioral patterns.
53287575,Low,0.0,0.1870916540303904,Shipment characteristics align with normal operational and behavioral patterns.
19434003,Low,0.03,0.1536422380266681,Container monitored due to night-time declaration activity.
12085232,Low,0.03,0.163828425413097,Container monitored due to night-time declaration activity.
43340222,Low,0.0,0.1955927222884435,Shipment characteristics align with normal operational and behavioral patterns.
93556398,Low,0.03,0.1391810482919273,Container monitored due to night-time declaration activity.
49641782,Low,0.0,0.1542734601069783,Shipment characteristics align with normal operational and behavioral patterns.
50688386,Low,0.03,0.1756776557740551,Container monitored due to night-time declaration activity.
65381861,Low,0.03,0.1783367725638908,Container monitored due to night-time declaration activity.
92434167,Low,0.0,0.1717322772902734,Shipment characteristics align with normal operational and behavioral patterns.
46626900,Low,0.0,0.1727633664456311,Shipment characteristics align with normal operational and behavioral patterns.
63800627,Low,0.03,0.1491894651458952,Container monitored due to night-time declaration activity.
21325585,Low,0.0,0.1898302649049192,Shipment characteristics align with normal operational and behavioral patterns.
88841863,Low,0.0,0.1776737917076822,Shipment characteristics align with normal operational and behavioral patterns.
88712992,Low,0.0,0.0588449722107178,Shipment characteristics align with normal operational and behavioral patterns.
55722983,Low,0.0,0.1334195774601715,Shipment characteristics align with normal operational and behavioral patterns.
36048987,Low,0.0,0.1451467137634138,Shipment characteristics align with normal operational and behavioral patterns.
64063256,Medium,0.1,0.1297630779066769,Container flagged for moderate operational risk due to limited importer shipment history.
13114648,Medium,0.13,0.1633244448651416,"Container flagged for moderate operational risk due to night-time declaration activity, limited importer shipment history."
99742320,Low,0.0,0.1739237794611789,Shipment characteristics align with normal operational and behavioral patterns.
40202077,Low,0.03,0.117734121821988,Container monitored due to night-time declaration activity.
52871677,Low,0.03,0.0312015561692939,Container monitored due to night-time declaration activity.
64231246,Low,0.0,0.1777905095708091,Shipment characteristics align with normal operational and behavioral patterns.
36644913,Low,0.0,0.1873989930380094,Shipment characteristics align with normal operational and behavioral patterns.
74885667,Low,0.0,0.1856222413743548,Shipment characteristics align with normal operational and behavioral patterns.
24100516,Medium,0.1666666666666666,0.034020420064796,Container flagged for moderate operational risk due to high cargo value.
63024404,Low,0.03,0.0975676559898151,Container monitored due to night-time declaration activity.
81478614,Low,0.0,0.1964333779901125,Shipment characteristics align with normal operational and behavioral patterns.
22468536,Low,0.0,0.1999867164050386,Shipment characteristics align with normal operational and behavioral patterns.
40789530,Low,0.0,0.1654937096983443,Shipment characteristics align with normal operational and behavioral patterns.
98025831,Low,0.0,0.1567329182165837,Shipment characteristics align with normal operational and behavioral patterns.
46624679,Low,0.03,0.1455344530257754,Container monitored due to night-time declaration activity.
66608240,Low,0.0,0.1064434028106693,Shipment characteristics align with normal operational and behavioral patterns.
78888155,Medium,0.13,0.1332990701535082,"Container flagged for moderate operational risk due to night-time declaration activity, limited importer shipment history."
38832082,Low,0.0,0.192501145941575,Shipment characteristics align with normal operational and behavioral patterns.
94697669,Low,0.0,0.0630562688415299,Shipment characteristics align with normal operational and behavioral patterns.
73053225,Low,0.0,0.0874463790388629,Shipment characteristics align with normal operational and behavioral patterns.
45583444,Low,0.0,0.1524034387249758,Shipment characteristics align with normal operational and behavioral patterns.
57524200,Low,0.0,0.2026598264354596,Shipment characteristics align with normal operational and behavioral patterns.
54887686,Low,0.03,0.1462638820722823,Container monitored due to night-time declaration activity.
37789828,Low,0.0,0.0847915809006428,Shipment characteristics align with normal operational and behavioral patterns.
71750069,Low,0.0,0.201603287796171,Shipment characteristics align with normal operational and behavioral patterns.
70261676,Low,0.03,0.0515644061882469,Container monitored due to night-time declaration activity.
50698774,Low,0.0,0.1309653688552663,Shipment characteristics align with normal operational and behavioral patterns.
63755269,Low,0.0,0.1664266892511495,Shipment characteristics align with normal operational and behavioral patterns.
61093522,Low,0.0,0.0640737791588017,Shipment characteristics align with normal operational and behavioral patterns.
81177849,Low,0.0,0.1519759138034576,Shipment characteristics align with normal operational and behavioral patterns.
78591332,Low,0.03,0.1728138322951223,Container monitored due to night-time declaration activity.
14123238,Low,0.03,0.1624666268676682,Container monitored due to night-time declaration activity.
88219138,Low,0.0,0.1093706629936497,Shipment characteristics align with normal operational and behavioral patterns.
96913152,Low,0.0,0.2086154377776013,Shipment characteristics align with normal operational and behavioral patterns.
29583289,Medium,0.1966666666666666,0.1209260539691793,"Container flagged for moderate operational risk due to high cargo value, night-time declaration activity."
64135156,Low,0.0,0.1653208491263806,Shipment characteristics align with normal operational and behavioral patterns.
32889079,Medium,0.2299999999999999,0.114624726704913,"Container flagged for moderate operational risk due to abnormal weight discrepancy, night-time declaration activity."
19579966,Low,0.0,0.1487773524033621,Shipment characteristics align with normal operational and behavioral patterns.
84710083,Low,0.0,0.1942767874045006,Shipment characteristics align with normal operational and behavioral patterns.
43286125,Medium,0.2966666666666666,0.0781130760151675,"Container flagged for moderate operational risk due to extremely high cargo value, night-time declaration activity, limited importer shipment history."
62259126,Low,0.0,0.196791451305782,Shipment characteristics align with normal operational and behavioral patterns.
71315744,Medium,0.1,0.1757720767568805,Container flagged for moderate operational risk due to limited importer shipment history.
56915304,Low,0.03,-0.0196888431680392,"Container monitored due to high anomaly score, night-time declaration activity."
82627133,Low,0.0,0.1333083151617186,Shipment characteristics align with normal operational and behavioral patterns.
67837274,Low,0.0,0.1829917597733731,Shipment characteristics align with normal operational and behavioral patterns.
65521666,Low,0.03,0.1272031921710687,Container monitored due to night-time declaration activity.
84260983,Low,0.0,0.0372398645791084,Shipment characteristics align with normal operational and behavioral patterns.
18688574,Low,0.0,0.0852663445928045,Shipment characteristics align with normal operational and behavioral patterns.
89656123,Low,0.0,0.126597567424028,Shipment characteristics align with normal operational and behavioral patterns.
52465353,Low,0.03,0.1310035141170982,Container monitored due to night-time declaration activity.
62945783,Medium,0.1,0.0773232293851258,Container flagged for moderate operational risk due to limited importer shipment history.
69511980,Low,0.0,0.2031966793836382,Shipment characteristics align with normal operational and behavioral patterns.
64846703,Low,0.0,0.173685026099528,Shipment characteristics align with normal operational and behavioral patterns.
36542277,Low,0.0,0.1823290741667715,Shipment characteristics align with normal operational and behavioral patterns.
14590146,Medium,0.1,0.1507755462546104,Container flagged for moderate operational risk due to limited importer shipment history.
29949808,Low,0.0,0.1924949631832333,Shipment characteristics align with normal operational and behavioral patterns.
50155922,Low,0.0,0.1624625527565849,Shipment characteristics align with normal operational and behavioral patterns.
65457767,Low,0.0,0.1873829753732063,Shipment characteristics align with normal operational and behavioral patterns.
99578213,Low,0.03,0.1242673599706499,Container monitored due to night-time declaration activity.
50022136,Medium,0.1666666666666666,0.1417132651850877,Container flagged for moderate operational risk due to high cargo value.
81184374,Low,0.03,0.1431967485697066,Container monitored due to night-time declaration activity.
80727524,Low,0.0,0.1215184650187644,Shipment characteristics align with normal operational and behavioral patterns.
43674113,Low,0.03,0.1295204508729195,Container monitored due to night-time declaration activity.
17823769,Low,0.0,0.1660397651679769,Shipment characteristics align with normal operational and behavioral patterns.
71281232,Low,0.0,0.1869631771439838,Shipment characteristics align with normal operational and behavioral patterns.
23164232,Low,0.0,0.0546634609354552,Shipment characteristics align with normal operational and behavioral patterns.
75524726,Low,0.0,0.0410048887132766,Shipment characteristics align with normal operational and behavioral patterns.
57722530,Low,0.0,0.1786435863807268,Shipment characteristics align with normal operational and behavioral patterns.
55437397,Low,0.0,0.1447718423290459,Shipment characteristics align with normal operational and behavioral patterns.
37625269,Low,0.03,0.1705766334952114,Container monitored due to night-time declaration activity.
85090153,Low,0.0,0.1847556245995822,Shipment characteristics align with normal operational and behavioral patterns.
23989509,Low,0.0,0.0398174821862934,Shipment characteristics align with normal operational and behavioral patterns.
13148936,Low,0.0,0.2016703089249776,Shipment characteristics align with normal operational and behavioral patterns.
74136887,Low,0.0,0.1797136582952674,Shipment characteristics align with normal operational and behavioral patterns.
30481658,Low,0.03,0.1253676021875025,Container monitored due to night-time declaration activity.
96416391,Low,0.0,0.1663374742430244,Shipment characteristics align with normal operational and behavioral patterns.
72526478,Low,0.0,0.1826160642315237,Shipment characteristics align with normal operational and behavioral patterns.
27792921,Low,0.0,0.1529936391012648,Shipment characteristics align with normal operational and behavioral patterns.
48194132,Low,0.0,0.1576885741698283,Shipment characteristics align with normal operational and behavioral patterns.
98370718,Low,0.0,0.1589364985096128,Shipment characteristics align with normal operational and behavioral patterns.
39332377,Medium,0.1,0.192547745793743,Container flagged for moderate operational risk due to limited importer shipment history.
28307476,Low,0.0,0.1270037254305788,Shipment characteristics align with normal operational and behavioral patterns.
37982663,Low,0.0,0.174306597661476,Shipment characteristics align with normal operational and behavioral patterns.
42208706,Low,0.0,0.1724868138930798,Shipment characteristics align with normal operational and behavioral patterns.
54084098,Medium,0.1,0.1811366415312343,Container flagged for moderate operational risk due to limited importer shipment history.
96325528,Low,0.0,0.1879435426894826,Shipment characteristics align with normal operational and behavioral patterns.
93465291,Low,0.0,0.0453411444788326,Shipment characteristics align with normal operational and behavioral patterns.
18734142,Low,0.0,0.2037713665673146,Shipment characteristics align with normal operational and behavioral patterns.
89517574,Low,0.0,0.1446713991119217,Shipment characteristics align with normal operational and behavioral patterns.
42839951,Low,0.0,0.1393072002460656,Shipment characteristics align with normal operational and behavioral patterns.
34288081,Low,0.03,0.1261859053088744,Container monitored due to night-time declaration activity.
62517237,Low,0.0,0.1964985910071359,Shipment characteristics align with normal operational and behavioral patterns.
42495001,Low,0.03,0.1792536168439203,Container monitored due to night-time declaration activity.
12431954,Low,0.03,0.1392097121922991,Container monitored due to night-time declaration activity.
67990199,Low,0.0,0.1563376467042511,Shipment characteristics align with normal operational and behavioral patterns.
55546949,Low,0.0,0.1724870499360412,Shipment characteristics align with normal operational and behavioral patterns.
35514734,Medium,0.1666666666666666,0.1294100508453005,Container flagged for moderate operational risk due to high cargo value.
12256807,Low,0.03,0.1579539913582853,Container monitored due to night-time declaration activity.
80594380,Medium,0.1,0.1222718068726854,Container flagged for moderate operational risk due to limited importer shipment history.
10686413,Low,0.0,0.1603024602195958,Shipment characteristics align with normal operational and behavioral patterns.
87922393,Low,0.0,0.1880038707994566,Shipment characteristics align with normal operational and behavioral patterns.
49906901,Low,0.0,0.1434542155269794,Shipment characteristics align with normal operational and behavioral patterns.
76193328,Medium,0.1666666666666666,0.1211492170925763,Container flagged for moderate operational risk due to extremely high cargo value.
61750997,Low,0.03,0.1351684513805972,Container monitored due to night-time declaration activity.
87717302,Low,0.0,0.1931626710826601,Shipment characteristics align with normal operational and behavioral patterns.
69301069,Low,0.03,0.1777033617472362,Container monitored due to night-time declaration activity.
92291902,Low,0.0,0.028786729331767,Shipment characteristics align with normal operational and behavioral patterns.
94239942,Low,0.0,0.1340252918685441,Shipment characteristics align with normal operational and behavioral patterns.
42790431,Low,0.0,0.1490149543162743,Shipment characteristics align with normal operational and behavioral patterns.
99057223,Low,0.0,0.1428217819486435,Shipment characteristics align with normal operational and behavioral patterns.
55196815,Low,0.03,0.1855260808292857,Container monitored due to night-time declaration activity.
24518537,Low,0.0,0.148969243841178,Shipment characteristics align with normal operational and behavioral patterns.
25604901,Low,0.0,0.01499470223832,Shipment characteristics align with normal operational and behavioral patterns.
71262635,Low,0.0,0.1424942438248194,Shipment characteristics align with normal operational and behavioral patterns.
39671352,Low,0.03,0.0805155705259532,Container monitored due to night-time declaration activity.
15245540,Low,0.0,0.179529833880184,Shipment characteristics align with normal operational and behavioral patterns.
54610957,Medium,0.2,0.1500622612172951,Container flagged for moderate operational risk due to excessive dwell time.
88134311,Low,0.0,0.1711976601946194,Shipment characteristics align with normal operational and behavioral patterns.
54537551,Low,0.0,0.1693974217472196,Shipment characteristics align with normal operational and behavioral patterns.
70370780,Low,0.0,0.0209368825143402,Shipment characteristics align with normal operational and behavioral patterns.
82052889,Low,0.03,0.1212873422705754,Container monitored due to night-time declaration activity.
92166157,Low,0.0,-0.0112009318935022,Container monitored due to high anomaly score.
34814276,Low,0.0,0.1585867805678102,Shipment characteristics align with normal operational and behavioral patterns.
44105690,Low,0.0,0.1405218575849683,Shipment characteristics align with normal operational and behavioral patterns.
76253036,Low,0.03,0.1375714945688932,Container monitored due to night-time declaration activity.
32259012,Low,0.0,0.202420430770897,Shipment characteristics align with normal operational and behavioral patterns.
87081990,Medium,0.2,0.1280488797641175,Container flagged for moderate operational risk due to excessive dwell time.
45015087,Medium,0.2299999999999999,0.0633824524858975,"Container flagged for moderate operational risk due to abnormal weight discrepancy, night-time declaration activity."
56592840,Low,0.0,0.1964382326094058,Shipment characteristics align with normal operational and behavioral patterns.
56505782,Low,0.0,0.1672040993162187,Shipment characteristics align with normal operational and behavioral patterns.
70089735,Medium,0.1,0.1781056882353974,Container flagged for moderate operational risk due to limited importer shipment history.
85266651,Low,0.03,0.1549620775127419,Container monitored due to night-time declaration activity.
55619178,Low,0.0,0.0971141492107076,Shipment characteristics align with normal operational and behavioral patterns.
14632971,Low,0.0,0.0502290814890522,Shipment characteristics align with normal operational and behavioral patterns.
31348950,Low,0.0,0.147442075312848,Shipment characteristics align with normal operational and behavioral patterns.
89086504,Medium,0.23,0.1229827448941155,"Container flagged for moderate operational risk due to excessive dwell time, night-time declaration activity."
71240276,Low,0.0,0.1432863417497028,Shipment characteristics align with normal operational and behavioral patterns.
72502748,Low,0.0,0.0467395877018025,Shipment characteristics align with normal operational and behavioral patterns.
86400225,Low,0.03,0.1562898816960153,Container monitored due to night-time declaration activity.
96464322,Low,0.0,0.1706870467821443,Shipment characteristics align with normal operational and behavioral patterns.
37117464,Low,0.0,0.1432905309781958,Shipment characteristics align with normal operational and behavioral patterns.
83159996,Low,0.0,0.1567744123040725,Shipment characteristics align with normal operational and behavioral patterns.
77200730,Low,0.0,-0.0039431956580976,Container monitored due to high anomaly score.
59065200,Medium,0.1666666666666666,0.1239273233795747,Container flagged for moderate operational risk due to high cargo value.
12624975,Low,0.03,0.0943575004202454,Container monitored due to night-time declaration activity.
64984110,Low,0.0,0.1205057210171257,Shipment characteristics align with normal operational and behavioral patterns.
10851411,Low,0.0,0.1294738513877629,Shipment characteristics align with normal operational and behavioral patterns.
34899297,Low,0.0,0.1509519552700614,Shipment characteristics align with normal operational and behavioral patterns.
83662767,Medium,0.1966666666666666,0.1252320610974664,"Container flagged for moderate operational risk due to high cargo value, night-time declaration activity."
25477492,Medium,0.2,0.1265680624019567,Container flagged for moderate operational risk due to excessive dwell time.
46162678,Low,0.0,0.13231821062748,Shipment characteristics align with normal operational and behavioral patterns.
22353738,Low,0.0,0.1824125674003909,Shipment characteristics align with normal operational and behavioral patterns.
12624636,Low,0.0,0.1728913799002608,Shipment characteristics align with normal operational and behavioral patterns.
26250235,Low,0.03,0.136154768617707,Container monitored due to night-time declaration activity.
28655100,Low,0.03,0.1695064244490481,Container monitored due to night-time declaration activity.
71069751,Medium,0.1,0.190481581639706,Container flagged for moderate operational risk due to limited importer shipment history.
56530927,Medium,0.1966666666666666,0.124582644037906,"Container flagged for moderate operational risk due to high cargo value, night-time declaration activity."
34756559,Low,0.0,0.1742371397009167,Shipment characteristics align with normal operational and behavioral patterns.
39452597,Low,0.0,0.1308615716011237,Shipment characteristics align with normal operational and behavioral patterns.
41124261,Low,0.0,0.1664011141315367,Shipment characteristics align with normal operational and behavioral patterns.
67124584,Low,0.0,0.1813329028166346,Shipment characteristics align with normal operational and behavioral patterns.
69382552,Low,0.0,0.1604427183831424,Shipment characteristics align with normal operational and behavioral patterns.
98904069,Low,0.0,0.1438876838695312,Shipment characteristics align with normal operational and behavioral patterns.
69036068,Low,0.0,0.165167785664252,Shipment characteristics align with normal operational and behavioral patterns.
77076468,Low,0.0,0.1280193481119396,Shipment characteristics align with normal operational and behavioral patterns.
74983203,Low,0.0,0.1941175008219191,Shipment characteristics align with normal operational and behavioral patterns.
63333058,Low,0.0,0.1168471966511651,Shipment characteristics align with normal operational and behavioral patterns.
33422966,Low,0.0,0.1695651806456574,Shipment characteristics align with normal operational and behavioral patterns.
84396265,Low,0.0,0.1257675191778608,Shipment characteristics align with normal operational and behavioral patterns.
55642695,Low,0.0,0.1075238673951184,Shipment characteristics align with normal operational and behavioral patterns.
13141042,Low,0.0,0.1796684394636817,Shipment characteristics align with normal operational and behavioral patterns.
45247178,Low,0.0,0.1395057049203303,Shipment characteristics align with normal operational and behavioral patterns.
16842287,Low,0.0,0.1934856958192166,Shipment characteristics align with normal operational and behavioral patterns.
64541906,Medium,0.1,0.2017557455488343,Container flagged for moderate operational risk due to limited importer shipment history.
38829746,Low,0.0,0.1843966821413841,Shipment characteristics align with normal operational and behavioral patterns.
36601741,Medium,0.1666666666666666,0.0869947434945212,Container flagged for moderate operational risk due to extremely high cargo value.
31066406,Low,0.0,0.1956375535591857,Shipment characteristics align with normal operational and behavioral patterns.
57055276,Low,0.0,0.1763610947880096,Shipment characteristics align with normal operational and behavioral patterns.
20480606,Medium,0.2966666666666666,0.0843129679189054,"Container flagged for moderate operational risk due to high cargo value, night-time declaration activity, limited importer shipment history."
59982314,Low,0.0,0.1118513874269586,Shipment characteristics align with normal operational and behavioral patterns.
86525590,Low,0.0,0.1004679538230821,Shipment characteristics align with normal operational and behavioral patterns.
71787921,Medium,0.13,0.1619493767594416,"Container flagged for moderate operational risk due to night-time declaration activity, limited importer shipment history."
75403691,Low,0.0,0.1290866765691375,Shipment characteristics align with normal operational and behavioral patterns.
11859802,Low,0.03,0.0626811442866269,Container monitored due to night-time declaration activity.
75959028,Low,0.0,0.1837520323424106,Shipment characteristics align with normal operational and behavioral patterns.
98583019,Low,0.0,0.1144046608387987,Shipment characteristics align with normal operational and behavioral patterns.
25238181,Critical,0.4,0.0804109044529691,"Container classified as Critical Risk due to abnormal weight discrepancy, excessive dwell time."
23534127,Medium,0.1966666666666666,0.0897573347103847,"Container flagged for moderate operational risk due to high cargo value, night-time declaration activity."
81973392,Medium,0.1966666666666666,0.0994529715415075,"Container flagged for moderate operational risk due to high cargo value, night-time declaration activity."
49379839,Medium,0.1,0.1845657494764084,Container flagged for moderate operational risk due to limited importer shipment history.
17642558,Low,0.0,0.1786098509477911,Shipment characteristics align with normal operational and behavioral patterns.
43967590,Low,0.0,0.167680579301875,Shipment characteristics align with normal operational and behavioral patterns.
70656303,Medium,0.13,0.1884565229850338,"Container flagged for moderate operational risk due to night-time declaration activity, limited importer shipment history."
72860541,Low,0.03,0.1199048054315058,Container monitored due to night-time declaration activity.
38615403,Low,0.0,0.1781806780364717,Shipment characteristics align with normal operational and behavioral patterns.
19162736,Low,0.03,0.1651867779522529,Container monitored due to night-time declaration activity.
30259863,Medium,0.2,0.1528764652560796,Container flagged for moderate operational risk due to excessive dwell time.
58052886,Low,0.0,0.159998360498286,Shipment characteristics align with normal operational and behavioral patterns.
92439954,Medium,0.1,0.1840542500463416,Container flagged for moderate operational risk due to limited importer shipment history.
56860684,Medium,0.1966666666666666,0.0887471799054877,"Container flagged for moderate operational risk due to high cargo value, night-time declaration activity."
78146206,Low,0.0,0.1409758639318784,Shipment characteristics align with normal operational and behavioral patterns.
24865843,Medium,0.2,0.080577576020681,Container flagged for moderate operational risk due to excessive dwell time.
52971574,Low,0.0,0.1288285836312956,Shipment characteristics align with normal operational and behavioral patterns.
46108633,Low,0.0,0.1673046422684482,Shipment characteristics align with normal operational and behavioral patterns.
91044453,Low,0.0,0.1778087550174421,Shipment characteristics align with normal operational and behavioral patterns.
16883957,Low,0.03,0.1674977707034835,Container monitored due to night-time declaration activity.
32800527,Low,0.0,0.0189623905217399,Shipment characteristics align with normal operational and behavioral patterns.
13431123,Low,0.03,0.1370772922089793,Container monitored due to night-time declaration activity.
95641129,Low,0.0,0.1533033882458847,Shipment characteristics align with normal operational and behavioral patterns.
31104993,Low,0.0,0.070615782412212,Shipment characteristics align with normal operational and behavioral patterns.
21925794,Critical,0.3,0.1182370147553069,"Container classified as Critical Risk due to excessive dwell time, limited importer shipment history."
51577242,Low,0.0,0.1873696527036176,Shipment characteristics align with normal operational and behavioral patterns.
98039421,Low,0.0,0.1731082020654594,Shipment characteristics align with normal operational and behavioral patterns.
60639733,Low,0.0,0.1165606197299469,Shipment characteristics align with normal operational and behavioral patterns.
86435357,Medium,0.2,0.0696951021869238,Container flagged for moderate operational risk due to excessive dwell time.
75987690,Medium,0.1,0.0872066069036902,Container flagged for moderate operational risk due to limited importer shipment history.
41314860,Low,0.0,0.1523768579900078,Shipment characteristics align with normal operational and behavioral patterns.
17040323,Low,0.03,0.1233447003077898,Container monitored due to night-time declaration activity.
55686323,Low,0.0,0.0464460698749182,Shipment characteristics align with normal operational and behavioral patterns.
37138841,Low,0.0,0.1321948226328043,Shipment characteristics align with normal operational and behavioral patterns.
70756376,Low,0.0,0.1934358956452971,Shipment characteristics align with normal operational and behavioral patterns.
60262733,Low,0.0,0.1242006671899532,Shipment characteristics align with normal operational and behavioral patterns.
24221755,Low,0.0,0.1930997051676903,Shipment characteristics align with normal operational and behavioral patterns.
61699677,Low,0.03,0.1919054241085087,Container monitored due to night-time declaration activity.
63846206,Low,0.03,0.1292595236560715,Container monitored due to night-time declaration activity.
28310558,Low,0.03,0.190390501207656,Container monitored due to night-time declaration activity.
23603461,Low,0.03,0.1188690682706813,Container monitored due to night-time declaration activity.
74741197,Low,0.0,0.1719336383853718,Shipment characteristics align with normal operational and behavioral patterns.
41724000,Low,0.0,0.1820552313052009,Shipment characteristics align with normal operational and behavioral patterns.
24122548,Low,0.03,0.1665164715111254,Container monitored due to night-time declaration activity.
43733271,Low,0.0,0.188481507369466,Shipment characteristics align with normal operational and behavioral patterns.
26603729,Low,0.0,0.1519225957924308,Shipment characteristics align with normal operational and behavioral patterns.
70302207,Low,0.0,0.1452500730966947,Shipment characteristics align with normal operational and behavioral patterns.
70268405,Medium,0.1,0.2092098359878114,Container flagged for moderate operational risk due to limited importer shipment history.
17388457,Low,0.0,0.0162189106120657,Shipment characteristics align with normal operational and behavioral patterns.
97160132,Critical,0.43,0.0867603098441164,"Container classified as Critical Risk due to abnormal weight discrepancy, excessive dwell time, night-time declaration activity."
90623935,Low,0.0,0.2007633436343856,Shipment characteristics align with normal operational and behavioral patterns.
95289966,Low,0.03,0.1411596976598229,Container monitored due to night-time declaration activity.
69370336,Low,0.0,0.2044181469553293,Shipment characteristics align with normal operational and behavioral patterns.
64162004,Low,0.0,0.1633906553281876,Shipment characteristics align with normal operational and behavioral patterns.
51987191,Low,0.0,0.1016638467875165,Shipment characteristics align with normal operational and behavioral patterns.
67180224,Low,0.0,0.1718006540293607,Shipment characteristics align with normal operational and behavioral patterns.
81683292,Low,0.03,0.1581974042811023,Container monitored due to night-time declaration activity.
56191337,Medium,0.1966666666666666,0.1307022067943665,"Container flagged for moderate operational risk due to high cargo value, night-time declaration activity."
36635393,Low,0.0,0.1450849230804879,Shipment characteristics align with normal operational and behavioral patterns.
28558853,Low,0.0,0.2036130348291761,Shipment characteristics align with normal operational and behavioral patterns.
35231213,Low,0.0,0.0291707159073529,Shipment characteristics align with normal operational and behavioral patterns.
63942703,Low,0.0,0.0990917272143686,Shipment characteristics align with normal operational and behavioral patterns.
27579550,Low,0.0,0.1550991843228293,Shipment characteristics align with normal operational and behavioral patterns.
90346610,Medium,0.23,0.1283072008253263,"Container flagged for moderate operational risk due to excessive dwell time, night-time declaration activity."
60433845,Low,0.0,0.1793487752859778,Shipment characteristics align with normal operational and behavioral patterns.
92266271,Medium,0.23,0.1289753113386695,"Container flagged for moderate operational risk due to excessive dwell time, night-time declaration activity."
24103885,Low,0.03,0.1607281870625827,Container monitored due to night-time declaration activity.
25795469,Low,0.03,0.1311093266710342,Container monitored due to night-time declaration activity.
32447156,Low,0.03,0.1302381154422162,Container monitored due to night-time declaration activity.
50189100,Low,0.03,0.1449380911995827,Container monitored due to night-time declaration activity.
76412028,Low,0.0,0.1847328844497029,Shipment characteristics align with normal operational and behavioral patterns.
61696862,Low,0.0,0.2004498134756912,Shipment characteristics align with normal operational and behavioral patterns.
54632818,Low,0.0,0.1636221224125509,Shipment characteristics align with normal operational and behavioral patterns.
75004150,Low,0.0,0.1967287686968997,Shipment characteristics align with normal operational and behavioral patterns.
15909695,Low,0.0,0.1103662992176944,Shipment characteristics align with normal operational and behavioral patterns.
27156480,Low,0.03,0.1167213630091987,Container monitored due to night-time declaration activity.
71288819,Low,0.03,0.1106332601392096,Container monitored due to night-time declaration activity.
95265588,Low,0.0,0.1762943138478204,Shipment characteristics align with normal operational and behavioral patterns.
61177550,Low,0.0,0.1852824949387093,Shipment characteristics align with normal operational and behavioral patterns.
31439158,Medium,0.1666666666666666,0.1216428587792683,Container flagged for moderate operational risk due to extremely high cargo value.
19798852,Low,0.0,0.1699546543477045,Shipment characteristics align with normal operational and behavioral patterns.
38657544,Medium,0.1,0.19797985296484,Container flagged for moderate operational risk due to limited importer shipment history.
62321383,Low,0.0,0.1690342598209094,Shipment characteristics align with normal operational and behavioral patterns.
22347824,Low,0.0,0.074659672360881,Shipment characteristics align with normal operational and behavioral patterns.
18947902,Low,0.0,0.1843413005868214,Shipment characteristics align with normal operational and behavioral patterns.
41706063,Low,0.0,0.0646327111168654,Shipment characteristics align with normal operational and behavioral patterns.
65098652,Low,0.0,0.1423655009712683,Shipment characteristics align with normal operational and behavioral patterns.
68916493,Critical,0.32,-0.0907166752083861,"Container classified as Critical Risk due to high anomaly score, severe weight discrepancy."
84141303,Low,0.0,0.1897827309440959,Shipment characteristics align with normal operational and behavioral patterns.
87160349,Low,0.03,0.1894394054056233,Container monitored due to night-time declaration activity.
62958811,Low,0.0,0.1461845418889591,Shipment characteristics align with normal operational and behavioral patterns.
83002094,Low,0.0,0.1896711047357682,Shipment characteristics align with normal operational and behavioral patterns.
95876707,Low,0.0,0.1973014018137411,Shipment characteristics align with normal operational and behavioral patterns.
58580158,Low,0.0,0.1815225870864368,Shipment characteristics align with normal operational and behavioral patterns.
25237966,Low,0.0,0.1866101758347148,Shipment characteristics align with normal operational and behavioral patterns.
52100520,Low,0.0,0.1959899038943483,Shipment characteristics align with normal operational and behavioral patterns.
41613628,Low,0.0,0.1788017498111894,Shipment characteristics align with normal operational and behavioral patterns.
10771210,Low,0.03,0.150480981923785,Container monitored due to night-time declaration activity.
92673598,Low,0.03,0.134816090574718,Container monitored due to night-time declaration activity.
30219142,Medium,0.1666666666666666,0.1454967503608767,Container flagged for moderate operational risk due to high cargo value.
56421606,Low,0.0,0.0668518510707576,Shipment characteristics align with normal operational and behavioral patterns.
78264908,Low,0.0,0.0403687447085979,Shipment characteristics align with normal operational and behavioral patterns.
47030165,Low,0.0,0.1885120041936527,Shipment characteristics align with normal operational and behavioral patterns.
59645069,Low,0.0,0.1655537437520688,Shipment characteristics align with normal operational and behavioral patterns.
43358040,Low,0.0,0.1182390937556834,Shipment characteristics align with normal operational and behavioral patterns.
41453724,Low,0.03,0.1540899501072696,Container monitored due to night-time declaration activity.
64757711,Low,0.03,0.1783653019020887,Container monitored due to night-time declaration activity.
39953797,Low,0.0,0.0406480874286119,Shipment characteristics align with normal operational and behavioral patterns.
79251997,Low,0.03,0.1870222711267859,Container monitored due to night-time declaration activity.
94490289,Low,0.0,0.1894319742859523,Shipment characteristics align with normal operational and behavioral patterns.
74494944,Low,0.0,0.1771735888442238,Shipment characteristics align with normal operational and behavioral patterns.
93674648,Low,0.0,0.1691449207711164,Shipment characteristics align with normal operational and behavioral patterns.
81643777,Critical,0.4,0.107099215815589,"Container classified as Critical Risk due to abnormal weight discrepancy, excessive dwell time."
72788224,Low,0.0,0.1613513485261277,Shipment characteristics align with normal operational and behavioral patterns.
50889058,Low,0.03,0.1846461135913887,Container monitored due to night-time declaration activity.
86176237,Low,0.0,0.1512523503333322,Shipment characteristics align with normal operational and behavioral patterns.
80637272,Low,0.03,0.1472157719003233,Container monitored due to night-time declaration activity.
28723189,Critical,0.43,0.0292074241135188,"Container classified as Critical Risk due to abnormal weight discrepancy, extreme port dwell duration, night-time declaration activity."
96717505,Low,0.03,0.159009961965488,Container monitored due to night-time declaration activity.
83243610,Medium,0.2,0.144181726010061,Container flagged for moderate operational risk due to excessive dwell time.
16809295,Low,0.0,0.1153651004699,Shipment characteristics align with normal operational and behavioral patterns.
22893968,Critical,0.4,0.0604633154134354,"Container classified as Critical Risk due to abnormal weight discrepancy, excessive dwell time."
58910168,Critical,0.4,0.0629738036871476,"Container classified as Critical Risk due to abnormal weight discrepancy, excessive dwell time."
71045520,Low,0.0,0.1375071734152667,Shipment characteristics align with normal operational and behavioral patterns.
60305026,Low,0.03,0.1416504176904525,Container monitored due to night-time declaration activity.
26023419,Low,0.03,0.1559196055031583,Container monitored due to night-time declaration activity.
47947862,Low,0.0,0.1902617688108622,Shipment characteristics align with normal operational and behavioral patterns.
30269821,Low,0.0,0.1860286124223539,Shipment characteristics align with normal operational and behavioral patterns.
96153464,Low,0.0,0.1581500651414824,Shipment characteristics align with normal operational and behavioral patterns.
96464247,Medium,0.1666666666666666,0.0610091132380907,Container flagged for moderate operational risk due to extremely high cargo value.
14077741,Low,0.0,0.1736345497239256,Shipment characteristics align with normal operational and behavioral patterns.
37410966,Low,0.03,0.1184110064082219,Container monitored due to night-time declaration activity.
26228612,Low,0.03,0.1761471176306339,Container monitored due to night-time declaration activity.
41463747,Low,0.03,0.1687097575068581,Container monitored due to night-time declaration activity.
57400982,Low,0.0,0.0763090754729305,Shipment characteristics align with normal operational and behavioral patterns.
60438929,Low,0.0,0.1326243763741026,Shipment characteristics align with normal operational and behavioral patterns.
82695077,Low,0.0,0.2010719872506026,Shipment characteristics align with normal operational and behavioral patterns.
54590523,Low,0.03,0.1900185013052184,Container monitored due to night-time declaration activity.
66598207,Low,0.0,0.1639049524445368,Shipment characteristics align with normal operational and behavioral patterns.
10201057,Low,0.0,0.1804064302697746,Shipment characteristics align with normal operational and behavioral patterns.
11320152,Medium,0.1,0.2016184319961867,Container flagged for moderate operational risk due to limited importer shipment history.
61957389,Medium,0.1,0.0943941611710255,Container flagged for moderate operational risk due to limited importer shipment history.
29352483,Medium,0.1999999999999999,0.1179185240469838,Container flagged for moderate operational risk due to abnormal weight discrepancy.
29552861,Low,0.0,0.1817492647029806,Shipment characteristics align with normal operational and behavioral patterns.
12021830,Medium,0.1666666666666666,0.1457498326764393,Container flagged for moderate operational risk due to high cargo value.
20748985,Low,0.03,0.1189527070462864,Container monitored due to night-time declaration activity.
59736489,Low,0.0,0.1748614105158905,Shipment characteristics align with normal operational and behavioral patterns.
67441575,Low,0.0,0.1522287958481158,Shipment characteristics align with normal operational and behavioral patterns.
64257986,Low,0.0,0.1604809641240814,Shipment characteristics align with normal operational and behavioral patterns.
85539330,Low,0.0,0.185422430163372,Shipment characteristics align with normal operational and behavioral patterns.
83555345,Low,0.0,0.1583337580927307,Shipment characteristics align with normal operational and behavioral patterns.
96956694,Low,0.0,0.1780127612698893,Shipment characteristics align with normal operational and behavioral patterns.
69092342,Low,0.03,0.1457762089454781,Container monitored due to night-time declaration activity.
29848154,Low,0.0,0.1846080682539631,Shipment characteristics align with normal operational and behavioral patterns.
71013213,Low,0.0,0.1726372654195148,Shipment characteristics align with normal operational and behavioral patterns.
75647511,Low,0.0,0.1857098431106476,Shipment characteristics align with normal operational and behavioral patterns.
19391954,Low,0.0,0.1583939422464929,Shipment characteristics align with normal operational and behavioral patterns.
76041406,Low,0.0,0.1951977561227784,Shipment characteristics align with normal operational and behavioral patterns.
26586754,Low,0.0,0.187751398515086,Shipment characteristics align with normal operational and behavioral patterns.
89071302,Low,0.0,0.1769260395463903,Shipment characteristics align with normal operational and behavioral patterns.
25258334,Low,0.03,0.1908513386461213,Container monitored due to night-time declaration activity.
51243651,Low,0.0,0.1367789783981071,Shipment characteristics align with normal operational and behavioral patterns.
97746864,Low,0.0,0.1713319491635103,Shipment characteristics align with normal operational and behavioral patterns.
81071796,Low,0.0,0.1624016128108966,Shipment characteristics align with normal operational and behavioral patterns.
69402640,Low,0.0,0.1319380114987232,Shipment characteristics align with normal operational and behavioral patterns.
78161332,Low,0.0,0.1744227303313971,Shipment characteristics align with normal operational and behavioral patterns.
31808962,Low,0.0,0.1278762398896908,Shipment characteristics align with normal operational and behavioral patterns.
70662456,Low,0.0,0.1874161461463673,Shipment characteristics align with normal operational and behavioral patterns.
30221242,Low,0.0,0.1721657705722321,Shipment characteristics align with normal operational and behavioral patterns.
64130048,Low,0.0,0.1797811910682985,Shipment characteristics align with normal operational and behavioral patterns.
67806706,Low,0.0,0.1150600461293557,Shipment characteristics align with normal operational and behavioral patterns.
48986950,Low,0.03,0.0973962729637549,Container monitored due to night-time declaration activity.
36680365,Low,0.0,0.1988323267273873,Shipment characteristics align with normal operational and behavioral patterns.
68752654,Low,0.0,0.1838072287487038,Shipment characteristics align with normal operational and behavioral patterns.
12602919,Low,0.0,0.1618749579044409,Shipment characteristics align with normal operational and behavioral patterns.
21575789,Low,0.0,0.1237215386398963,Shipment characteristics align with normal operational and behavioral patterns.
62318405,Low,0.03,0.1936326746231953,Container monitored due to night-time declaration activity.
64565031,Low,0.0,0.0293481993915984,Shipment characteristics align with normal operational and behavioral patterns.
45597729,Low,0.0,0.1534144358697455,Shipment characteristics align with normal operational and behavioral patterns.
78677700,Medium,0.1,0.1461666640620341,Container flagged for moderate operational risk due to limited importer shipment history.
75337725,Low,0.0,0.1707299201668732,Shipment characteristics align with normal operational and behavioral patterns.
26992223,Low,0.0,0.1394376754685398,Shipment characteristics align with normal operational and behavioral patterns.
83694628,Low,0.0,0.2042253747464757,Shipment characteristics align with normal operational and behavioral patterns.
99390651,Critical,0.52,-0.0996528749283872,"Container classified as Critical Risk due to high anomaly score, severe weight discrepancy, excessive dwell time."
33096407,Low,0.0,0.1717551435694823,Shipment characteristics align with normal operational and behavioral patterns.
20386562,Low,0.0,0.1789679241562233,Shipment characteristics align with normal operational and behavioral patterns.
40255690,Low,0.0,0.1689227676147834,Shipment characteristics align with normal operational and behavioral patterns.
33689530,Low,0.0,0.1506063885229845,Shipment characteristics align with normal operational and behavioral patterns.
66844702,Medium,0.1,0.1319978132926993,Container flagged for moderate operational risk due to limited importer shipment history.
55425940,Low,0.0,0.0368287117917189,Shipment characteristics align with normal operational and behavioral patterns.
26373405,Low,0.03,0.0480720972312436,Container monitored due to night-time declaration activity.
82352542,Low,0.03,0.1591427193177644,Container monitored due to night-time declaration activity.
19115553,Medium,0.2,0.1448258819906204,Container flagged for moderate operational risk due to excessive dwell time.
41472764,Low,0.03,0.1144470992787557,Container monitored due to night-time declaration activity.
36541227,Low,0.0,0.0567143709051169,Shipment characteristics align with normal operational and behavioral patterns.
87381539,Low,0.03,0.1602462201075738,Container monitored due to night-time declaration activity.
99769395,Low,0.0,0.148497846160573,Shipment characteristics align with normal operational and behavioral patterns.
29631427,Low,0.0,0.1583367658414392,Shipment characteristics align with normal operational and behavioral patterns.
61841241,Low,0.0,0.1584238980634362,Shipment characteristics align with normal operational and behavioral patterns.
27731528,Low,0.03,0.1392726582975644,Container monitored due to night-time declaration activity.
74348989,Medium,0.1666666666666666,0.1263821914798779,Container flagged for moderate operational risk due to high cargo value.
13925710,Low,0.03,0.1307253320323622,Container monitored due to night-time declaration activity.
45299070,Low,0.03,0.1748131059852197,Container monitored due to night-time declaration activity.
32768704,Low,0.03,0.1353266853455486,Container monitored due to night-time declaration activity.
88378741,Low,0.03,0.1290906696165567,Container monitored due to night-time declaration activity.
40573605,Low,0.0,0.1961852070983206,Shipment characteristics align with normal operational and behavioral patterns.
86166542,Low,0.03,0.1347903435084358,Container monitored due to night-time declaration activity.
28150064,Medium,0.1,0.1500326743060655,Container flagged for moderate operational risk due to limited importer shipment history.
12719513,Medium,0.1666666666666666,0.069379007641296,Container flagged for moderate operational risk due to extremely high cargo value.
19707135,Low,0.0,0.1388649562965052,Shipment characteristics align with normal operational and behavioral patterns.
57042255,Low,0.0,0.1038808822066212,Shipment characteristics align with normal operational and behavioral patterns.
34201840,Low,0.0,0.1772405472219334,Shipment characteristics align with normal operational and behavioral patterns.
69043674,Low,0.0,0.175190410078666,Shipment characteristics align with normal operational and behavioral patterns.
20269499,Low,0.03,0.1789067707596738,Container monitored due to night-time declaration activity.
73519049,Low,0.0,0.2024617033525642,Shipment characteristics align with normal operational and behavioral patterns.
91577337,Medium,0.1,0.1878118068034654,Container flagged for moderate operational risk due to limited importer shipment history.
95636864,Low,0.0,0.19050334933145,Shipment characteristics align with normal operational and behavioral patterns.
66449184,Low,0.0,0.155410094490158,Shipment characteristics align with normal operational and behavioral patterns.
94745772,Medium,0.1,0.1914693112376629,Container flagged for moderate operational risk due to limited importer shipment history.
24059227,Low,0.03,0.1555924488398752,Container monitored due to night-time declaration activity.
20387421,Low,0.03,0.1681187792978535,Container monitored due to night-time declaration activity.
98416099,Low,0.03,0.1862383745799913,Container monitored due to night-time declaration activity.
14245818,Critical,0.33,0.1263893602406827,"Container classified as Critical Risk due to excessive dwell time, night-time declaration activity, limited importer shipment history."
40771845,Low,0.0,0.0731220364118991,Shipment characteristics align with normal operational and behavioral patterns.
71806388,Low,0.0,0.2103396815719633,Shipment characteristics align with normal operational and behavioral patterns.
25199085,Low,0.0,0.1465427421858452,Shipment characteristics align with normal operational and behavioral patterns.
16571302,Low,0.03,0.0772136205209041,Container monitored due to night-time declaration activity.
66160012,Low,0.0,0.1778123702115823,Shipment characteristics align with normal operational and behavioral patterns.
33938684,Low,0.0,0.1365240706341473,Shipment characteristics align with normal operational and behavioral patterns.
75964100,Low,0.0,0.1877333062882791,Shipment characteristics align with normal operational and behavioral patterns.
96332900,Low,0.03,0.1511017910455789,Container monitored due to night-time declaration activity.
94672507,Low,0.0,0.1220507309798183,Shipment characteristics align with normal operational and behavioral patterns.
32053100,Medium,0.23,0.075889206781186,"Container flagged for moderate operational risk due to excessive dwell time, night-time declaration activity."
71231578,Low,0.0,0.1308575662793133,Shipment characteristics align with normal operational and behavioral patterns.
52949226,Low,0.0,0.1955755970693095,Shipment characteristics align with normal operational and behavioral patterns.
79632409,Medium,0.1,0.1430486370645048,Container flagged for moderate operational risk due to limited importer shipment history.
53011918,Low,0.0,0.1903550288392686,Shipment characteristics align with normal operational and behavioral patterns.
76603215,Medium,0.1,0.1154933886648212,Container flagged for moderate operational risk due to limited importer shipment history.
19540140,Low,0.0,0.1278960675954126,Shipment characteristics align with normal operational and behavioral patterns.
30876340,Low,0.0,0.1085249912023093,Shipment characteristics align with normal operational and behavioral patterns.
70009233,Low,0.0,0.1705272906685065,Shipment characteristics align with normal operational and behavioral patterns.
68926832,Medium,0.1,0.1905809847471696,Container flagged for moderate operational risk due to limited importer shipment history.
34205488,Low,0.0,0.1685540205606324,Shipment characteristics align with normal operational and behavioral patterns.
59336433,Low,0.03,0.1406475628431522,Container monitored due to night-time declaration activity.
88171173,Low,0.0,0.1992982863790583,Shipment characteristics align with normal operational and behavioral patterns.
27797062,Low,0.0,0.2039892154680534,Shipment characteristics align with normal operational and behavioral patterns.
44920695,Low,0.03,0.1132474657514681,Container monitored due to night-time declaration activity.
82904483,Low,0.0,0.0423438610372408,Shipment characteristics align with normal operational and behavioral patterns.
27944019,Low,0.0,0.0046079178582525,Shipment characteristics align with normal operational and behavioral patterns.
71239718,Low,0.0,0.157295485203577,Shipment characteristics align with normal operational and behavioral patterns.
81033020,Low,0.0,0.1640139207537617,Shipment characteristics align with normal operational and behavioral patterns.
72534537,Low,0.0,0.0372910305839339,Shipment characteristics align with normal operational and behavioral patterns.
40106413,Low,0.03,0.0440355350786354,Container monitored due to night-time declaration activity.
51063700,Medium,0.23,0.0978193888331737,"Container flagged for moderate operational risk due to excessive dwell time, night-time declaration activity."
33995340,Low,0.03,0.1775396241991669,Container monitored due to night-time declaration activity.
67171124,Medium,0.2,0.141051533888953,Container flagged for moderate operational risk due to excessive dwell time.
16477665,Low,0.0,0.1359978341957905,Shipment characteristics align with normal operational and behavioral patterns.
24564114,Low,0.03,0.1903957298721001,Container monitored due to night-time declaration activity.
23699703,Low,0.0,-0.0039751853891968,Container monitored due to high anomaly score.
36135290,Low,0.0,0.199299085831571,Shipment characteristics align with normal operational and behavioral patterns.
55876219,Low,0.0,0.1870206672557929,Shipment characteristics align with normal operational and behavioral patterns.
27181300,Medium,0.2,0.1434460106455298,Container flagged for moderate operational risk due to excessive dwell time.
30626204,Low,0.03,0.1043103651188073,Container monitored due to night-time declaration activity.
77371645,Low,0.0,0.2101009990545739,Shipment characteristics align with normal operational and behavioral patterns.
17108873,Low,0.03,0.1577692091156098,Container monitored due to night-time declaration activity.
82370166,Low,0.03,0.1471480693917597,Container monitored due to night-time declaration activity.
22045843,Low,0.0,0.1839332181142163,Shipment characteristics align with normal operational and behavioral patterns.
34367395,Low,0.0,0.1534817930957118,Shipment characteristics align with normal operational and behavioral patterns.
33480883,Medium,0.1966666666666666,0.1606879295677064,"Container flagged for moderate operational risk due to high cargo value, night-time declaration activity."
73105170,Low,0.03,0.1109998432665739,Container monitored due to night-time declaration activity.
54184512,Low,0.0,0.1893997182908544,Shipment characteristics align with normal operational and behavioral patterns.
23522545,Low,0.0,0.1961435482472301,Shipment characteristics align with normal operational and behavioral patterns.
89169062,Low,0.03,0.1958953074372334,Container monitored due to night-time declaration activity.
41174177,Low,0.03,0.1534580897456455,Container monitored due to night-time declaration activity.
87364256,Low,0.03,0.1204499400946688,Container monitored due to night-time declaration activity.
65531563,Low,0.0,0.1387928088294508,Shipment characteristics align with normal operational and behavioral patterns.
52085856,Low,0.0,0.1473446549518066,Shipment characteristics align with normal operational and behavioral patterns.
89161616,Low,0.0,0.1733941457842977,Shipment characteristics align with normal operational and behavioral patterns.
46252430,Medium,0.13,0.1624894919363905,"Container flagged for moderate operational risk due to night-time declaration activity, limited importer shipment history."
43936015,Low,0.0,0.0987028823248721,Shipment characteristics align with normal operational and behavioral patterns.
42173411,Medium,0.1,0.1128078325879474,Container flagged for moderate operational risk due to limited importer shipment history.
15323247,Low,0.03,0.1609465810847147,Container monitored due to night-time declaration activity.
67739218,Low,0.03,0.0886797136115912,Container monitored due to night-time declaration activity.
98402105,Medium,0.1,0.1696364196336788,Container flagged for moderate operational risk due to limited importer shipment history.
91612677,Low,0.03,-0.0768888922989236,"Container monitored due to high anomaly score, night-time declaration activity."
74843633,Low,0.0,0.1739648018782708,Shipment characteristics align with normal operational and behavioral patterns.
92616445,Low,0.0,0.147058333316826,Shipment characteristics align with normal operational and behavioral patterns.
18265515,Low,0.0,0.1599214355422082,Shipment characteristics align with normal operational and behavioral patterns.
44229936,Low,0.0,0.1562511518740048,Shipment characteristics align with normal operational and behavioral patterns.
28665140,Low,0.0,0.1516266183588795,Shipment characteristics align with normal operational and behavioral patterns.
56359980,Low,0.0,0.1569117713607883,Shipment characteristics align with normal operational and behavioral patterns.
89493509,Low,0.0,0.1823600338843945,Shipment characteristics align with normal operational and behavioral patterns.
48727407,Low,0.03,0.1512235007275275,Container monitored due to night-time declaration activity.
17608029,Medium,0.1666666666666666,0.1310987127021414,Container flagged for moderate operational risk due to high cargo value.
48674462,Low,0.0,0.1697042901637576,Shipment characteristics align with normal operational and behavioral patterns.
41742009,Low,0.0,0.032263198226066,Shipment characteristics align with normal operational and behavioral patterns.
38066481,Low,0.03,0.1369514563384732,Container monitored due to night-time declaration activity.
39689634,Low,0.0,0.1845318700790849,Shipment characteristics align with normal operational and behavioral patterns.
32955854,Low,0.0,0.1563661915383106,Shipment characteristics align with normal operational and behavioral patterns.
76160607,Low,0.0,0.1744364338647301,Shipment characteristics align with normal operational and behavioral patterns.
15678307,Low,0.0,0.1268200466710386,Shipment characteristics align with normal operational and behavioral patterns.
87734941,Low,0.0,0.1781580142755437,Shipment characteristics align with normal operational and behavioral patterns.
32024099,Low,0.0,0.1999134765623616,Shipment characteristics align with normal operational and behavioral patterns.
42720293,Low,0.0,0.1350379897938399,Shipment characteristics align with normal operational and behavioral patterns.
13967665,Low,0.0,0.2056658262494393,Shipment characteristics align with normal operational and behavioral patterns.
96747346,Low,0.0,0.1157035184105635,Shipment characteristics align with normal operational and behavioral patterns.
28432957,Low,0.0,0.1767393029659714,Shipment characteristics align with normal operational and behavioral patterns.
65708383,Low,0.03,0.1594800328250044,Container monitored due to night-time declaration activity.
10647884,Low,0.0,0.1957328470183442,Shipment characteristics align with normal operational and behavioral patterns.
84315181,Medium,0.1666666666666666,0.1065279217055671,Container flagged for moderate operational risk due to high cargo value.
97803748,Medium,0.1666666666666666,0.0929763114701953,Container flagged for moderate operational risk due to high cargo value.
12893155,Low,0.0,0.1751470766209528,Shipment characteristics align with normal operational and behavioral patterns.
60302539,Low,0.03,0.138690015045922,Container monitored due to night-time declaration activity.
57772822,Medium,0.2,0.1697413646568218,Container flagged for moderate operational risk due to excessive dwell time.
78673033,Medium,0.13,0.1216479629112197,"Container flagged for moderate operational risk due to night-time declaration activity, limited importer shipment history."
25822854,Low,0.03,0.1048100421087609,Container monitored due to night-time declaration activity.
76085581,Medium,0.13,0.1688909533143306,"Container flagged for moderate operational risk due to night-time declaration activity, limited importer shipment history."
16360726,Low,0.0,0.1201830737583755,Shipment characteristics align with normal operational and behavioral patterns.
77865121,Low,0.0,0.1341818218324027,Shipment characteristics align with normal operational and behavioral patterns.
33318462,Low,0.0,0.1674322865608157,Shipment characteristics align with normal operational and behavioral patterns.
49511744,Low,0.0,0.1495892274900055,Shipment characteristics align with normal operational and behavioral patterns.
40598735,Low,0.0,0.1536815651721344,Shipment characteristics align with normal operational and behavioral patterns.
33970072,Low,0.0,0.1599728909505367,Shipment characteristics align with normal operational and behavioral patterns.
66929333,Low,0.03,0.1383378546211435,Container monitored due to night-time declaration activity.
44163957,Low,0.0,0.1494315689960327,Shipment characteristics align with normal operational and behavioral patterns.
68587077,Low,0.0,0.1875637890601459,Shipment characteristics align with normal operational and behavioral patterns.
90558401,Low,0.03,0.1573995910783131,Container monitored due to night-time declaration activity.
74201341,Low,0.0,0.1776448936212835,Shipment characteristics align with normal operational and behavioral patterns.
53141514,Low,0.0,0.1426956453654808,Shipment characteristics align with normal operational and behavioral patterns.
68415752,Low,0.0,0.1542186834302933,Shipment characteristics align with normal operational and behavioral patterns.
61169890,Low,0.0,0.1650471789973996,Shipment characteristics align with normal operational and behavioral patterns.
47039289,Low,0.0,0.1436158178095062,Shipment characteristics align with normal operational and behavioral patterns.
40523458,Low,0.0,0.1546856976801383,Shipment characteristics align with normal operational and behavioral patterns.
12013390,Critical,0.32,-0.0920827339956336,"Container classified as Critical Risk due to high anomaly score, severe weight discrepancy."
16635961,Medium,0.23,0.077432300418048,"Container flagged for moderate operational risk due to excessive dwell time, night-time declaration activity."
63479621,Low,0.03,0.1355162688142112,Container monitored due to night-time declaration activity.
61291129,Low,0.0,0.1663379416313227,Shipment characteristics align with normal operational and behavioral patterns.
58294111,Low,0.0,0.0293188174355794,Shipment characteristics align with normal operational and behavioral patterns.
64697062,Low,0.0,0.1475159482220728,Shipment characteristics align with normal operational and behavioral patterns.
84507161,Low,0.03,0.0995034664603979,Container monitored due to night-time declaration activity.
42893841,Low,0.0,0.1884404396493622,Shipment characteristics align with normal operational and behavioral patterns.
37659722,Low,0.0,0.1658896068473301,Shipment characteristics align with normal operational and behavioral patterns.
24161538,Low,0.0,0.1633317811399531,Shipment characteristics align with normal operational and behavioral patterns.
81623759,Low,0.0,0.1449586652543624,Shipment characteristics align with normal operational and behavioral patterns.
49783532,Medium,0.2299999999999999,-0.0300123808377811,"Container flagged for moderate operational risk due to high anomaly score, abnormal weight discrepancy, night-time declaration activity."
79085401,Low,0.0,0.1982877020954306,Shipment characteristics align with normal operational and behavioral patterns.
74965563,Low,0.03,0.1984784423019965,Container monitored due to night-time declaration activity.
11324361,Low,0.0,0.1610169462920269,Shipment characteristics align with normal operational and behavioral patterns.
79161229,Low,0.0,0.1262479548240573,Shipment characteristics align with normal operational and behavioral patterns.
47360825,Low,0.03,0.1524185499350436,Container monitored due to night-time declaration activity.
40782790,Low,0.0,0.1822816426425492,Shipment characteristics align with normal operational and behavioral patterns.
89030403,Low,0.03,0.0754000194250529,Container monitored due to night-time declaration activity.
62255636,Low,0.0,0.079577975873491,Shipment characteristics align with normal operational and behavioral patterns.
19843420,Low,0.0,0.1726070165650533,Shipment characteristics align with normal operational and behavioral patterns.
36059846,Low,0.03,0.1768224294280346,Container monitored due to night-time declaration activity.
51763723,Medium,0.1,0.0972106080476493,Container flagged for moderate operational risk due to limited importer shipment history.
65604978,Low,0.0,0.1653078451443518,Shipment characteristics align with normal operational and behavioral patterns.
13500772,Low,0.0,0.169144215182005,Shipment characteristics align with normal operational and behavioral patterns.
84552221,Medium,0.1,0.1164268300988798,Container flagged for moderate operational risk due to limited importer shipment history.
61097246,Low,0.03,0.1218742031281764,Container monitored due to night-time declaration activity.
16556259,Low,0.0,0.1643967792814847,Shipment characteristics align with normal operational and behavioral patterns.
66683393,Low,0.03,0.1567923107143394,Container monitored due to night-time declaration activity.
20511763,Low,0.0,0.1368653555515763,Shipment characteristics align with normal operational and behavioral patterns.
97049776,Low,0.03,0.1869009340492501,Container monitored due to night-time declaration activity.
50952049,Low,0.03,0.1484499677786389,Container monitored due to night-time declaration activity.
64278570,Low,0.0,0.0869506939596583,Shipment characteristics align with normal operational and behavioral patterns.
15602696,Low,0.0,0.1378216630069642,Shipment characteristics align with normal operational and behavioral patterns.
62181120,Low,0.03,0.1496033421377782,Container monitored due to night-time declaration activity.
94487818,Low,0.0,0.1805714440613914,Shipment characteristics align with normal operational and behavioral patterns.
17946452,Low,0.03,0.1797099177858481,Container monitored due to night-time declaration activity.
86171728,Medium,0.2299999999999999,0.0745386717891111,"Container flagged for moderate operational risk due to abnormal weight discrepancy, night-time declaration activity."
20825781,Low,0.0,0.171462435389902,Shipment characteristics align with normal operational and behavioral patterns.
62816869,Medium,0.1666666666666666,0.0783849252604833,Container flagged for moderate operational risk due to extremely high cargo value.
30350406,Low,0.0,0.1383687991653407,Shipment characteristics align with normal operational and behavioral patterns.
82042893,Low,0.0,0.1929867170369349,Shipment characteristics align with normal operational and behavioral patterns.
32771940,Low,0.0,0.2067176589759307,Shipment characteristics align with normal operational and behavioral patterns.
21232503,Low,0.0,0.201176657286965,Shipment characteristics align with normal operational and behavioral patterns.
30131138,Medium,0.1,0.1716263260935396,Container flagged for moderate operational risk due to limited importer shipment history.
29422960,Low,0.0,0.1473867651984006,Shipment characteristics align with normal operational and behavioral patterns.
18784357,Medium,0.1,0.1461803665693719,Container flagged for moderate operational risk due to limited importer shipment history.
90195970,Low,0.0,0.1409723161767391,Shipment characteristics align with normal operational and behavioral patterns.
91921943,Low,0.03,0.1520547328424098,Container monitored due to night-time declaration activity.
85214454,Medium,0.1666666666666666,0.1666089940659486,Container flagged for moderate operational risk due to high cargo value.
23745816,Low,0.03,0.1634290219842293,Container monitored due to night-time declaration activity.
96681932,Low,0.03,0.1987155157073121,Container monitored due to night-time declaration activity.
78062417,Low,0.0,0.1070447519077157,Shipment characteristics align with normal operational and behavioral patterns.
63106005,Low,0.0,0.063806286999773,Shipment characteristics align with normal operational and behavioral patterns.
23642941,Low,0.03,0.1266460519151152,Container monitored due to night-time declaration activity.
16523817,Low,0.0,0.1286976721283824,Shipment characteristics align with normal operational and behavioral patterns.
86995475,Low,0.03,0.1812829161359763,Container monitored due to night-time declaration activity.
19183167,Low,0.0,0.1425025330734425,Shipment characteristics align with normal operational and behavioral patterns.
18509203,Medium,0.1666666666666666,0.0443077434782493,Container flagged for moderate operational risk due to high cargo value.
33920561,Low,0.0,0.1814945678383733,Shipment characteristics align with normal operational and behavioral patterns.
32462631,Low,0.03,0.0669730994445643,Container monitored due to night-time declaration activity.
59535503,Low,0.03,0.1523075202381705,Container monitored due to night-time declaration activity.
26094069,Low,0.03,0.1831420401750579,Container monitored due to night-time declaration activity.
94488341,Medium,0.1966666666666666,0.1412774404652462,"Container flagged for moderate operational risk due to high cargo value, night-time declaration activity."
76910512,Low,0.0,0.06797610848644,Shipment characteristics align with normal operational and behavioral patterns.
17514887,Low,0.0,0.1370237925943065,Shipment characteristics align with normal operational and behavioral patterns.
11815391,Low,0.03,0.1982008697474312,Container monitored due to night-time declaration activity.
66516702,Low,0.03,0.1871404077434292,Container monitored due to night-time declaration activity.
82876962,Low,0.0,0.0530184616034795,Shipment characteristics align with normal operational and behavioral patterns.
19356298,Low,0.0,0.1674697659465275,Shipment characteristics align with normal operational and behavioral patterns.
14490247,Low,0.0,0.1760745948918685,Shipment characteristics align with normal operational and behavioral patterns.
47886759,Low,0.0,0.1904863591000409,Shipment characteristics align with normal operational and behavioral patterns.
77388055,Medium,0.1,0.1925095131096831,Container flagged for moderate operational risk due to limited importer shipment history.
14139404,Low,0.0,0.1937097098718374,Shipment characteristics align with normal operational and behavioral patterns.
66428833,Medium,0.1,0.2030505382239752,Container flagged for moderate operational risk due to limited importer shipment history.
21092969,Low,0.03,0.1346828634693549,Container monitored due to night-time declaration activity.
61855899,Medium,0.1,0.0245660545150501,Container flagged for moderate operational risk due to limited importer shipment history.
24195610,Low,0.0,0.1909311685918551,Shipment characteristics align with normal operational and behavioral patterns.
47813907,Low,0.0,0.1307518829549346,Shipment characteristics align with normal operational and behavioral patterns.
99780686,Low,0.0,0.186291167226555,Shipment characteristics align with normal operational and behavioral patterns.
19411884,Low,0.0,0.1416076879616914,Shipment characteristics align with normal operational and behavioral patterns.
46877732,Critical,0.32,-0.0883086719428487,"Container classified as Critical Risk due to high anomaly score, severe weight discrepancy."
97242527,Low,0.0,0.1534276485816333,Shipment characteristics align with normal operational and behavioral patterns.
54898217,Low,0.03,0.1256652005318161,Container monitored due to night-time declaration activity.
51619670,Low,0.03,0.1866362921823424,Container monitored due to night-time declaration activity.
90396950,Low,0.0,0.1723601911451315,Shipment characteristics align with normal operational and behavioral patterns.
73474780,Low,0.0,0.199710571660015,Shipment characteristics align with normal operational and behavioral patterns.
78454817,Low,0.0,0.0957033657780837,Shipment characteristics align with normal operational and behavioral patterns.
26904622,Medium,0.2,0.1531011160381049,Container flagged for moderate operational risk due to excessive dwell time.
19584266,Low,0.0,0.0186374209202954,Shipment characteristics align with normal operational and behavioral patterns.
16526601,Low,0.0,0.1356425794039132,Shipment characteristics align with normal operational and behavioral patterns.
57052948,Low,0.0,0.1935168257307178,Shipment characteristics align with normal operational and behavioral patterns.
28877276,Low,0.0,0.1662763512130503,Shipment characteristics align with normal operational and behavioral patterns.
76308928,Critical,0.43,0.1016710898362735,"Container classified as Critical Risk due to abnormal weight discrepancy, excessive dwell time, night-time declaration activity."
78511270,Low,0.0,0.0207471933946971,Shipment characteristics align with normal operational and behavioral patterns.
54255035,Low,0.0,0.1911076500794018,Shipment characteristics align with normal operational and behavioral patterns.
49065773,Low,0.0,0.1892035192892235,Shipment characteristics align with normal operational and behavioral patterns.
53233083,Low,0.0,0.1849432976295726,Shipment characteristics align with normal operational and behavioral patterns.
48984837,Medium,0.1966666666666666,0.1414172956629835,"Container flagged for moderate operational risk due to high cargo value, night-time declaration activity."
26861227,Low,0.0,0.1692472127466711,Shipment characteristics align with normal operational and behavioral patterns.
91259701,Low,0.03,0.1655752507172002,Container monitored due to night-time declaration activity.
19846042,Low,0.0,0.1700682162471192,Shipment characteristics align with normal operational and behavioral patterns.
99047093,Low,0.0,0.1532016934259324,Shipment characteristics align with normal operational and behavioral patterns.
84044764,Low,0.0,0.1122991317625085,Shipment characteristics align with normal operational and behavioral patterns.
97356193,Medium,0.1,0.0839581550257261,Container flagged for moderate operational risk due to limited importer shipment history.
52474114,Low,0.0,0.1744072162284638,Shipment characteristics align with normal operational and behavioral patterns.
82630136,Critical,0.3966666666666666,0.0243067294314246,"Container classified as Critical Risk due to high cargo value, abnormal weight discrepancy, night-time declaration activity."
79717887,Low,0.0,0.158395867328273,Shipment characteristics align with normal operational and behavioral patterns.
52717755,Low,0.0,0.1744334622983528,Shipment characteristics align with normal operational and behavioral patterns.
70926211,Low,0.0,0.1852518821162787,Shipment characteristics align with normal operational and behavioral patterns.
32655472,Low,0.0,0.1628592795182289,Shipment characteristics align with normal operational and behavioral patterns.
78795167,Medium,0.1966666666666666,0.1533661826389231,"Container flagged for moderate operational risk due to high cargo value, night-time declaration activity."
52262154,Low,0.0,0.183441209797567,Shipment characteristics align with normal operational and behavioral patterns.
38089000,Low,0.0,0.003442072047063,Shipment characteristics align with normal operational and behavioral patterns.
35672092,Medium,0.2,0.1110308173673782,Container flagged for moderate operational risk due to excessive dwell time.
26829026,Low,0.03,0.092056860813736,Container monitored due to night-time declaration activity.
54952745,Low,0.0,0.1034666826964462,Shipment characteristics align with normal operational and behavioral patterns.
34621315,Low,0.0,0.1647731532268198,Shipment characteristics align with normal operational and behavioral patterns.
57616716,Low,0.03,0.1442110199469272,Container monitored due to night-time declaration activity.
50399255,Low,0.0,0.1759387121816273,Shipment characteristics align with normal operational and behavioral patterns.
89733931,Low,0.03,0.1616604758582472,Container monitored due to night-time declaration activity.
81074594,Medium,0.2,0.1196680921946402,Container flagged for moderate operational risk due to excessive dwell time.
33845226,Low,0.03,0.1264474785418905,Container monitored due to night-time declaration activity.
10348614,Low,0.03,0.1834884989218786,Container monitored due to night-time declaration activity.
75880907,Low,0.0,0.1940132060549081,Shipment characteristics align with normal operational and behavioral patterns.
52147990,Low,0.0,0.1862897440847191,Shipment characteristics align with normal operational and behavioral patterns.
39863085,Low,0.0,0.1046770780828963,Shipment characteristics align with normal operational and behavioral patterns.
88992713,Low,0.0,0.1972350873144518,Shipment characteristics align with normal operational and behavioral patterns.
31160445,Low,0.0,0.1585204482680447,Shipment characteristics align with normal operational and behavioral patterns.
31972793,Low,0.0,0.1515243697011422,Shipment characteristics align with normal operational and behavioral patterns.
86920432,Medium,0.1,0.2000765882496122,Container flagged for moderate operational risk due to limited importer shipment history.
16181168,Medium,0.13,0.0985166166870148,"Container flagged for moderate operational risk due to night-time declaration activity, limited importer shipment history."
44418629,Low,0.0,0.1961700012955524,Shipment characteristics align with normal operational and behavioral patterns.
76906955,Low,0.0,0.1732298077717919,Shipment characteristics align with normal operational and behavioral patterns.
53999812,Low,0.0,0.1422875525464763,Shipment characteristics align with normal operational and behavioral patterns.
16203541,Low,0.03,0.0868869832625756,Container monitored due to night-time declaration activity.
93599753,Low,0.03,0.1918264781317428,Container monitored due to night-time declaration activity.
99148046,Low,0.0,0.0468686580722194,Shipment characteristics align with normal operational and behavioral patterns.
26626566,Low,0.0,0.1559627144014881,Shipment characteristics align with normal operational and behavioral patterns.
65308784,Low,0.03,0.1676473880157576,Container monitored due to night-time declaration activity.
55051225,Low,0.03,0.175389126684676,Container monitored due to night-time declaration activity.
99390039,Medium,0.1666666666666666,0.047693153526473,Container flagged for moderate operational risk due to extremely high cargo value.
15492557,Low,0.03,0.1724559011998387,Container monitored due to night-time declaration activity.
28396337,Low,0.03,0.0447807934992864,Container monitored due to night-time declaration activity.
90839395,Low,0.0,0.1618187760992773,Shipment characteristics align with normal operational and behavioral patterns.
16001407,Low,0.03,0.1587577639035318,Container monitored due to night-time declaration activity.
34768717,Low,0.0,0.1456930678566326,Shipment characteristics align with normal operational and behavioral patterns.
39346654,Low,0.03,0.092796235553032,Container monitored due to night-time declaration activity.
26287874,Low,0.03,0.1455708466267237,Container monitored due to night-time declaration activity.
72015721,Low,0.0,0.1575968309365604,Shipment characteristics align with normal operational and behavioral patterns.
77638636,Low,0.0,0.152591460893129,Shipment characteristics align with normal operational and behavioral patterns.
39748352,Low,0.0,0.2016258154890169,Shipment characteristics align with normal operational and behavioral patterns.
31882962,Low,0.0,0.1407918884150321,Shipment characteristics align with normal operational and behavioral patterns.
75705146,Low,0.0,0.174630859354802,Shipment characteristics align with normal operational and behavioral patterns.
55717852,Low,0.0,0.1454047758052387,Shipment characteristics align with normal operational and behavioral patterns.
63752917,Low,0.0,0.1889892568161792,Shipment characteristics align with normal operational and behavioral patterns.
44136140,Low,0.0,0.1880522595134989,Shipment characteristics align with normal operational and behavioral patterns.
87764539,Low,0.03,0.2014900713630654,Container monitored due to night-time declaration activity.
16173686,Low,0.0,0.1314846673106537,Shipment characteristics align with normal operational and behavioral patterns.
25998982,Low,0.03,0.1747241931263403,Container monitored due to night-time declaration activity.
52506053,Low,0.0,0.2023196538487441,Shipment characteristics align with normal operational and behavioral patterns.
66030982,Low,0.0,0.1899402396148882,Shipment characteristics align with normal operational and behavioral patterns.
13570418,Medium,0.2,0.1425352290595735,Container flagged for moderate operational risk due to excessive dwell time.
97559850,Low,0.0,0.2066937035234553,Shipment characteristics align with normal operational and behavioral patterns.
24549119,Low,0.0,0.1670106100019622,Shipment characteristics align with normal operational and behavioral patterns.
74994476,Low,0.0,0.1286680913849615,Shipment characteristics align with normal operational and behavioral patterns.
53030321,Medium,0.13,0.1747026779318031,"Container flagged for moderate operational risk due to night-time declaration activity, limited importer shipment history."
72384831,Low,0.03,0.1358271666181634,Container monitored due to night-time declaration activity.
17150268,Low,0.0,0.1959304126314582,Shipment characteristics align with normal operational and behavioral patterns.
63326216,Low,0.0,0.1240297255069444,Shipment characteristics align with normal operational and behavioral patterns.
75205915,Low,0.0,0.1719581767275411,Shipment characteristics align with normal operational and behavioral patterns.
62942137,Medium,0.23,0.119459448340901,"Container flagged for moderate operational risk due to excessive dwell time, night-time declaration activity."
25346387,Medium,0.1666666666666666,0.1112453110377918,Container flagged for moderate operational risk due to high cargo value.
28154094,Low,0.0,0.1575142618063269,Shipment characteristics align with normal operational and behavioral patterns.
97122435,Low,0.03,0.1123961899510124,Container monitored due to night-time declaration activity.
99082088,Medium,0.2,0.123716362148845,Container flagged for moderate operational risk due to excessive dwell time.
23728875,Low,0.0,0.1676120215749105,Shipment characteristics align with normal operational and behavioral patterns.
23083805,Medium,0.13,0.1730507101970835,"Container flagged for moderate operational risk due to night-time declaration activity, limited importer shipment history."
92713494,Low,0.0,0.1604726655859946,Shipment characteristics align with normal operational and behavioral patterns.
87395044,Medium,0.13,0.1463603919421373,"Container flagged for moderate operational risk due to night-time declaration activity, limited importer shipment history."
92954911,Low,0.0,0.1956807006274819,Shipment characteristics align with normal operational and behavioral patterns.
73787391,Low,0.0,0.1092212125273195,Shipment characteristics align with normal operational and behavioral patterns.
22030440,Low,0.0,0.2020257702536955,Shipment characteristics align with normal operational and behavioral patterns.
75341705,Low,0.0,0.1339208314744243,Shipment characteristics align with normal operational and behavioral patterns.
67602606,Low,0.0,0.1703908300995311,Shipment characteristics align with normal operational and behavioral patterns.
10190948,Low,0.03,0.1710556973824267,Container monitored due to night-time declaration activity.
31530516,Medium,0.2,0.1553770284960318,Container flagged for moderate operational risk due to excessive dwell time.
58147732,Low,0.0,0.2044916477191058,Shipment characteristics align with normal operational and behavioral patterns.
78721724,Low,0.0,0.2026726342327742,Shipment characteristics align with normal operational and behavioral patterns.
29579549,Low,0.03,0.1426574879011913,Container monitored due to night-time declaration activity.
75040710,Low,0.0,0.1345486704185544,Shipment characteristics align with normal operational and behavioral patterns.
68869871,Low,0.0,0.1952513349395567,Shipment characteristics align with normal operational and behavioral patterns.
85949007,Low,0.03,0.1817550771046269,Container monitored due to night-time declaration activity.
48150498,Medium,0.1966666666666666,0.1425029199698274,"Container flagged for moderate operational risk due to high cargo value, night-time declaration activity."
16916484,Low,0.03,0.1257238266219326,Container monitored due to night-time declaration activity.
73407082,Low,0.03,0.1453260236674891,Container monitored due to night-time declaration activity.
37849873,Low,0.0,0.1659007969791289,Shipment characteristics align with normal operational and behavioral patterns.
28440752,Low,0.0,0.2004781812457599,Shipment characteristics align with normal operational and behavioral patterns.
78230978,Low,0.0,0.1248790487501027,Shipment characteristics align with normal operational and behavioral patterns.
54956252,Medium,0.1,0.1540389884464332,Container flagged for moderate operational risk due to limited importer shipment history.
82039844,Low,0.0,0.1588924859071399,Shipment characteristics align with normal operational and behavioral patterns.
40762341,Low,0.0,0.0215129480042184,Shipment characteristics align with normal operational and behavioral patterns.
22642593,Low,0.03,0.1642697866954892,Container monitored due to night-time declaration activity.
68087210,Medium,0.1,0.1658812736460261,Container flagged for moderate operational risk due to limited importer shipment history.
64527957,Low,0.0,0.1385524106527839,Shipment characteristics align with normal operational and behavioral patterns.
21095898,Low,0.0,0.1758788032686774,Shipment characteristics align with normal operational and behavioral patterns.
28585452,Low,0.0,0.107212977969304,Shipment characteristics align with normal operational and behavioral patterns.
21749044,Low,0.0,0.1618498808013433,Shipment characteristics align with normal operational and behavioral patterns.
48025291,Low,0.03,0.1571092045102556,Container monitored due to night-time declaration activity.
90910179,Low,0.03,0.1787307264835145,Container monitored due to night-time declaration activity.
77758233,Low,0.03,0.1114219785765059,Container monitored due to night-time declaration activity.
70633377,Low,0.0,0.1843550924465704,Shipment characteristics align with normal operational and behavioral patterns.
30960580,Critical,0.32,-0.0703129255588267,"Container classified as Critical Risk due to high anomaly score, severe weight discrepancy."
64522029,Low,0.0,0.0826784419495834,Shipment characteristics align with normal operational and behavioral patterns.
49549084,Low,0.0,0.1856125519735409,Shipment characteristics align with normal operational and behavioral patterns.
18214086,Low,0.0,0.0678061090654845,Shipment characteristics align with normal operational and behavioral patterns.
98994460,Medium,0.1666666666666666,0.0452150136450049,Container flagged for moderate operational risk due to high cargo value.
25574809,Low,0.03,0.1161893202281336,Container monitored due to night-time declaration activity.
27131304,Low,0.0,0.1149217942178212,Shipment characteristics align with normal operational and behavioral patterns.
87169418,Low,0.03,0.1503954006492528,Container monitored due to night-time declaration activity.
65218622,Low,0.0,0.084074326398285,Shipment characteristics align with normal operational and behavioral patterns.
70620527,Low,0.0,0.1977440768412052,Shipment characteristics align with normal operational and behavioral patterns.
87646778,Low,0.0,0.1498620432033851,Shipment characteristics align with normal operational and behavioral patterns.
75547590,Low,0.0,0.1305415577265082,Shipment characteristics align with normal operational and behavioral patterns.
98712955,Low,0.03,0.1840438963267409,Container monitored due to night-time declaration activity.
42560119,Low,0.03,0.1169852925272992,Container monitored due to night-time declaration activity.
77329646,Low,0.03,0.1790174501577332,Container monitored due to night-time declaration activity.
20043702,Medium,0.1,0.1407093986115947,Container flagged for moderate operational risk due to limited importer shipment history.
65732664,Low,0.0,0.1900707118221901,Shipment characteristics align with normal operational and behavioral patterns.
54065841,Low,0.0,0.1654041689715745,Shipment characteristics align with normal operational and behavioral patterns.
29800322,Low,0.0,0.1556113658096247,Shipment characteristics align with normal operational and behavioral patterns.
92725135,Low,0.0,0.1882258925416284,Shipment characteristics align with normal operational and behavioral patterns.
94872968,Low,0.03,0.1230905115460117,Container monitored due to night-time declaration activity.
38800768,Low,0.0,0.0183738219085993,Shipment characteristics align with normal operational and behavioral patterns.
86073343,Low,0.03,0.186621511497989,Container monitored due to night-time declaration activity.
73034566,Low,0.03,0.1793387733220035,Container monitored due to night-time declaration activity.
66804474,Low,0.0,0.1817982669697885,Shipment characteristics align with normal operational and behavioral patterns.
39987718,Low,0.0,0.1206503810282429,Shipment characteristics align with normal operational and behavioral patterns.
93150485,Medium,0.1,0.1854555448647316,Container flagged for moderate operational risk due to limited importer shipment history.
70433737,Medium,0.1666666666666666,0.1176888861319537,Container flagged for moderate operational risk due to high cargo value.
71719458,Medium,0.1966666666666666,-0.0123774340499015,"Container flagged for moderate operational risk due to high anomaly score, extremely high cargo value, night-time declaration activity."
17311317,Low,0.0,0.1425260465034367,Shipment characteristics align with normal operational and behavioral patterns.
19771659,Low,0.0,0.1776583451412924,Shipment characteristics align with normal operational and behavioral patterns.
37768553,Medium,0.1666666666666666,0.0714623466156013,Container flagged for moderate operational risk due to high cargo value.
39385052,Low,0.03,0.0611467052969885,Container monitored due to night-time declaration activity.
82469179,Low,0.0,0.188273053437481,Shipment characteristics align with normal operational and behavioral patterns.
10379956,Low,0.0,0.1488983680518555,Shipment characteristics align with normal operational and behavioral patterns.
38465560,Low,0.0,0.1988257614676984,Shipment characteristics align with normal operational and behavioral patterns.
94957897,Low,0.0,0.1946133745123675,Shipment characteristics align with normal operational and behavioral patterns.
60416968,Low,0.0,0.1916962787607213,Shipment characteristics align with normal operational and behavioral patterns.
49524238,Low,0.0,0.1265008629218315,Shipment characteristics align with normal operational and behavioral patterns.
51593265,Low,0.0,0.1820980147472902,Shipment characteristics align with normal operational and behavioral patterns.
55938131,Low,0.03,0.1709103366041893,Container monitored due to night-time declaration activity.
21057698,Low,0.0,0.1636884715297336,Shipment characteristics align with normal operational and behavioral patterns.
17770216,Low,0.0,0.1355574120387673,Shipment characteristics align with normal operational and behavioral patterns.
13557375,Medium,0.1,0.1971529317559102,Container flagged for moderate operational risk due to limited importer shipment history.
71351918,Low,0.0,0.1941789561860932,Shipment characteristics align with normal operational and behavioral patterns.
11677079,Medium,0.1999999999999999,0.1001858684593929,Container flagged for moderate operational risk due to abnormal weight discrepancy.
65517560,Low,0.03,0.1842784946376843,Container monitored due to night-time declaration activity.
77445832,Low,0.0,0.1547812520769669,Shipment characteristics align with normal operational and behavioral patterns.
25858456,Low,0.0,0.0364185783557156,Shipment characteristics align with normal operational and behavioral patterns.
35970292,Medium,0.1666666666666666,0.1365905478354396,Container flagged for moderate operational risk due to high cargo value.
23681022,Low,0.0,0.1872413428507383,Shipment characteristics align with normal operational and behavioral patterns.
59915178,Medium,0.1,0.1696760466925645,Container flagged for moderate operational risk due to limited importer shipment history.
88244860,Low,0.0,0.1524831597174999,Shipment characteristics align with normal operational and behavioral patterns.
72064632,Low,0.03,0.1925793578781601,Container monitored due to night-time declaration activity.
23286964,Low,0.03,0.1736434549550571,Container monitored due to night-time declaration activity.
62670789,Low,0.0,0.1148192529872138,Shipment characteristics align with normal operational and behavioral patterns.
63222811,Low,0.0,0.127093331174565,Shipment characteristics align with normal operational and behavioral patterns.
69045392,Low,0.03,0.1515437590857939,Container monitored due to night-time declaration activity.
22730441,Low,0.03,0.0134901705610499,Container monitored due to night-time declaration activity.
33627236,Low,0.0,0.2020516881340778,Shipment characteristics align with normal operational and behavioral patterns.
80369310,Medium,0.1666666666666666,0.1104791327528862,Container flagged for moderate operational risk due to extremely high cargo value.
39690124,Low,0.0,0.1767627675665773,Shipment characteristics align with normal operational and behavioral patterns.
66008489,Medium,0.1,0.1549876664448854,Container flagged for moderate operational risk due to limited importer shipment history.
15425970,Low,0.0,0.1652318106108439,Shipment characteristics align with normal operational and behavioral patterns.
73639814,Low,0.03,0.1332890541945771,Container monitored due to night-time declaration activity.
43871268,Low,0.0,0.1433027567914092,Shipment characteristics align with normal operational and behavioral patterns.
74877978,Low,0.0,0.1362348557463427,Shipment characteristics align with normal operational and behavioral patterns.
14728037,Low,0.0,0.1662263898360051,Shipment characteristics align with normal operational and behavioral patterns.
68936389,Low,0.0,0.1526544005885968,Shipment characteristics align with normal operational and behavioral patterns.
15066933,Low,0.0,0.154526142615122,Shipment characteristics align with normal operational and behavioral patterns.
35194572,Low,0.0,0.1770205813059928,Shipment characteristics align with normal operational and behavioral patterns.
21005755,Low,0.0,0.1258296637524009,Shipment characteristics align with normal operational and behavioral patterns.
65761601,Low,0.03,0.1664400437677289,Container monitored due to night-time declaration activity.
72751551,Low,0.03,0.1666226400588778,Container monitored due to night-time declaration activity.
66215185,Low,0.0,0.1843429687782605,Shipment characteristics align with normal operational and behavioral patterns.
66479153,Medium,0.2,0.1296142888678332,Container flagged for moderate operational risk due to excessive dwell time.
51295716,Low,0.0,0.1545165800477149,Shipment characteristics align with normal operational and behavioral patterns.
58184296,Low,0.0,0.1677299147163918,Shipment characteristics align with normal operational and behavioral patterns.
25906635,Medium,0.1966666666666666,0.0760774929117675,"Container flagged for moderate operational risk due to high cargo value, night-time declaration activity."
32930702,Medium,0.1,0.1900760481191215,Container flagged for moderate operational risk due to limited importer shipment history.
66826688,Critical,0.33,0.0671882511630247,"Container classified as Critical Risk due to excessive dwell time, night-time declaration activity, limited importer shipment history."
94909285,Medium,0.1966666666666666,0.0198624502358125,"Container flagged for moderate operational risk due to high cargo value, night-time declaration activity."
51870806,Low,0.0,0.1066087154441017,Shipment characteristics align with normal operational and behavioral patterns.
10067777,Medium,0.1,0.1963031498701254,Container flagged for moderate operational risk due to limited importer shipment history.
67185566,Low,0.0,0.1678119044892312,Shipment characteristics align with normal operational and behavioral patterns.
40512358,Low,0.0,0.1620764743978827,Shipment characteristics align with normal operational and behavioral patterns.
77136319,Low,0.0,0.1951316026735522,Shipment characteristics align with normal operational and behavioral patterns.
64785892,Medium,0.2,0.1201483550597604,Container flagged for moderate operational risk due to excessive dwell time.
41721286,Low,0.0,0.1562228905017433,Shipment characteristics align with normal operational and behavioral patterns.
16578644,Low,0.0,0.1854456843751314,Shipment characteristics align with normal operational and behavioral patterns.
73881378,Low,0.0,0.1799074493214206,Shipment characteristics align with normal operational and behavioral patterns.
67400540,Medium,0.1,0.1305850844757983,Container flagged for moderate operational risk due to limited importer shipment history.
88094637,Low,0.03,0.047971892275373,Container monitored due to night-time declaration activity.
90911129,Low,0.0,0.1043430112474129,Shipment characteristics align with normal operational and behavioral patterns.
52769070,Critical,0.4,0.0774493406355096,"Container classified as Critical Risk due to abnormal weight discrepancy, excessive dwell time."
25776166,Low,0.0,0.081891308892051,Shipment characteristics align with normal operational and behavioral patterns.
47002938,Low,0.03,0.1201339362895848,Container monitored due to night-time declaration activity.
29855361,Low,0.0,0.1552329258117954,Shipment characteristics align with normal operational and behavioral patterns.
28194961,Medium,0.2,0.1553995831226787,Container flagged for moderate operational risk due to excessive dwell time.
72530732,Low,0.03,0.1660483537948857,Container monitored due to night-time declaration activity.
45888448,Low,0.0,0.1767853505388527,Shipment characteristics align with normal operational and behavioral patterns.
70260022,Medium,0.2,0.1322398275040333,Container flagged for moderate operational risk due to excessive dwell time.
97668327,Low,0.0,0.2030344121155964,Shipment characteristics align with normal operational and behavioral patterns.
93497055,Low,0.0,0.1996710202135552,Shipment characteristics align with normal operational and behavioral patterns.
73253592,Low,0.0,0.0840856373609902,Shipment characteristics align with normal operational and behavioral patterns.
54211095,Low,0.0,0.1080106013383617,Shipment characteristics align with normal operational and behavioral patterns.
84959854,Low,0.0,0.1493708404861898,Shipment characteristics align with normal operational and behavioral patterns.
64143350,Low,0.03,0.1035603984000012,Container monitored due to night-time declaration activity.
28062688,Medium,0.2,0.1003569466673348,Container flagged for moderate operational risk due to excessive dwell time.
22024607,Low,0.03,0.1384287174288925,Container monitored due to night-time declaration activity.
65935511,Medium,0.1,0.2022131036933031,Container flagged for moderate operational risk due to limited importer shipment history.
22479148,Medium,0.13,0.0386526585460632,"Container flagged for moderate operational risk due to night-time declaration activity, limited importer shipment history."
17330017,Low,0.0,0.1735321465681604,Shipment characteristics align with normal operational and behavioral patterns.
95367615,Low,0.0,0.1526576984698212,Shipment characteristics align with normal operational and behavioral patterns.
34372267,Medium,0.1,0.1476722995909801,Container flagged for moderate operational risk due to limited importer shipment history.
41226659,Medium,0.13,0.1625944987919849,"Container flagged for moderate operational risk due to night-time declaration activity, limited importer shipment history."
55377688,Low,0.0,0.135084856121645,Shipment characteristics align with normal operational and behavioral patterns.
53967869,Medium,0.1666666666666666,0.0521186259407577,Container flagged for moderate operational risk due to high cargo value.
17827316,Low,0.03,0.1459799703968412,Container monitored due to night-time declaration activity.
68019781,Low,0.0,0.2021311221056726,Shipment characteristics align with normal operational and behavioral patterns.
72495677,Low,0.0,0.1860600431253053,Shipment characteristics align with normal operational and behavioral patterns.
67801848,Low,0.0,0.1743222969032803,Shipment characteristics align with normal operational and behavioral patterns.
97201860,Low,0.03,0.175766634232124,Container monitored due to night-time declaration activity.
98538512,Low,0.0,0.1862755326605397,Shipment characteristics align with normal operational and behavioral patterns.
62761868,Low,0.03,0.1409420489976783,Container monitored due to night-time declaration activity.
81064038,Low,0.0,0.203016277387792,Shipment characteristics align with normal operational and behavioral patterns.
74966176,Low,0.03,0.1302550243197351,Container monitored due to night-time declaration activity.
65461415,Low,0.03,0.1517170381646401,Container monitored due to night-time declaration activity.
45920185,Low,0.0,0.1369429639462558,Shipment characteristics align with normal operational and behavioral patterns.
17973888,Low,0.0,0.1447800803942039,Shipment characteristics align with normal operational and behavioral patterns.
95317620,Low,0.0,0.190137782531431,Shipment characteristics align with normal operational and behavioral patterns.
95294023,Low,0.0,0.1250122427843662,Shipment characteristics align with normal operational and behavioral patterns.
11339957,Low,0.0,0.1474782296527501,Shipment characteristics align with normal operational and behavioral patterns.
96373682,Low,0.0,0.1960482546555295,Shipment characteristics align with normal operational and behavioral patterns.
10272029,Low,0.0,0.1819712933421498,Shipment characteristics align with normal operational and behavioral patterns.
39381214,Low,0.0,0.1463280435397742,Shipment characteristics align with normal operational and behavioral patterns.
36847376,Low,0.0,0.1675763026541435,Shipment characteristics align with normal operational and behavioral patterns.
26413544,Low,0.0,0.1516511351475577,Shipment characteristics align with normal operational and behavioral patterns.
70945237,Low,0.0,0.160462531954866,Shipment characteristics align with normal operational and behavioral patterns.
61580952,Low,0.0,0.125672093968886,Shipment characteristics align with normal operational and behavioral patterns.
24037470,Low,0.03,0.1702375353935985,Container monitored due to night-time declaration activity.
22461369,Low,0.0,0.027798498847784,Shipment characteristics align with normal operational and behavioral patterns.
33404933,Low,0.0,0.135289088909299,Shipment characteristics align with normal operational and behavioral patterns.
35530854,Low,0.0,0.1451266209808896,Shipment characteristics align with normal operational and behavioral patterns.
74891985,Low,0.0,0.2104916569251564,Shipment characteristics align with normal operational and behavioral patterns.
56154186,Critical,0.32,-0.0850353707590498,"Container classified as Critical Risk due to high anomaly score, severe weight discrepancy."
42097745,Low,0.0,0.1581010898611154,Shipment characteristics align with normal operational and behavioral patterns.
59564246,Medium,0.1966666666666666,0.1386258928908967,"Container flagged for moderate operational risk due to high cargo value, night-time declaration activity."
40375975,Low,0.0,0.2080237704461582,Shipment characteristics align with normal operational and behavioral patterns.
90318922,Low,0.03,0.1468349052796191,Container monitored due to night-time declaration activity.
70024861,Low,0.0,0.1759509820048941,Shipment characteristics align with normal operational and behavioral patterns.
52727604,Low,0.03,0.131343678911217,Container monitored due to night-time declaration activity.
27132064,Low,0.0,0.1813410552999134,Shipment characteristics align with normal operational and behavioral patterns.
57922054,Low,0.0,0.1667625069811547,Shipment characteristics align with normal operational and behavioral patterns.
38882576,Low,0.0,0.1686209815914887,Shipment characteristics align with normal operational and behavioral patterns.
71854267,Medium,0.2,0.1423997899350547,Container flagged for moderate operational risk due to excessive dwell time.
63931180,Low,0.0,0.1610181895048995,Shipment characteristics align with normal operational and behavioral patterns.
84733488,Medium,0.2,0.1157429939136578,Container flagged for moderate operational risk due to excessive dwell time.
63689600,Low,0.0,0.1861604169827705,Shipment characteristics align with normal operational and behavioral patterns.
34165459,Low,0.0,0.1584702954950479,Shipment characteristics align with normal operational and behavioral patterns.
78269765,Low,0.03,0.1176549564433481,Container monitored due to night-time declaration activity.
83864091,Low,0.0,0.0417825917332936,Shipment characteristics align with normal operational and behavioral patterns.
12438670,Low,0.03,0.1540276898179028,Container monitored due to night-time declaration activity.
59331289,Low,0.0,0.1763901405716869,Shipment characteristics align with normal operational and behavioral patterns.
43917903,Medium,0.1666666666666666,0.1382277517646941,Container flagged for moderate operational risk due to high cargo value.
91902701,Low,0.0,0.1495339879847631,Shipment characteristics align with normal operational and behavioral patterns.
39501987,Low,0.03,0.1507432265379637,Container monitored due to night-time declaration activity.
71669231,Low,0.0,0.1624632560019925,Shipment characteristics align with normal operational and behavioral patterns.
62099214,Medium,0.2,0.12671562942679,Container flagged for moderate operational risk due to excessive dwell time.
49751621,Low,0.0,0.1861775293379012,Shipment characteristics align with normal operational and behavioral patterns.
29341863,Medium,0.1666666666666666,0.0872163788008814,Container flagged for moderate operational risk due to high cargo value.
74520207,Low,0.03,0.1359816913982313,Container monitored due to night-time declaration activity.
17574384,Low,0.0,0.1526070361457372,Shipment characteristics align with normal operational and behavioral patterns.
10506821,Low,0.03,0.2001898705929521,Container monitored due to night-time declaration activity.
47701823,Low,0.0,0.1323900601955065,Shipment characteristics align with normal operational and behavioral patterns.
17807380,Low,0.0,0.1128127616108481,Shipment characteristics align with normal operational and behavioral patterns.
45137354,Low,0.0,0.1607172061797205,Shipment characteristics align with normal operational and behavioral patterns.
37648715,Low,0.0,0.1829934258825937,Shipment characteristics align with normal operational and behavioral patterns.
96527918,Low,0.0,0.193607375458673,Shipment characteristics align with normal operational and behavioral patterns.
25925992,Medium,0.1,0.1975805135632825,Container flagged for moderate operational risk due to limited importer shipment history.
72593524,Medium,0.2,0.1335512025567927,Container flagged for moderate operational risk due to excessive dwell time.
28768336,Low,0.03,0.1807231428238304,Container monitored due to night-time declaration activity.
31604703,Low,0.0,0.1985143046045732,Shipment characteristics align with normal operational and behavioral patterns.
55227822,Low,0.0,0.1900328531973936,Shipment characteristics align with normal operational and behavioral patterns.
89194517,Low,0.0,0.1226241935016018,Shipment characteristics align with normal operational and behavioral patterns.
17566435,Low,0.0,0.0228468486300953,Shipment characteristics align with normal operational and behavioral patterns.
49704533,Low,0.03,0.1434528753544718,Container monitored due to night-time declaration activity.
65743011,Low,0.0,0.180669972877226,Shipment characteristics align with normal operational and behavioral patterns.
90181357,Low,0.03,0.0757126757725047,Container monitored due to night-time declaration activity.
44679589,Low,0.03,0.1100888864796665,Container monitored due to night-time declaration activity.
20239682,Low,0.0,0.1461284108949594,Shipment characteristics align with normal operational and behavioral patterns.
11244441,Low,0.03,0.1729176007093433,Container monitored due to night-time declaration activity.
67900259,Low,0.03,0.1612381349352223,Container monitored due to night-time declaration activity.
71640917,Low,0.0,0.1940674199243522,Shipment characteristics align with normal operational and behavioral patterns.
94466219,Low,0.0,0.0586583466365628,Shipment characteristics align with normal operational and behavioral patterns.
26839639,Low,0.03,0.1638691622843676,Container monitored due to night-time declaration activity.
58121112,Medium,0.2,0.1135763670076419,Container flagged for moderate operational risk due to excessive dwell time.
27609828,Low,0.0,0.1651994768665682,Shipment characteristics align with normal operational and behavioral patterns.
53519495,Medium,0.1,0.1956460804813556,Container flagged for moderate operational risk due to limited importer shipment history.
90253261,Low,0.0,0.1628610154353163,Shipment characteristics align with normal operational and behavioral patterns.
30175337,Low,0.0,0.1073682268555576,Shipment characteristics align with normal operational and behavioral patterns.
59907354,Low,0.0,0.1210676423202649,Shipment characteristics align with normal operational and behavioral patterns.
11131474,Low,0.03,0.1540461980949808,Container monitored due to night-time declaration activity.
14706450,Low,0.0,0.1849751713179875,Shipment characteristics align with normal operational and behavioral patterns.
10298786,Medium,0.1666666666666666,0.1141281869824054,Container flagged for moderate operational risk due to high cargo value.
59882965,Low,0.02,0.0517449208827189,Shipment characteristics align with normal operational and behavioral patterns.
87499311,Low,0.0,0.1378948869253286,Shipment characteristics align with normal operational and behavioral patterns.
80482615,Low,0.03,0.1143354762117419,Container monitored due to night-time declaration activity.
64243289,Medium,0.1666666666666666,0.1052095723851888,Container flagged for moderate operational risk due to high cargo value.
65247834,Medium,0.1999999999999999,0.0069523348892057,Container flagged for moderate operational risk due to abnormal weight discrepancy.
13799920,Low,0.03,0.1831027629242797,Container monitored due to night-time declaration activity.
51903904,Low,0.0,0.1888514457481096,Shipment characteristics align with normal operational and behavioral patterns.
37476659,Medium,0.2,-0.0025905983856641,"Container flagged for moderate operational risk due to high anomaly score, excessive dwell time."
80989928,Low,0.0,0.1096700243303378,Shipment characteristics align with normal operational and behavioral patterns.
17232357,Low,0.03,0.1493700774237777,Container monitored due to night-time declaration activity.
45523541,Low,0.03,0.1718352254300306,Container monitored due to night-time declaration activity.
95465119,Low,0.0,0.0302652783466865,Shipment characteristics align with normal operational and behavioral patterns.
81991448,Low,0.03,0.14288274490567,Container monitored due to night-time declaration activity.
52197675,Medium,0.2299999999999999,0.0641925612218794,"Container flagged for moderate operational risk due to abnormal weight discrepancy, night-time declaration activity."
81471325,Low,0.03,0.0143493882395527,Container monitored due to night-time declaration activity.
29920266,Low,0.0,0.1611910795673652,Shipment characteristics align with normal operational and behavioral patterns.
12742657,Low,0.03,0.1393531660002211,Container monitored due to night-time declaration activity.
48754412,Low,0.0,0.2109023717751557,Shipment characteristics align with normal operational and behavioral patterns.
64780112,Low,0.0,0.1821598537194835,Shipment characteristics align with normal operational and behavioral patterns.
76266245,Low,0.0,0.172991675966945,Shipment characteristics align with normal operational and behavioral patterns.
33341356,Low,0.0,0.1935136574492007,Shipment characteristics align with normal operational and behavioral patterns.
44852078,Low,0.0,0.1714519404799694,Shipment characteristics align with normal operational and behavioral patterns.
34214177,Low,0.03,0.1770928683059352,Container monitored due to night-time declaration activity.
68668097,Low,0.0,0.1475143015438373,Shipment characteristics align with normal operational and behavioral patterns.
17573919,Low,0.0,0.1715472422848506,Shipment characteristics align with normal operational and behavioral patterns.
49450116,Medium,0.2,0.0020853407783021,Container flagged for moderate operational risk due to excessive dwell time.
97231702,Low,0.0,0.1610828518397891,Shipment characteristics align with normal operational and behavioral patterns.
43199049,Low,0.03,0.1620479911690221,Container monitored due to night-time declaration activity.
88248534,Low,0.0,0.1776084374078201,Shipment characteristics align with normal operational and behavioral patterns.
75135655,Medium,0.1,0.1754408197498008,Container flagged for moderate operational risk due to limited importer shipment history.
95472880,Low,0.0,0.1800287480263517,Shipment characteristics align with normal operational and behavioral patterns.
49140586,Medium,0.1666666666666666,0.0903566309995686,Container flagged for moderate operational risk due to high cargo value.
15436407,Low,0.0,0.1248985701618419,Shipment characteristics align with normal operational and behavioral patterns.
68169785,Low,0.0,-0.0593321372116805,Container monitored due to high anomaly score.
31958249,Medium,0.13,0.1599941349203786,"Container flagged for moderate operational risk due to night-time declaration activity, limited importer shipment history."
80240835,Low,0.0,0.1792499821635457,Shipment characteristics align with normal operational and behavioral patterns.
78994854,Low,0.0,0.1847343356235507,Shipment characteristics align with normal operational and behavioral patterns.
30791719,Low,0.03,0.1857485534887697,Container monitored due to night-time declaration activity.
66289878,Low,0.03,0.1521932140200611,Container monitored due to night-time declaration activity.
59027165,Medium,0.1,0.1830497862393025,Container flagged for moderate operational risk due to limited importer shipment history.
71057691,Low,0.03,0.092093731564344,Container monitored due to night-time declaration activity.
32313762,Low,0.03,0.1341112223112591,Container monitored due to night-time declaration activity.
32593063,Low,0.0,0.1721547571551352,Shipment characteristics align with normal operational and behavioral patterns.
29560980,Low,0.03,-0.0039703283854024,"Container monitored due to high anomaly score, night-time declaration activity."
41433307,Low,0.0,0.2031238556930048,Shipment characteristics align with normal operational and behavioral patterns.
33459759,Low,0.0,0.1493753492467968,Shipment characteristics align with normal operational and behavioral patterns.
38956784,Low,0.03,0.1043617266335491,Container monitored due to night-time declaration activity.
22876771,Low,0.03,0.184527128086497,Container monitored due to night-time declaration activity.
19023024,Low,0.03,0.1242568573000138,Container monitored due to night-time declaration activity.
91064678,Low,0.0,0.1809387972054468,Shipment characteristics align with normal operational and behavioral patterns.
88690853,Low,0.0,0.1903385704584797,Shipment characteristics align with normal operational and behavioral patterns.
54121025,Low,0.0,0.2037666206054798,Shipment characteristics align with normal operational and behavioral patterns.
92267431,Low,0.03,0.1172279985699371,Container monitored due to night-time declaration activity.
87018916,Low,0.0,0.0780228136384253,Shipment characteristics align with normal operational and behavioral patterns.
95257661,Medium,0.2966666666666666,0.1265887513789776,"Container flagged for moderate operational risk due to high cargo value, night-time declaration activity, limited importer shipment history."
52106091,Low,0.0,0.1411206649970597,Shipment characteristics align with normal operational and behavioral patterns.
14057402,Low,0.0,0.0325536789861862,Shipment characteristics align with normal operational and behavioral patterns.
86041041,Low,0.03,0.1262378721808008,Container monitored due to night-time declaration activity.
16997774,Low,0.0,0.1728271032606767,Shipment characteristics align with normal operational and behavioral patterns.
74287926,Low,0.03,0.1642844041067424,Container monitored due to night-time declaration activity.
18018454,Low,0.0,0.185376290422823,Shipment characteristics align with normal operational and behavioral patterns.
47915602,Low,0.0,0.181958984867237,Shipment characteristics align with normal operational and behavioral patterns.
51583088,Low,0.0,0.1452605593353214,Shipment characteristics align with normal operational and behavioral patterns.
63690012,Low,0.0,0.1793819056944325,Shipment characteristics align with normal operational and behavioral patterns.
64141431,Low,0.0,-0.0002579931046562,Container monitored due to high anomaly score.
29653419,Low,0.0,0.1623573122481305,Shipment characteristics align with normal operational and behavioral patterns.
79657461,Low,0.03,0.1849085037670758,Container monitored due to night-time declaration activity.
90731243,Low,0.0,0.1521427275812091,Shipment characteristics align with normal operational and behavioral patterns.
53392252,Low,0.0,0.1420283400742947,Shipment characteristics align with normal operational and behavioral patterns.
78002103,Low,0.03,0.1591634534929897,Container monitored due to night-time declaration activity.
54505133,Low,0.0,0.1525229831272708,Shipment characteristics align with normal operational and behavioral patterns.
27429695,Low,0.03,0.1783399487141322,Container monitored due to night-time declaration activity.
18485953,Medium,0.23,0.0549213190059131,"Container flagged for moderate operational risk due to excessive dwell time, night-time declaration activity."
91581453,Low,0.0,0.193592515577784,Shipment characteristics align with normal operational and behavioral patterns.
51699243,Low,0.0,0.0394598951497072,Shipment characteristics align with normal operational and behavioral patterns.
69256645,Low,0.03,0.0398199082847328,Container monitored due to night-time declaration activity.
30372070,Low,0.0,0.1809013452853296,Shipment characteristics align with normal operational and behavioral patterns.
94986484,Low,0.0,0.1629157587316274,Shipment characteristics align with normal operational and behavioral patterns.
62595777,Low,0.0,0.095729399618762,Shipment characteristics align with normal operational and behavioral patterns.
51656260,Low,0.0,0.1461293103021996,Shipment characteristics align with normal operational and behavioral patterns.
52863363,Low,0.0,0.1742994933684721,Shipment characteristics align with normal operational and behavioral patterns.
42027380,Low,0.0,0.2065370981590069,Shipment characteristics align with normal operational and behavioral patterns.
89965231,Low,0.0,0.1550839392228568,Shipment characteristics align with normal operational and behavioral patterns.
32561571,Low,0.03,0.1027043949846555,Container monitored due to night-time declaration activity.
63877683,Critical,0.5966666666666667,0.0394211123818331,"Container classified as Critical Risk due to high cargo value, abnormal weight discrepancy, excessive dwell time."
95226203,Low,0.0,0.1703275560670848,Shipment characteristics align with normal operational and behavioral patterns.
82748344,Low,0.0,0.0988715244532156,Shipment characteristics align with normal operational and behavioral patterns.
47989102,Medium,0.1,0.1979083404578298,Container flagged for moderate operational risk due to limited importer shipment history.
77081574,Low,0.0,0.1758436948720526,Shipment characteristics align with normal operational and behavioral patterns.
65669185,Critical,0.4,0.1184839040218643,"Container classified as Critical Risk due to abnormal weight discrepancy, excessive dwell time."
70939649,Low,0.03,0.140752236565143,Container monitored due to night-time declaration activity.
52303098,Low,0.03,0.1554391295885439,Container monitored due to night-time declaration activity.
94588209,Low,0.0,0.2061355409846562,Shipment characteristics align with normal operational and behavioral patterns.
99377124,Medium,0.23,0.136335204840622,"Container flagged for moderate operational risk due to excessive dwell time, night-time declaration activity."
82510638,Low,0.0,0.1748006530737416,Shipment characteristics align with normal operational and behavioral patterns.
39570820,Low,0.0,0.176903649233041,Shipment characteristics align with normal operational and behavioral patterns.
59011299,Low,0.03,0.1051668767015819,Container monitored due to night-time declaration activity.
90057858,Low,0.0,0.2046231102600679,Shipment characteristics align with normal operational and behavioral patterns.
70151231,Low,0.0,0.1536584394030749,Shipment characteristics align with normal operational and behavioral patterns.
36806825,Low,0.0,0.1624988420565637,Shipment characteristics align with normal operational and behavioral patterns.
63241700,Medium,0.23,0.0614246158362418,"Container flagged for moderate operational risk due to excessive dwell time, night-time declaration activity."
44529828,Low,0.0,0.1602870246271342,Shipment characteristics align with normal operational and behavioral patterns.
83409441,Medium,0.1666666666666666,0.1568855845253818,Container flagged for moderate operational risk due to high cargo value.
71673570,Low,0.0,0.1225428376240904,Shipment characteristics align with normal operational and behavioral patterns.
51140828,Low,0.0,0.1508218756802144,Shipment characteristics align with normal operational and behavioral patterns.
20072423,Low,0.0,0.1868709069359345,Shipment characteristics align with normal operational and behavioral patterns.
28681112,Low,0.03,0.1658588366310524,Container monitored due to night-time declaration activity.
46811609,Low,0.0,0.1989016222224665,Shipment characteristics align with normal operational and behavioral patterns.
53268305,Low,0.03,0.1558183549775089,Container monitored due to night-time declaration activity.
51990185,Low,0.03,0.0358303636158445,Container monitored due to night-time declaration activity.
55511860,Low,0.0,0.0236215984096792,Shipment characteristics align with normal operational and behavioral patterns.
97632789,Low,0.0,0.1970960533627818,Shipment characteristics align with normal operational and behavioral patterns.
58635350,Low,0.0,0.1028251258213113,Shipment characteristics align with normal operational and behavioral patterns.
45727784,Medium,0.1666666666666666,0.1105716698816788,Container flagged for moderate operational risk due to high cargo value.
10572763,Low,0.0,0.1691260756040176,Shipment characteristics align with normal operational and behavioral patterns.
41424523,Low,0.0,0.0872545232727987,Shipment characteristics align with normal operational and behavioral patterns.
98588752,Low,0.0,0.1403443693861766,Shipment characteristics align with normal operational and behavioral patterns.
63234572,Low,0.0,0.158378545973654,Shipment characteristics align with normal operational and behavioral patterns.
32058740,Low,0.0,0.0422559331951003,Shipment characteristics align with normal operational and behavioral patterns.
10131481,Low,0.0,0.1810021855056298,Shipment characteristics align with normal operational and behavioral patterns.
19665989,Medium,0.1666666666666666,0.1589559619843772,Container flagged for moderate operational risk due to high cargo value.
49812291,Low,0.0,0.1833644851455627,Shipment characteristics align with normal operational and behavioral patterns.
25623767,Low,0.0,0.195375539247118,Shipment characteristics align with normal operational and behavioral patterns.
43656882,Low,0.03,0.0253770327596333,Container monitored due to night-time declaration activity.
25912131,Low,0.0,0.20003975273254,Shipment characteristics align with normal operational and behavioral patterns.
43738249,Low,0.0,0.1992761389973589,Shipment characteristics align with normal operational and behavioral patterns.
78288015,Low,0.0,0.1489781165968921,Shipment characteristics align with normal operational and behavioral patterns.
30619527,Low,0.0,0.1517109608160178,Shipment characteristics align with normal operational and behavioral patterns.
78633428,Low,0.0,0.156759878926524,Shipment characteristics align with normal operational and behavioral patterns.
65717975,Low,0.0,0.2054815917581903,Shipment characteristics align with normal operational and behavioral patterns.
56004458,Low,0.03,0.1729788149461048,Container monitored due to night-time declaration activity.
14620637,Low,0.0,0.0621623631203279,Shipment characteristics align with normal operational and behavioral patterns.
87920298,Low,0.03,0.1302473570217917,Container monitored due to night-time declaration activity.
23432920,Low,0.03,0.159620453328849,Container monitored due to night-time declaration activity.
98855026,Medium,0.1999999999999999,0.0178699055648025,Container flagged for moderate operational risk due to abnormal weight discrepancy.
36641997,Low,0.0,0.1134414914272068,Shipment characteristics align with normal operational and behavioral patterns.
30084807,Low,0.03,0.105318174887233,Container monitored due to night-time declaration activity.
39178384,Low,0.0,0.1266865924198462,Shipment characteristics align with normal operational and behavioral patterns.
92595438,Low,0.0,0.1611689061548382,Shipment characteristics align with normal operational and behavioral patterns.
54933537,Medium,0.23,0.0134196485352563,"Container flagged for moderate operational risk due to excessive dwell time, night-time declaration activity."
59652777,Low,0.0,0.2008792333274537,Shipment characteristics align with normal operational and behavioral patterns.
70788045,Low,0.0,0.1937585794083743,Shipment characteristics align with normal operational and behavioral patterns.
23236112,Low,0.03,0.1579162396363927,Container monitored due to night-time declaration activity.
34983577,Critical,0.4,0.062815108034402,"Container classified as Critical Risk due to abnormal weight discrepancy, excessive dwell time."
51101411,Medium,0.1666666666666666,0.1490075343317028,Container flagged for moderate operational risk due to high cargo value.
64753659,Medium,0.2,0.1539725582127105,Container flagged for moderate operational risk due to excessive dwell time.
28844792,Low,0.0,0.202040211979545,Shipment characteristics align with normal operational and behavioral patterns.
14044266,Low,0.03,0.1768015889895582,Container monitored due to night-time declaration activity.
35180621,Medium,0.13,0.1231545006801033,"Container flagged for moderate operational risk due to night-time declaration activity, limited importer shipment history."
21556751,Low,0.0,0.0721238340368167,Shipment characteristics align with normal operational and behavioral patterns.
66473103,Low,0.0,0.1547949064140945,Shipment characteristics align with normal operational and behavioral patterns.
51140493,Low,0.0,0.131100395072279,Shipment characteristics align with normal operational and behavioral patterns.
51058326,Low,0.0,0.2071978343986487,Shipment characteristics align with normal operational and behavioral patterns.
57901620,Low,0.03,0.129246931819795,Container monitored due to night-time declaration activity.
96793053,Low,0.02,0.0257043470831765,Shipment characteristics align with normal operational and behavioral patterns.
45718864,Low,0.0,0.1807678532646834,Shipment characteristics align with normal operational and behavioral patterns.
76930059,Low,0.0,0.1904824302101562,Shipment characteristics align with normal operational and behavioral patterns.
19876834,Low,0.03,0.1450849365322881,Container monitored due to night-time declaration activity.
94031521,Low,0.0,0.1586407592200253,Shipment characteristics align with normal operational and behavioral patterns.
94544420,Low,0.0,0.1338907561322632,Shipment characteristics align with normal operational and behavioral patterns.
36510490,Low,0.0,0.1308448901656111,Shipment characteristics align with normal operational and behavioral patterns.
97712359,Low,0.03,0.1842549531705153,Container monitored due to night-time declaration activity.
76316273,Low,0.0,0.1999793880229879,Shipment characteristics align with normal operational and behavioral patterns.
98685284,Low,0.0,0.1092302079792508,Shipment characteristics align with normal operational and behavioral patterns.
26895426,Low,0.0,0.1877554917751109,Shipment characteristics align with normal operational and behavioral patterns.
66675776,Low,0.0,0.1612177653262024,Shipment characteristics align with normal operational and behavioral patterns.
72551808,Low,0.0,0.1453935583247591,Shipment characteristics align with normal operational and behavioral patterns.
18202092,Low,0.0,0.1784783090893689,Shipment characteristics align with normal operational and behavioral patterns.
77313209,Medium,0.1966666666666666,0.0375763726441976,"Container flagged for moderate operational risk due to extremely high cargo value, night-time declaration activity."
51990309,Low,0.03,0.1611720483592665,Container monitored due to night-time declaration activity.
28247750,Low,0.0,0.1507185686275435,Shipment characteristics align with normal operational and behavioral patterns.
91074137,Medium,0.1666666666666666,0.0434410182370186,Container flagged for moderate operational risk due to high cargo value.
56746829,Low,0.03,0.1298701020397192,Container monitored due to night-time declaration activity.
65181052,Low,0.0,0.1728435741482117,Shipment characteristics align with normal operational and behavioral patterns.
78137197,Low,0.0,0.1619278741282167,Shipment characteristics align with normal operational and behavioral patterns.
20938407,Low,0.0,0.1675118329319767,Shipment characteristics align with normal operational and behavioral patterns.
26766174,Low,0.0,0.1383174980431343,Shipment characteristics align with normal operational and behavioral patterns.
80079689,Low,0.0,0.1091713326595417,Shipment characteristics align with normal operational and behavioral patterns.
23966698,Low,0.0,0.040079828248545,Shipment characteristics align with normal operational and behavioral patterns.
91868865,Low,0.03,0.1389394835350317,Container monitored due to night-time declaration activity.
51825994,Low,0.0,0.1313705220300124,Shipment characteristics align with normal operational and behavioral patterns.
28141975,Low,0.0,0.1902194315600218,Shipment characteristics align with normal operational and behavioral patterns.
87160436,Low,0.0,0.1820542236676585,Shipment characteristics align with normal operational and behavioral patterns.
56395671,Low,0.0,0.2002545748606389,Shipment characteristics align with normal operational and behavioral patterns.
60226813,Low,0.03,0.137303344172352,Container monitored due to night-time declaration activity.
87677261,Low,0.0,0.2003720101016257,Shipment characteristics align with normal operational and behavioral patterns.
56726253,Low,0.0,0.1664382929612646,Shipment characteristics align with normal operational and behavioral patterns.
14842448,Medium,0.1,0.1823174543690889,Container flagged for moderate operational risk due to limited importer shipment history.
91117010,Low,0.03,0.0339952103894924,Container monitored due to night-time declaration activity.
78605233,Low,0.0,0.1584935459413862,Shipment characteristics align with normal operational and behavioral patterns.
83415532,Medium,0.2299999999999999,-0.04813736334678,"Container flagged for moderate operational risk due to high anomaly score, abnormal weight discrepancy, night-time declaration activity."
15509022,Low,0.0,0.1817066384471626,Shipment characteristics align with normal operational and behavioral patterns.
70321215,Low,0.03,0.0894535781073855,Container monitored due to night-time declaration activity.
13155035,Low,0.03,0.1799108271978617,Container monitored due to night-time declaration activity.
54269853,Low,0.0,0.2112791110032349,Shipment characteristics align with normal operational and behavioral patterns.
41719982,Low,0.03,0.1578762087429803,Container monitored due to night-time declaration activity.
85817257,Low,0.0,0.1510577915214974,Shipment characteristics align with normal operational and behavioral patterns.
80323780,Low,0.0,0.2013691889461196,Shipment characteristics align with normal operational and behavioral patterns.
36798822,Low,0.0,0.204780002806141,Shipment characteristics align with normal operational and behavioral patterns.
99325201,Low,0.0,0.0507017269262491,Shipment characteristics align with normal operational and behavioral patterns.
20670031,Low,0.0,0.1344580407641122,Shipment characteristics align with normal operational and behavioral patterns.
37932243,Low,0.0,0.1900679352034516,Shipment characteristics align with normal operational and behavioral patterns.
94917751,Low,0.0,0.1656934400688593,Shipment characteristics align with normal operational and behavioral patterns.
72519607,Medium,0.1966666666666666,0.1129579948252849,"Container flagged for moderate operational risk due to high cargo value, night-time declaration activity."
72998323,Low,0.03,0.1028983502778522,Container monitored due to night-time declaration activity.
93336420,Low,0.05,0.0316307837526423,Container monitored due to night-time declaration activity.
14089602,Low,0.0,0.1391558647920388,Shipment characteristics align with normal operational and behavioral patterns.
23615697,Low,0.0,0.1179161548346126,Shipment characteristics align with normal operational and behavioral patterns.
33308844,Medium,0.1,0.1939652363193095,Container flagged for moderate operational risk due to limited importer shipment history.
72546500,Medium,0.1,0.1875799490047799,Container flagged for moderate operational risk due to limited importer shipment history.
85770349,Low,0.0,0.0958816955027154,Shipment characteristics align with normal operational and behavioral patterns.
49199460,Low,0.0,0.0273932039203823,Shipment characteristics align with normal operational and behavioral patterns.
59328508,Low,0.0,0.1802834796886991,Shipment characteristics align with normal operational and behavioral patterns.
81488740,Medium,0.13,0.1705149701719653,"Container flagged for moderate operational risk due to night-time declaration activity, limited importer shipment history."
75203026,Low,0.0,0.1767415649351614,Shipment characteristics align with normal operational and behavioral patterns.
69062791,Medium,0.13,0.1693006834025386,"Container flagged for moderate operational risk due to night-time declaration activity, limited importer shipment history."
58919884,Low,0.0,0.1672038832417032,Shipment characteristics align with normal operational and behavioral patterns.
21037138,Low,0.0,0.1985239006214388,Shipment characteristics align with normal operational and behavioral patterns.
83547607,Low,0.03,0.1216597557971708,Container monitored due to night-time declaration activity.
54067876,Low,0.0,0.1683610300921867,Shipment characteristics align with normal operational and behavioral patterns.
62070552,Medium,0.1966666666666666,0.0636489285747935,"Container flagged for moderate operational risk due to high cargo value, night-time declaration activity."
23512510,Low,0.03,0.1266410001853831,Container monitored due to night-time declaration activity.
59678108,Medium,0.1,0.1560181499432212,Container flagged for moderate operational risk due to limited importer shipment history.
49686797,Low,0.0,0.2073393455667587,Shipment characteristics align with normal operational and behavioral patterns.
24617353,Low,0.0,0.1553217971805791,Shipment characteristics align with normal operational and behavioral patterns.
50513101,Medium,0.1,0.1905419906949589,Container flagged for moderate operational risk due to limited importer shipment history.
86034205,Low,0.0,0.1619097487215781,Shipment characteristics align with normal operational and behavioral patterns.
83307574,Low,0.0,0.1744814618468028,Shipment characteristics align with normal operational and behavioral patterns.
62893239,Low,0.03,0.1668787064134,Container monitored due to night-time declaration activity.
80715983,Low,0.0,0.1938496664738509,Shipment characteristics align with normal operational and behavioral patterns.
47169914,Low,0.0,0.1914365350267781,Shipment characteristics align with normal operational and behavioral patterns.
51455195,Low,0.0,0.1956988847041055,Shipment characteristics align with normal operational and behavioral patterns.
67297538,Low,0.0,0.1701333804633589,Shipment characteristics align with normal operational and behavioral patterns.
51964326,Low,0.0,0.0855595143401641,Shipment characteristics align with normal operational and behavioral patterns.
89364666,Medium,0.1666666666666666,0.0848401859908053,Container flagged for moderate operational risk due to high cargo value.
93641649,Low,0.03,0.1685027849100701,Container monitored due to night-time declaration activity.
58081619,Low,0.0,0.1351699166320181,Shipment characteristics align with normal operational and behavioral patterns.
95859223,Low,0.0,0.1825039885799161,Shipment characteristics align with normal operational and behavioral patterns.
90710672,Low,0.03,0.1258309198521139,Container monitored due to night-time declaration activity.
16886774,Low,0.03,0.1403085626144745,Container monitored due to night-time declaration activity.
92875991,Low,0.0,0.1919340356369414,Shipment characteristics align with normal operational and behavioral patterns.
74349970,Low,0.0,0.1028247055822201,Shipment characteristics align with normal operational and behavioral patterns.
47034302,Low,0.0,0.2006461653159388,Shipment characteristics align with normal operational and behavioral patterns.
66357803,Medium,0.1,0.1319347388943166,Container flagged for moderate operational risk due to limited importer shipment history.
19888000,Medium,0.13,0.1604969857828561,"Container flagged for moderate operational risk due to night-time declaration activity, limited importer shipment history."
65339507,Low,0.0,0.1176451436480491,Shipment characteristics align with normal operational and behavioral patterns.
20850637,Low,0.03,0.1968171827949592,Container monitored due to night-time declaration activity.
54345018,Low,0.0,0.1572655962957709,Shipment characteristics align with normal operational and behavioral patterns.
91115736,Medium,0.1999999999999999,0.1207474468798306,Container flagged for moderate operational risk due to abnormal weight discrepancy.
85410949,Medium,0.23,0.0952829754116936,"Container flagged for moderate operational risk due to excessive dwell time, night-time declaration activity."
75226032,Low,0.0,0.1666023098365623,Shipment characteristics align with normal operational and behavioral patterns.
41856408,Low,0.0,0.1238440770620205,Shipment characteristics align with normal operational and behavioral patterns.
63498778,Low,0.03,0.1615405638562104,Container monitored due to night-time declaration activity.
66570559,Low,0.0,0.1400479256401895,Shipment characteristics align with normal operational and behavioral patterns.
60321979,Low,0.0,0.179966445372653,Shipment characteristics align with normal operational and behavioral patterns.
42593460,Low,0.03,0.1091959602005151,Container monitored due to night-time declaration activity.
83171232,Low,0.0,0.1902056832971922,Shipment characteristics align with normal operational and behavioral patterns.
24266552,Low,0.03,0.1985039417653619,Container monitored due to night-time declaration activity.
44923605,Medium,0.1966666666666666,0.128596238682393,"Container flagged for moderate operational risk due to high cargo value, night-time declaration activity."
54244876,Low,0.03,0.1765687208951568,Container monitored due to night-time declaration activity.
64919199,Medium,0.1966666666666666,0.0996331958000572,"Container flagged for moderate operational risk due to extremely high cargo value, night-time declaration activity."
36206135,Medium,0.1,0.1572507157352153,Container flagged for moderate operational risk due to limited importer shipment history.
17786018,Low,0.0,0.2076834566303024,Shipment characteristics align with normal operational and behavioral patterns.
16482133,Low,0.0,0.0975674176119208,Shipment characteristics align with normal operational and behavioral patterns.
31298793,Low,0.03,0.1544958473206858,Container monitored due to night-time declaration activity.
88676402,Medium,0.2,0.1188776217412109,Container flagged for moderate operational risk due to excessive dwell time.
47676455,Medium,0.2,0.1480364459294207,Container flagged for moderate operational risk due to excessive dwell time.
49720617,Low,0.0,0.1102929769084919,Shipment characteristics align with normal operational and behavioral patterns.
25945749,Medium,0.2,-0.0064518566812197,"Container flagged for moderate operational risk due to high anomaly score, excessive dwell time."
92610692,Medium,0.13,0.0717325035371834,"Container flagged for moderate operational risk due to night-time declaration activity, limited importer shipment history."
32365641,Low,0.0,0.1449357954955193,Shipment characteristics align with normal operational and behavioral patterns.
38622100,Low,0.03,0.142914853695029,Container monitored due to night-time declaration activity.
16696931,Low,0.0,0.1821789840358582,Shipment characteristics align with normal operational and behavioral patterns.
21084157,Low,0.0,0.1921835874287867,Shipment characteristics align with normal operational and behavioral patterns.
85586438,Low,0.0,0.1632992142332281,Shipment characteristics align with normal operational and behavioral patterns.
58352927,Low,0.0,0.136382255539967,Shipment characteristics align with normal operational and behavioral patterns.
33875720,Low,0.03,0.1083061984319438,Container monitored due to night-time declaration activity.
85338601,Low,0.03,0.1679352146528004,Container monitored due to night-time declaration activity.
86021603,Low,0.03,0.1433373692469071,Container monitored due to night-time declaration activity.
21846847,Low,0.03,0.1605881829179373,Container monitored due to night-time declaration activity.
82292325,Low,0.0,0.1587470094202771,Shipment characteristics align with normal operational and behavioral patterns.
22303520,Low,0.03,0.167425314592608,Container monitored due to night-time declaration activity.
68769391,Low,0.0,0.2042963401623149,Shipment characteristics align with normal operational and behavioral patterns.
63421458,Low,0.03,0.1709691828849483,Container monitored due to night-time declaration activity.
56062277,Low,0.03,0.1099334369751289,Container monitored due to night-time declaration activity.
89733112,Medium,0.23,0.1510065074190751,"Container flagged for moderate operational risk due to excessive dwell time, night-time declaration activity."
30934120,Low,0.0,0.1759473890819139,Shipment characteristics align with normal operational and behavioral patterns.
43029823,Low,0.0,0.1899858748732317,Shipment characteristics align with normal operational and behavioral patterns.
73100610,Low,0.0,0.1470674788170902,Shipment characteristics align with normal operational and behavioral patterns.
43940056,Medium,0.1,0.1074469429528124,Container flagged for moderate operational risk due to limited importer shipment history.
34626211,Low,0.0,0.1653660880507852,Shipment characteristics align with normal operational and behavioral patterns.
98588986,Low,0.0,0.1002285681626153,Shipment characteristics align with normal operational and behavioral patterns.
95434529,Low,0.0,0.1864077857876468,Shipment characteristics align with normal operational and behavioral patterns.
59050457,Low,0.0,0.0689417040725588,Shipment characteristics align with normal operational and behavioral patterns.
40544804,Low,0.0,0.1996363051997305,Shipment characteristics align with normal operational and behavioral patterns.
49493853,Low,0.0,0.2043696014377699,Shipment characteristics align with normal operational and behavioral patterns.
35440843,Medium,0.1966666666666666,0.108963081809993,"Container flagged for moderate operational risk due to high cargo value, night-time declaration activity."
65916776,Low,0.0,0.1756745458917443,Shipment characteristics align with normal operational and behavioral patterns.
78691310,Low,0.0,0.185692256435747,Shipment characteristics align with normal operational and behavioral patterns.
75647835,Low,0.0,0.1643469938321995,Shipment characteristics align with normal operational and behavioral patterns.
49165993,Low,0.0,0.1802957915259037,Shipment characteristics align with normal operational and behavioral patterns.
49505917,Low,0.0,0.1174897999516346,Shipment characteristics align with normal operational and behavioral patterns.
14265786,Low,0.03,0.0743938502109797,Container monitored due to night-time declaration activity.
20224185,Medium,0.1666666666666666,0.0905911343725638,Container flagged for moderate operational risk due to extremely high cargo value.
29574997,Low,0.0,0.1934496382103743,Shipment characteristics align with normal operational and behavioral patterns.
95542183,Low,0.03,0.1542490229937782,Container monitored due to night-time declaration activity.
10544776,Low,0.03,0.1191276836470815,Container monitored due to night-time declaration activity.
18162777,Low,0.0,0.1508449925599537,Shipment characteristics align with normal operational and behavioral patterns.
85684740,Medium,0.1666666666666666,0.1577712119884395,Container flagged for moderate operational risk due to high cargo value.
93347339,Low,0.0,0.1951625148736925,Shipment characteristics align with normal operational and behavioral patterns.
77927293,Low,0.0,0.1610879555138032,Shipment characteristics align with normal operational and behavioral patterns.
69436319,Low,0.0,0.1990801966050322,Shipment characteristics align with normal operational and behavioral patterns.
10520819,Low,0.0,0.1644072202744156,Shipment characteristics align with normal operational and behavioral patterns.
17736810,Medium,0.1966666666666666,0.1329270544144893,"Container flagged for moderate operational risk due to high cargo value, night-time declaration activity."
11737661,Low,0.0,0.1789178047869166,Shipment characteristics align with normal operational and behavioral patterns.
44417127,Low,0.03,0.1207372635900979,Container monitored due to night-time declaration activity.
18989862,Medium,0.13,0.1704306923967565,"Container flagged for moderate operational risk due to night-time declaration activity, limited importer shipment history."
56184631,Low,0.0,0.1563788923016541,Shipment characteristics align with normal operational and behavioral patterns.
29259492,Low,0.0,0.1464174807842921,Shipment characteristics align with normal operational and behavioral patterns.
13498908,Low,0.0,0.1951051080622509,Shipment characteristics align with normal operational and behavioral patterns.
98750667,Medium,0.1,0.2011483846267235,Container flagged for moderate operational risk due to limited importer shipment history.
51202099,Low,0.0,0.0967533666803993,Shipment characteristics align with normal operational and behavioral patterns.
64907737,Medium,0.2,0.1186048486833549,Container flagged for moderate operational risk due to excessive dwell time.
36909058,Low,0.03,0.1822628264195997,Container monitored due to night-time declaration activity.
89984210,Medium,0.1,0.1819273634729271,Container flagged for moderate operational risk due to limited importer shipment history.
18069763,Low,0.03,0.1813276574953856,Container monitored due to night-time declaration activity.
61419561,Medium,0.23,-0.0088230110817351,"Container flagged for moderate operational risk due to high anomaly score, excessive dwell time, night-time declaration activity."
65845514,Low,0.03,0.0661764622755731,Container monitored due to night-time declaration activity.
30246240,Low,0.0,0.1891450113921359,Shipment characteristics align with normal operational and behavioral patterns.
52827148,Low,0.03,0.1189128480867003,Container monitored due to night-time declaration activity.
20753665,Low,0.03,0.1862802805801367,Container monitored due to night-time declaration activity.
34287980,Low,0.0,0.1749883692849189,Shipment characteristics align with normal operational and behavioral patterns.
89210960,Low,0.0,0.2058826880927124,Shipment characteristics align with normal operational and behavioral patterns.
57637142,Low,0.0,0.1839395198193396,Shipment characteristics align with normal operational and behavioral patterns.
98995197,Low,0.0,0.180017439772019,Shipment characteristics align with normal operational and behavioral patterns.
60619761,Low,0.03,0.1620408066219421,Container monitored due to night-time declaration activity.
37991807,Low,0.0,0.1323328857828259,Shipment characteristics align with normal operational and behavioral patterns.
74132437,Low,0.0,0.1313356260674097,Shipment characteristics align with normal operational and behavioral patterns.
74221483,Low,0.03,0.1775923584292737,Container monitored due to night-time declaration activity.
52388580,Low,0.03,0.1777105929856259,Container monitored due to night-time declaration activity.
26064499,Low,0.03,0.1902027398633617,Container monitored due to night-time declaration activity.
30738014,Low,0.03,0.1299185755637267,Container monitored due to night-time declaration activity.
92009825,Low,0.0,0.1367984924525602,Shipment characteristics align with normal operational and behavioral patterns.
35479973,Low,0.0,0.200536443708413,Shipment characteristics align with normal operational and behavioral patterns.
74748471,Low,0.03,0.1554398592217164,Container monitored due to night-time declaration activity.
21337011,Low,0.0,0.1450610177093891,Shipment characteristics align with normal operational and behavioral patterns.
25197008,Low,0.0,0.2032103939315624,Shipment characteristics align with normal operational and behavioral patterns.
11948086,Low,0.0,0.1382468415413357,Shipment characteristics align with normal operational and behavioral patterns.
29815469,Low,0.03,0.1587405132301241,Container monitored due to night-time declaration activity.
26261210,Low,0.0,0.202304620819517,Shipment characteristics align with normal operational and behavioral patterns.
22480440,Low,0.0,0.1662281867019768,Shipment characteristics align with normal operational and behavioral patterns.
18380683,Medium,0.1,0.1707100744140057,Container flagged for moderate operational risk due to limited importer shipment history.
16208226,Medium,0.13,0.1524595903746429,"Container flagged for moderate operational risk due to night-time declaration activity, limited importer shipment history."
89879514,Low,0.0,0.1682598242834888,Shipment characteristics align with normal operational and behavioral patterns.
78599485,Low,0.0,0.2012900332756613,Shipment characteristics align with normal operational and behavioral patterns.
95146193,Low,0.0,0.1995632622172,Shipment characteristics align with normal operational and behavioral patterns.
45282634,Low,0.0,0.1859826188026469,Shipment characteristics align with normal operational and behavioral patterns.
58656491,Medium,0.1,0.1585187176374575,Container flagged for moderate operational risk due to limited importer shipment history.
17761821,Low,0.0,0.1681542977502493,Shipment characteristics align with normal operational and behavioral patterns.
45650679,Low,0.0,0.19422020610387,Shipment characteristics align with normal operational and behavioral patterns.
98431316,Low,0.03,0.1469174914251962,Container monitored due to night-time declaration activity.
20495986,Low,0.0,0.1582596507997551,Shipment characteristics align with normal operational and behavioral patterns.
22065690,Medium,0.13,0.1361637876099948,"Container flagged for moderate operational risk due to night-time declaration activity, limited importer shipment history."
74209964,Low,0.0,0.1986877232109336,Shipment characteristics align with normal operational and behavioral patterns.
11021621,Low,0.03,0.1754739958148555,Container monitored due to night-time declaration activity.
83740492,Medium,0.1666666666666666,0.1491594590975294,Container flagged for moderate operational risk due to high cargo value.
92535430,Low,0.03,0.1787877630370437,Container monitored due to night-time declaration activity.
58566713,Low,0.0,0.1762908658351463,Shipment characteristics align with normal operational and behavioral patterns.
79814560,Low,0.03,0.1967209352065058,Container monitored due to night-time declaration activity.
35810594,Medium,0.13,0.16916260500973,"Container flagged for moderate operational risk due to night-time declaration activity, limited importer shipment history."
82874839,Medium,0.23,0.0601341462649401,"Container flagged for moderate operational risk due to excessive dwell time, night-time declaration activity."
59954746,Low,0.03,0.0857807605163698,Container monitored due to night-time declaration activity.
99219197,Low,0.03,0.1493420280613218,Container monitored due to night-time declaration activity.
91950672,Low,0.0,0.165187766139717,Shipment characteristics align with normal operational and behavioral patterns.
80631205,Low,0.0,0.1972401621442034,Shipment characteristics align with normal operational and behavioral patterns.
80388884,Medium,0.1,0.1191773408497897,Container flagged for moderate operational risk due to limited importer shipment history.
64232006,Medium,0.13,0.1552967495910956,"Container flagged for moderate operational risk due to night-time declaration activity, limited importer shipment history."
98497647,Low,0.0,0.1899876488237696,Shipment characteristics align with normal operational and behavioral patterns.
61898688,Medium,0.1,0.1724536198612494,Container flagged for moderate operational risk due to limited importer shipment history.
29620843,Medium,0.23,0.1233257521344853,"Container flagged for moderate operational risk due to excessive dwell time, night-time declaration activity."
10976064,Low,0.0,0.1919338850639755,Shipment characteristics align with normal operational and behavioral patterns.
19877372,Low,0.0,0.1567268055429971,Shipment characteristics align with normal operational and behavioral patterns.
64546422,Medium,0.1666666666666666,0.1445460442109134,Container flagged for moderate operational risk due to high cargo value.
65160873,Low,0.0,0.0941042366014747,Shipment characteristics align with normal operational and behavioral patterns.
91297486,Low,0.0,0.1718443649722482,Shipment characteristics align with normal operational and behavioral patterns.
49582812,Medium,0.1,0.1964663229248673,Container flagged for moderate operational risk due to limited importer shipment history.
31134818,Low,0.03,0.1249466994139287,Container monitored due to night-time declaration activity.
83475688,Medium,0.1,0.1742060756884149,Container flagged for moderate operational risk due to limited importer shipment history.
40725599,Medium,0.1,0.1769423308937115,Container flagged for moderate operational risk due to limited importer shipment history.
99243435,Low,0.0,0.1739283238866329,Shipment characteristics align with normal operational and behavioral patterns.
10059721,Low,0.0,0.1659333869576127,Shipment characteristics align with normal operational and behavioral patterns.
53402327,Low,0.0,0.1647380328234493,Shipment characteristics align with normal operational and behavioral patterns.
15500976,Low,0.0,0.13467240265705,Shipment characteristics align with normal operational and behavioral patterns.
92002845,Low,0.0,0.1498986309392264,Shipment characteristics align with normal operational and behavioral patterns.
53580127,Low,0.0,0.1265273828084516,Shipment characteristics align with normal operational and behavioral patterns.
78038153,Medium,0.2,0.1037392628726074,Container flagged for moderate operational risk due to excessive dwell time.
10562375,Low,0.0,0.1782130449366401,Shipment characteristics align with normal operational and behavioral patterns.
92243425,Low,0.03,0.1174838928836435,Container monitored due to night-time declaration activity.
90890618,Low,0.03,0.1723515765073294,Container monitored due to night-time declaration activity.
26817540,Low,0.0,0.2023762013226472,Shipment characteristics align with normal operational and behavioral patterns.
89563150,Low,0.0,0.2042816778357792,Shipment characteristics align with normal operational and behavioral patterns.
69328502,Low,0.0,0.132899420800817,Shipment characteristics align with normal operational and behavioral patterns.
41475174,Medium,0.13,0.1515693736300684,"Container flagged for moderate operational risk due to night-time declaration activity, limited importer shipment history."
15018602,Low,0.0,0.1547131501446144,Shipment characteristics align with normal operational and behavioral patterns.
69999647,Medium,0.1,0.1887371102227122,Container flagged for moderate operational risk due to limited importer shipment history.
63240846,Low,0.0,0.1453265006902949,Shipment characteristics align with normal operational and behavioral patterns.
26671891,Medium,0.1666666666666666,0.1353335207383572,Container flagged for moderate operational risk due to high cargo value.
75027085,Low,0.0,0.189013743748133,Shipment characteristics align with normal operational and behavioral patterns.
83907389,Low,0.0,0.0895542269141057,Shipment characteristics align with normal operational and behavioral patterns.
31920021,Low,0.0,0.1954101781051079,Shipment characteristics align with normal operational and behavioral patterns.
40791981,Low,0.0,0.2038280114032643,Shipment characteristics align with normal operational and behavioral patterns.
77376784,Low,0.0,0.1624381107614607,Shipment characteristics align with normal operational and behavioral patterns.
11368626,Low,0.0,-0.0027349402587631,Container monitored due to high anomaly score.
50909739,Low,0.0,0.169165657991789,Shipment characteristics align with normal operational and behavioral patterns.
13563568,Low,0.0,0.1766493323030828,Shipment characteristics align with normal operational and behavioral patterns.
99221404,Medium,0.1666666666666666,0.1033091508004668,Container flagged for moderate operational risk due to high cargo value.
42855584,Low,0.03,0.1378524730319674,Container monitored due to night-time declaration activity.
23879151,Low,0.0,0.0012914064512062,Shipment characteristics align with normal operational and behavioral patterns.
49719144,Low,0.0,0.0856205650317897,Shipment characteristics align with normal operational and behavioral patterns.
80925082,Low,0.0,0.2093598672080985,Shipment characteristics align with normal operational and behavioral patterns.
65275128,Medium,0.2666666666666666,0.1363563876267314,"Container flagged for moderate operational risk due to extremely high cargo value, limited importer shipment history."
17986830,Low,0.0,0.170203998895994,Shipment characteristics align with normal operational and behavioral patterns.
33142603,Low,0.0,0.0173305813377785,Shipment characteristics align with normal operational and behavioral patterns.
97825896,Low,0.0,-0.0528165958396801,Container monitored due to high anomaly score.
74187199,Medium,0.13,0.183660425861512,"Container flagged for moderate operational risk due to night-time declaration activity, limited importer shipment history."
56210279,Medium,0.1666666666666666,0.1087572625283445,Container flagged for moderate operational risk due to high cargo value.
66635269,Low,0.03,0.1451320263573037,Container monitored due to night-time declaration activity.
15675922,Low,0.0,0.1934580078003464,Shipment characteristics align with normal operational and behavioral patterns.
27816058,Low,0.0,0.170621820004648,Shipment characteristics align with normal operational and behavioral patterns.
10774806,Medium,0.1666666666666666,0.1494827514326587,Container flagged for moderate operational risk due to high cargo value.
40399297,Medium,0.1666666666666666,0.1330781923857377,Container flagged for moderate operational risk due to high cargo value.
71443409,Low,0.03,0.1520778057362503,Container monitored due to night-time declaration activity.
66655156,Low,0.0,0.1496527908050864,Shipment characteristics align with normal operational and behavioral patterns.
71901975,Low,0.0,0.1595340551513465,Shipment characteristics align with normal operational and behavioral patterns.
24054639,Low,0.0,0.1815580619315456,Shipment characteristics align with normal operational and behavioral patterns.
44216244,Low,0.0,0.1595741820283283,Shipment characteristics align with normal operational and behavioral patterns.
64614221,Critical,0.4,0.076773509804567,"Container classified as Critical Risk due to abnormal weight discrepancy, excessive dwell time."
70182817,Low,0.03,0.0976889560282294,Container monitored due to night-time declaration activity.
48072208,Medium,0.1966666666666666,0.0387843350522125,"Container flagged for moderate operational risk due to high cargo value, night-time declaration activity."
93026147,Low,0.0,0.0463120927459037,Shipment characteristics align with normal operational and behavioral patterns.
53910410,Medium,0.2,0.1575464802483193,Container flagged for moderate operational risk due to excessive dwell time.
41198812,Medium,0.1666666666666666,0.0670963012700842,Container flagged for moderate operational risk due to extremely high cargo value.
39858910,Low,0.0,0.1781744179068264,Shipment characteristics align with normal operational and behavioral patterns.
38117953,Medium,0.2,0.1210939039503337,Container flagged for moderate operational risk due to excessive dwell time.
87627304,Low,0.0,0.1645150556164305,Shipment characteristics align with normal operational and behavioral patterns.
18553485,Low,0.0,0.1375637558614879,Shipment characteristics align with normal operational and behavioral patterns.
28759463,Medium,0.1666666666666666,0.14389179614836,Container flagged for moderate operational risk due to high cargo value.
51085531,Low,0.03,0.1990813470012631,Container monitored due to night-time declaration activity.
81676006,Medium,0.2,0.1251326333830362,Container flagged for moderate operational risk due to excessive dwell time.
63500345,Medium,0.23,-0.0176818188319931,"Container flagged for moderate operational risk due to high anomaly score, excessive dwell time, night-time declaration activity."
32904985,Low,0.0,0.1998291754529661,Shipment characteristics align with normal operational and behavioral patterns.
44024332,Low,0.0,0.1941702268104371,Shipment characteristics align with normal operational and behavioral patterns.
26836087,Low,0.0,0.1693256966510134,Shipment characteristics align with normal operational and behavioral patterns.
37031006,Critical,0.33,0.0800688340724925,"Container classified as Critical Risk due to excessive dwell time, night-time declaration activity, limited importer shipment history."
56176756,Low,0.0,0.1165494793412185,Shipment characteristics align with normal operational and behavioral patterns.
30682358,Low,0.03,0.1386261635221364,Container monitored due to night-time declaration activity.
84969227,Low,0.0,0.160851913123893,Shipment characteristics align with normal operational and behavioral patterns.
91682577,Medium,0.13,0.1140666002432159,"Container flagged for moderate operational risk due to night-time declaration activity, limited importer shipment history."
15914425,Low,0.0,0.0294184878840798,Shipment characteristics align with normal operational and behavioral patterns.
33857627,Low,0.0,0.0513973347046038,Shipment characteristics align with normal operational and behavioral patterns.
69756667,Low,0.0,0.1280253975885533,Shipment characteristics align with normal operational and behavioral patterns.
69103239,Medium,0.2,0.0190392769528152,Container flagged for moderate operational risk due to excessive dwell time.
36849472,Low,0.03,0.1549663476525315,Container monitored due to night-time declaration activity.
21845966,Low,0.0,0.0918095850073384,Shipment characteristics align with normal operational and behavioral patterns.
72889332,Medium,0.1,0.1338068732434121,Container flagged for moderate operational risk due to limited importer shipment history.
42739578,Low,0.03,0.0084765095016325,Container monitored due to night-time declaration activity.
72578097,Low,0.0,0.166921924334659,Shipment characteristics align with normal operational and behavioral patterns.
32879018,Low,0.03,0.1865174767366105,Container monitored due to night-time declaration activity.
20234889,Low,0.0,0.1708147606796101,Shipment characteristics align with normal operational and behavioral patterns.
22175103,Low,0.03,0.1076118680337793,Container monitored due to night-time declaration activity.
38378313,Medium,0.1,0.1739179519843995,Container flagged for moderate operational risk due to limited importer shipment history.
17721401,Low,0.03,0.1576590498295284,Container monitored due to night-time declaration activity.
65336029,Low,0.03,0.2019204922732859,Container monitored due to night-time declaration activity.
73881447,Medium,0.2,0.1384279446474237,Container flagged for moderate operational risk due to excessive dwell time.
52124100,Low,0.0,0.1709391579235157,Shipment characteristics align with normal operational and behavioral patterns.
65167037,Low,0.0,0.2072901142346158,Shipment characteristics align with normal operational and behavioral patterns.
71667102,Low,0.0,0.1269511935682482,Shipment characteristics align with normal operational and behavioral patterns.
72734701,Low,0.0,0.196935912154914,Shipment characteristics align with normal operational and behavioral patterns.
37258469,Medium,0.1666666666666666,0.1068644814525303,Container flagged for moderate operational risk due to high cargo value.
88211631,Low,0.0,0.1885268150249293,Shipment characteristics align with normal operational and behavioral patterns.
45337113,Low,0.03,0.1782717338667701,Container monitored due to night-time declaration activity.
44003089,Low,0.03,0.1635632937449402,Container monitored due to night-time declaration activity.
74405408,Low,0.0,0.1142646728346119,Shipment characteristics align with normal operational and behavioral patterns.
38363107,Low,0.0,0.1833592395721078,Shipment characteristics align with normal operational and behavioral patterns.
55051930,Low,0.0,0.1972646538484186,Shipment characteristics align with normal operational and behavioral patterns.
48379849,Low,0.0,0.1623107269486897,Shipment characteristics align with normal operational and behavioral patterns.
36718015,Low,0.0,0.1638886014291706,Shipment characteristics align with normal operational and behavioral patterns.
30341995,Low,0.0,0.1459361324585456,Shipment characteristics align with normal operational and behavioral patterns.
88662695,Low,0.0,0.1625358438641638,Shipment characteristics align with normal operational and behavioral patterns.
93045952,Low,0.0,0.1408399241320069,Shipment characteristics align with normal operational and behavioral patterns.
75609744,Low,0.0,0.1811923667134388,Shipment characteristics align with normal operational and behavioral patterns.
63212898,Low,0.0,0.1876631869683432,Shipment characteristics align with normal operational and behavioral patterns.
23655358,Low,0.0,0.1635633499022278,Shipment characteristics align with normal operational and behavioral patterns.
26361745,Medium,0.23,0.0518292113647069,"Container flagged for moderate operational risk due to excessive dwell time, night-time declaration activity."
60720734,Low,0.0,0.1830532168006152,Shipment characteristics align with normal operational and behavioral patterns.
20992194,Low,0.0,0.1766905745596915,Shipment characteristics align with normal operational and behavioral patterns.
84871308,Low,0.0,0.2017123123851509,Shipment characteristics align with normal operational and behavioral patterns.
52326031,Low,0.0,0.158095566717852,Shipment characteristics align with normal operational and behavioral patterns.
30715569,Medium,0.23,0.1500630658512107,"Container flagged for moderate operational risk due to excessive dwell time, night-time declaration activity."
98514546,Low,0.0,0.1953021601985335,Shipment characteristics align with normal operational and behavioral patterns.
43890753,Critical,0.32,-0.0928971272879171,"Container classified as Critical Risk due to high anomaly score, severe weight discrepancy."
67330674,Low,0.03,0.1871075665996602,Container monitored due to night-time declaration activity.
54862524,Medium,0.1966666666666666,0.1262385926510343,"Container flagged for moderate operational risk due to high cargo value, night-time declaration activity."
94807330,Low,0.0,0.2021169499570146,Shipment characteristics align with normal operational and behavioral patterns.
27127798,Low,0.0,0.1677525336160944,Shipment characteristics align with normal operational and behavioral patterns.
93252099,Low,0.0,0.2087263043232938,Shipment characteristics align with normal operational and behavioral patterns.
43759675,Critical,0.43,0.0826327053294807,"Container classified as Critical Risk due to abnormal weight discrepancy, excessive dwell time, night-time declaration activity."
35147388,Low,0.0,0.2004414088290946,Shipment characteristics align with normal operational and behavioral patterns.
18567550,Low,0.0,0.1813614106667233,Shipment characteristics align with normal operational and behavioral patterns.
36191894,Low,0.0,0.1959435259960206,Shipment characteristics align with normal operational and behavioral patterns.
17516535,Medium,0.1,0.1811589526740895,Container flagged for moderate operational risk due to limited importer shipment history.
55682056,Low,0.03,0.1536375191974434,Container monitored due to night-time declaration activity.
24677773,Medium,0.13,0.1459163529956332,"Container flagged for moderate operational risk due to night-time declaration activity, limited importer shipment history."
36372120,Low,0.0,0.160812657900363,Shipment characteristics align with normal operational and behavioral patterns.
66197605,Medium,0.13,0.1362437158398356,"Container flagged for moderate operational risk due to night-time declaration activity, limited importer shipment history."
17021719,Low,0.0,0.093811944239179,Shipment characteristics align with normal operational and behavioral patterns.
68694289,Low,0.0,0.1666699105823272,Shipment characteristics align with normal operational and behavioral patterns.
76787778,Low,0.0,0.0828750369409511,Shipment characteristics align with normal operational and behavioral patterns.
69391028,Low,0.03,0.0181466374868722,Container monitored due to night-time declaration activity.
95854092,Low,0.0,0.1512110534146977,Shipment characteristics align with normal operational and behavioral patterns.
81844752,Low,0.0,0.0735787674049818,Shipment characteristics align with normal operational and behavioral patterns.
27195222,Low,0.0,0.1992951768914611,Shipment characteristics align with normal operational and behavioral patterns.
87740655,Medium,0.1966666666666666,0.0573569312725158,"Container flagged for moderate operational risk due to high cargo value, night-time declaration activity."
98594443,Medium,0.2,0.0358643358353397,Container flagged for moderate operational risk due to excessive dwell time.
45395510,Low,0.0,0.2084662905512438,Shipment characteristics align with normal operational and behavioral patterns.
97588364,Low,0.03,0.1748976973430527,Container monitored due to night-time declaration activity.
22224059,Low,0.03,0.1531533572710436,Container monitored due to night-time declaration activity.
72923726,Low,0.0,0.1810252526867,Shipment characteristics align with normal operational and behavioral patterns.
88262736,Low,0.0,0.121786189771458,Shipment characteristics align with normal operational and behavioral patterns.
63200391,Low,0.0,0.1810895051352727,Shipment characteristics align with normal operational and behavioral patterns.
50395664,Low,0.03,0.1144161211218121,Container monitored due to night-time declaration activity.
15742256,Low,0.03,0.155793054937422,Container monitored due to night-time declaration activity.
13199304,Low,0.0,0.1692230462993812,Shipment characteristics align with normal operational and behavioral patterns.
71896903,Low,0.03,0.1808683048139197,Container monitored due to night-time declaration activity.
86279377,Critical,0.43,0.0367548836925301,"Container classified as Critical Risk due to abnormal weight discrepancy, extreme port dwell duration, night-time declaration activity."
76166736,Medium,0.1999999999999999,0.1205377914793871,Container flagged for moderate operational risk due to abnormal weight discrepancy.
62863765,Low,0.03,0.1194467594422492,Container monitored due to night-time declaration activity.
89234371,Low,0.0,0.2032210296776969,Shipment characteristics align with normal operational and behavioral patterns.
96149109,Low,0.0,0.1466202097435912,Shipment characteristics align with normal operational and behavioral patterns.
28331698,Low,0.0,0.1368026204062636,Shipment characteristics align with normal operational and behavioral patterns.
86812598,Medium,0.2,0.122076914043796,Container flagged for moderate operational risk due to excessive dwell time.
96641258,Low,0.0,0.1634743503938205,Shipment characteristics align with normal operational and behavioral patterns.
46643767,Low,0.0,0.1557867835344811,Shipment characteristics align with normal operational and behavioral patterns.
41732583,Low,0.0,0.173738920762658,Shipment characteristics align with normal operational and behavioral patterns.
51373060,Low,0.0,0.1659954283968209,Shipment characteristics align with normal operational and behavioral patterns.
47020872,Low,0.0,0.1327483440844122,Shipment characteristics align with normal operational and behavioral patterns.
63424958,Low,0.0,0.198921241278318,Shipment characteristics align with normal operational and behavioral patterns.
42412728,Low,0.0,0.1375366904913152,Shipment characteristics align with normal operational and behavioral patterns.
16604772,Low,0.03,-0.05935826342302,"Container monitored due to high anomaly score, night-time declaration activity."
34461039,Medium,0.2,0.1202954184503347,Container flagged for moderate operational risk due to excessive dwell time.
95878551,Low,0.0,0.2014018641571447,Shipment characteristics align with normal operational and behavioral patterns.
44821158,Low,0.0,0.1916598517534884,Shipment characteristics align with normal operational and behavioral patterns.
30141533,Low,0.0,0.1605570172089009,Shipment characteristics align with normal operational and behavioral patterns.
95085629,Low,0.0,0.1496514672982908,Shipment characteristics align with normal operational and behavioral patterns.
54810561,Low,0.03,0.0333645538457298,Container monitored due to night-time declaration activity.
44058340,Low,0.0,0.2124165129193524,Shipment characteristics align with normal operational and behavioral patterns.
70010127,Medium,0.13,0.1041786193318338,"Container flagged for moderate operational risk due to night-time declaration activity, limited importer shipment history."
25928566,Medium,0.13,0.1476208829096276,"Container flagged for moderate operational risk due to night-time declaration activity, limited importer shipment history."
96671609,Low,0.0,0.1265820188281516,Shipment characteristics align with normal operational and behavioral patterns.
31784554,Low,0.0,0.1683694253536807,Shipment characteristics align with normal operational and behavioral patterns.
24683991,Low,0.0,0.2011509357332654,Shipment characteristics align with normal operational and behavioral patterns.
96081737,Low,0.0,0.1683198730643635,Shipment characteristics align with normal operational and behavioral patterns.
46830687,Low,0.0,0.209210993772723,Shipment characteristics align with normal operational and behavioral patterns.
44128417,Low,0.03,0.194728537728084,Container monitored due to night-time declaration activity.
10104646,Low,0.0,0.1377055106149299,Shipment characteristics align with normal operational and behavioral patterns.
54778070,Low,0.03,0.1125505220268666,Container monitored due to night-time declaration activity.
63661507,Medium,0.1,0.1577834852474519,Container flagged for moderate operational risk due to limited importer shipment history.
14424074,Low,0.0,0.134485320130672,Shipment characteristics align with normal operational and behavioral patterns.
86363095,Low,0.0,0.1025794025245986,Shipment characteristics align with normal operational and behavioral patterns.
30702121,Low,0.0,0.1503256169500368,Shipment characteristics align with normal operational and behavioral patterns.
97150726,Low,0.0,0.1318932500293463,Shipment characteristics align with normal operational and behavioral patterns.
35782391,Low,0.0,0.1805636283797065,Shipment characteristics align with normal operational and behavioral patterns.
79588228,Medium,0.1,0.1563885659062694,Container flagged for moderate operational risk due to limited importer shipment history.
33124873,Low,0.03,0.0413261446983574,Container monitored due to night-time declaration activity.
56502209,Low,0.0,0.1674164196117999,Shipment characteristics align with normal operational and behavioral patterns.
49964600,Low,0.0,0.2035821818837423,Shipment characteristics align with normal operational and behavioral patterns.
25334739,Medium,0.13,0.1217696669538721,"Container flagged for moderate operational risk due to night-time declaration activity, limited importer shipment history."
84057976,Medium,0.1,0.2031425624819189,Container flagged for moderate operational risk due to limited importer shipment history.
79016541,Medium,0.23,0.1283330177647686,"Container flagged for moderate operational risk due to excessive dwell time, night-time declaration activity."
69390068,Low,0.0,0.1698048930751577,Shipment characteristics align with normal operational and behavioral patterns.
77820828,Low,0.03,-0.0005938363733514,"Container monitored due to high anomaly score, night-time declaration activity."
95342862,Low,0.0,0.2004065123070735,Shipment characteristics align with normal operational and behavioral patterns.
90183500,Low,0.03,0.1655999078921076,Container monitored due to night-time declaration activity.
15210829,Low,0.0,0.1827866930647173,Shipment characteristics align with normal operational and behavioral patterns.
60710087,Medium,0.1999999999999999,0.1035764653805166,Container flagged for moderate operational risk due to abnormal weight discrepancy.
63134808,Low,0.0,0.1615869041202099,Shipment characteristics align with normal operational and behavioral patterns.
49297695,Low,0.03,0.0500844519446747,Container monitored due to night-time declaration activity.
45958536,Medium,0.3,0.1191461427350288,"Container flagged for moderate operational risk due to abnormal weight discrepancy, limited importer shipment history."
80113100,Low,0.0,0.1591586639677369,Shipment characteristics align with normal operational and behavioral patterns.
87142386,Low,0.0,0.1821564519428655,Shipment characteristics align with normal operational and behavioral patterns.
24355008,Low,0.03,0.1714250063099125,Container monitored due to night-time declaration activity.
94096962,Low,0.03,0.179380117419597,Container monitored due to night-time declaration activity.
25282462,Low,0.0,0.0313988443064334,Shipment characteristics align with normal operational and behavioral patterns.
35615189,Critical,0.42,-0.0982795106715239,"Container classified as Critical Risk due to high anomaly score, severe weight discrepancy, limited importer shipment history."
79017930,Low,0.0,0.1689710998833139,Shipment characteristics align with normal operational and behavioral patterns.
47258409,Low,0.03,0.1606841666068945,Container monitored due to night-time declaration activity.
20850016,Low,0.03,0.0271484107639824,Container monitored due to night-time declaration activity.
62432940,Low,0.0,0.1211243630944262,Shipment characteristics align with normal operational and behavioral patterns.
42162053,Low,0.0,-0.0448659373539448,Container monitored due to high anomaly score.
36879496,Low,0.03,0.1358523851117899,Container monitored due to night-time declaration activity.
78751249,Low,0.03,0.1331194060843002,Container monitored due to night-time declaration activity.
86861723,Low,0.0,0.171847783584976,Shipment characteristics align with normal operational and behavioral patterns.
39094167,Low,0.0,0.1596797253872524,Shipment characteristics align with normal operational and behavioral patterns.
88261441,Low,0.0,0.136388341951953,Shipment characteristics align with normal operational and behavioral patterns.
97870391,Low,0.0,0.1462041310602516,Shipment characteristics align with normal operational and behavioral patterns.
44382600,Low,0.0,0.1950209449927852,Shipment characteristics align with normal operational and behavioral patterns.
43805608,Low,0.03,0.1828621799379379,Container monitored due to night-time declaration activity.
36467528,Low,0.0,0.1610739567315426,Shipment characteristics align with normal operational and behavioral patterns.
83275223,Low,0.0,0.0932837729936706,Shipment characteristics align with normal operational and behavioral patterns.
24071290,Medium,0.1,0.1450004130942991,Container flagged for moderate operational risk due to limited importer shipment history.
42927796,Low,0.0,0.1598072376417963,Shipment characteristics align with normal operational and behavioral patterns.
84994901,Medium,0.1,0.1339753462551656,Container flagged for moderate operational risk due to limited importer shipment history.
35995753,Medium,0.13,0.1449862122689086,"Container flagged for moderate operational risk due to night-time declaration activity, limited importer shipment history."
63101810,Medium,0.2,0.0649045513707333,Container flagged for moderate operational risk due to extreme port dwell duration.
72579959,Low,0.0,0.0405639361817252,Shipment characteristics align with normal operational and behavioral patterns.
67187612,Critical,0.35,-0.0775658845915879,"Container classified as Critical Risk due to high anomaly score, severe weight discrepancy, night-time declaration activity."
10406524,Medium,0.23,0.1413468952144222,"Container flagged for moderate operational risk due to excessive dwell time, night-time declaration activity."
78789326,Low,0.0,0.1775457678096466,Shipment characteristics align with normal operational and behavioral patterns.
90044605,Low,0.0,0.1401809535513571,Shipment characteristics align with normal operational and behavioral patterns.
78575070,Low,0.0,0.1912865315912338,Shipment characteristics align with normal operational and behavioral patterns.
56976091,Low,0.03,0.0796242113034009,Container monitored due to night-time declaration activity.
85514491,Low,0.0,0.074100596571857,Shipment characteristics align with normal operational and behavioral patterns.
31806857,Low,0.0,0.193958169917968,Shipment characteristics align with normal operational and behavioral patterns.
91422522,Low,0.03,0.1491865457157612,Container monitored due to night-time declaration activity.
81952667,Medium,0.1,0.1964653583971987,Container flagged for moderate operational risk due to limited importer shipment history.
58136564,Medium,0.1966666666666666,0.0690083583594936,"Container flagged for moderate operational risk due to extremely high cargo value, night-time declaration activity."
17201565,Medium,0.2,-0.0244978467918987,"Container flagged for moderate operational risk due to high anomaly score, extreme port dwell duration."
37678179,Low,0.0,0.0165165569562204,Shipment characteristics align with normal operational and behavioral patterns.
97809870,Medium,0.1966666666666666,0.1117216412922469,"Container flagged for moderate operational risk due to high cargo value, night-time declaration activity."
77136846,Low,0.0,0.0992744511412876,Shipment characteristics align with normal operational and behavioral patterns.
28613019,Low,0.0,0.0419032139151134,Shipment characteristics align with normal operational and behavioral patterns.
15786868,Low,0.0,0.0096797816522681,Shipment characteristics align with normal operational and behavioral patterns.
21892849,Low,0.0,0.1709805805802097,Shipment characteristics align with normal operational and behavioral patterns.
31799705,Low,0.0,0.1585355976219136,Shipment characteristics align with normal operational and behavioral patterns.
57557511,Low,0.0,0.087412327836042,Shipment characteristics align with normal operational and behavioral patterns.
27987657,Low,0.0,0.1802457674683521,Shipment characteristics align with normal operational and behavioral patterns.
43713725,Low,0.03,0.1570372552071195,Container monitored due to night-time declaration activity.
66329078,Low,0.03,0.1731718724515086,Container monitored due to night-time declaration activity.
10377268,Low,0.0,0.1527082302044544,Shipment characteristics align with normal operational and behavioral patterns.
12321666,Low,0.0,0.1890602445747848,Shipment characteristics align with normal operational and behavioral patterns.
19756356,Low,0.03,0.1787730722090031,Container monitored due to night-time declaration activity.
40866826,Critical,0.3299999999999999,0.0572817919509535,"Container classified as Critical Risk due to abnormal weight discrepancy, night-time declaration activity, limited importer shipment history."
84150716,Low,0.0,0.196342351781909,Shipment characteristics align with normal operational and behavioral patterns.
46629449,Low,0.0,0.1472834998102625,Shipment characteristics align with normal operational and behavioral patterns.
13829894,Low,0.0,0.1629653279581268,Shipment characteristics align with normal operational and behavioral patterns.
84045350,Low,0.0,0.0990933569757155,Shipment characteristics align with normal operational and behavioral patterns.
35818977,Low,0.0,0.1729449432450313,Shipment characteristics align with normal operational and behavioral patterns.
96193148,Low,0.0,0.2088239912054209,Shipment characteristics align with normal operational and behavioral patterns.
72460666,Low,0.0,0.2055543918607274,Shipment characteristics align with normal operational and behavioral patterns.
93623161,Low,0.0,0.1745802565698169,Shipment characteristics align with normal operational and behavioral patterns.
81892616,Low,0.0,0.188552833092263,Shipment characteristics align with normal operational and behavioral patterns.
23393806,Medium,0.2,0.1455800872570227,Container flagged for moderate operational risk due to excessive dwell time.
58337033,Low,0.03,0.1891985591569672,Container monitored due to night-time declaration activity.
84061006,Low,0.0,0.0352768183380072,Shipment characteristics align with normal operational and behavioral patterns.
78479749,Low,0.0,0.1961083821652092,Shipment characteristics align with normal operational and behavioral patterns.
32446804,Low,0.03,0.182075165965952,Container monitored due to night-time declaration activity.
61556002,Low,0.0,0.1513860914688171,Shipment characteristics align with normal operational and behavioral patterns.
38679564,Low,0.03,0.1854439483061598,Container monitored due to night-time declaration activity.
78718544,Low,0.0,0.1644450684205224,Shipment characteristics align with normal operational and behavioral patterns.
84896028,Low,0.0,0.2021803534027694,Shipment characteristics align with normal operational and behavioral patterns.
13192198,Low,0.0,0.1955218962100885,Shipment characteristics align with normal operational and behavioral patterns.
49039301,Low,0.0,0.1929821206855783,Shipment characteristics align with normal operational and behavioral patterns.
40398541,Medium,0.1,0.1390343155713053,Container flagged for moderate operational risk due to limited importer shipment history.
20641018,Low,0.0,0.157184209484877,Shipment characteristics align with normal operational and behavioral patterns.
70630742,Low,0.0,0.1446416691742443,Shipment characteristics align with normal operational and behavioral patterns.
14294626,Low,0.0,0.1785911251250013,Shipment characteristics align with normal operational and behavioral patterns.
42044462,Low,0.03,0.1191221260700917,Container monitored due to night-time declaration activity.
51705393,Low,0.0,0.0717130904578532,Shipment characteristics align with normal operational and behavioral patterns.
22703513,Low,0.0,0.1754983786751067,Shipment characteristics align with normal operational and behavioral patterns.
92737682,Low,0.0,0.1936329122773537,Shipment characteristics align with normal operational and behavioral patterns.
18849977,Low,0.03,0.1742368946080483,Container monitored due to night-time declaration activity.
48955129,Medium,0.1966666666666666,0.0472877287370477,"Container flagged for moderate operational risk due to extremely high cargo value, night-time declaration activity."
79936158,Low,0.0,0.1892163936223964,Shipment characteristics align with normal operational and behavioral patterns.
43594892,Low,0.0,0.1699973051267717,Shipment characteristics align with normal operational and behavioral patterns.
35057321,Low,0.03,0.1769413922713562,Container monitored due to night-time declaration activity.
38800325,Low,0.0,0.0956486557070071,Shipment characteristics align with normal operational and behavioral patterns.
70445130,Low,0.0,0.1687744048296647,Shipment characteristics align with normal operational and behavioral patterns.
79527523,Critical,0.4,0.0617174663445339,"Container classified as Critical Risk due to abnormal weight discrepancy, excessive dwell time."
30852897,Low,0.0,0.1799927942140369,Shipment characteristics align with normal operational and behavioral patterns.
70463457,Low,0.0,0.1646775246174324,Shipment characteristics align with normal operational and behavioral patterns.
15489616,Low,0.03,0.153513918798427,Container monitored due to night-time declaration activity.
23194549,Low,0.0,0.1458356621084021,Shipment characteristics align with normal operational and behavioral patterns.
57153735,Low,0.0,0.1913481477451567,Shipment characteristics align with normal operational and behavioral patterns.
98936789,Low,0.0,0.1002668333459205,Shipment characteristics align with normal operational and behavioral patterns.
62479965,Medium,0.23,0.0833556042953604,"Container flagged for moderate operational risk due to excessive dwell time, night-time declaration activity."
96735495,Low,0.0,0.1520220105254537,Shipment characteristics align with normal operational and behavioral patterns.
41375120,Low,0.0,0.1876177129769958,Shipment characteristics align with normal operational and behavioral patterns.
39802097,Low,0.0,0.1661337098804663,Shipment characteristics align with normal operational and behavioral patterns.
56709287,Low,0.0,0.1841201065537669,Shipment characteristics align with normal operational and behavioral patterns.
65876708,Low,0.0,0.1487875983566904,Shipment characteristics align with normal operational and behavioral patterns.
34080747,Medium,0.1999999999999999,0.1162237173429494,Container flagged for moderate operational risk due to abnormal weight discrepancy.
36919025,Low,0.0,0.147777930552136,Shipment characteristics align with normal operational and behavioral patterns.
70937755,Low,0.03,0.1655042699572435,Container monitored due to night-time declaration activity.
68734091,Low,0.0,0.0972225691112764,Shipment characteristics align with normal operational and behavioral patterns.
95061167,Low,0.0,0.0610494617860165,Shipment characteristics align with normal operational and behavioral patterns.
15371453,Low,0.0,0.0665031765174476,Shipment characteristics align with normal operational and behavioral patterns.
93543253,Low,0.0,0.18803631280747,Shipment characteristics align with normal operational and behavioral patterns.
64754230,Low,0.0,0.1954476651988578,Shipment characteristics align with normal operational and behavioral patterns.
57456164,Medium,0.1,0.1957458472818705,Container flagged for moderate operational risk due to limited importer shipment history.
13870097,Low,0.0,0.1889140017939341,Shipment characteristics align with normal operational and behavioral patterns.
51307475,Critical,0.4,0.0632589925945611,"Container classified as Critical Risk due to abnormal weight discrepancy, excessive dwell time."
50157785,Low,0.0,0.1840187018277339,Shipment characteristics align with normal operational and behavioral patterns.
50104464,Low,0.03,0.1663788587006822,Container monitored due to night-time declaration activity.
94466381,Medium,0.1,0.1207485313096667,Container flagged for moderate operational risk due to limited importer shipment history.
65223929,Low,0.0,0.1674403826419164,Shipment characteristics align with normal operational and behavioral patterns.
31220287,Low,0.0,0.1696692232486781,Shipment characteristics align with normal operational and behavioral patterns.
82656676,Low,0.0,0.1189245585254311,Shipment characteristics align with normal operational and behavioral patterns.
84794668,Low,0.0,0.1500462310525279,Shipment characteristics align with normal operational and behavioral patterns.
65350324,Low,0.0,0.1881260558352306,Shipment characteristics align with normal operational and behavioral patterns.
56883733,Low,0.03,0.1422307451642918,Container monitored due to night-time declaration activity.
79767872,Low,0.0,0.1415345604739329,Shipment characteristics align with normal operational and behavioral patterns.
72437148,Low,0.03,0.1214563206952399,Container monitored due to night-time declaration activity.
38659822,Medium,0.1,0.1481366800693506,Container flagged for moderate operational risk due to limited importer shipment history.
68553394,Low,0.03,0.1080295918878243,Container monitored due to night-time declaration activity.
84045203,Low,0.03,0.1929522340103693,Container monitored due to night-time declaration activity.
55600070,Low,0.0,0.1240516154030385,Shipment characteristics align with normal operational and behavioral patterns.
11495563,Low,0.0,0.1241483532863301,Shipment characteristics align with normal operational and behavioral patterns.
43056301,Low,0.0,0.1839011156369834,Shipment characteristics align with normal operational and behavioral patterns.
67544951,Low,0.0,0.0131824699613338,Shipment characteristics align with normal operational and behavioral patterns.
59193959,Low,0.03,0.1637329952885899,Container monitored due to night-time declaration activity.
82636162,Low,0.0,-0.0710999458567229,Container monitored due to high anomaly score.
35012717,Low,0.0,0.1701896623198331,Shipment characteristics align with normal operational and behavioral patterns.
36494005,Low,0.0,0.1582455883191913,Shipment characteristics align with normal operational and behavioral patterns.
11934446,Low,0.0,0.0365628485140537,Shipment characteristics align with normal operational and behavioral patterns.
36044062,Low,0.0,0.0934880119588059,Shipment characteristics align with normal operational and behavioral patterns.
86897786,Low,0.03,0.15384714632925,Container monitored due to night-time declaration activity.
66254100,Low,0.03,0.1574170487539581,Container monitored due to night-time declaration activity.
64287695,Low,0.03,0.1550190958315098,Container monitored due to night-time declaration activity.
97869146,Low,0.0,0.1801955022564672,Shipment characteristics align with normal operational and behavioral patterns.
63111696,Low,0.0,0.1863525822607178,Shipment characteristics align with normal operational and behavioral patterns.
79282177,Medium,0.1999999999999999,0.0705779170342687,Container flagged for moderate operational risk due to abnormal weight discrepancy.
11611183,Low,0.0,0.1538075482715542,Shipment characteristics align with normal operational and behavioral patterns.
20765462,Low,0.0,0.1686170190268104,Shipment characteristics align with normal operational and behavioral patterns.
66129874,Low,0.03,0.1561575308443187,Container monitored due to night-time declaration activity.
58358453,Low,0.0,0.1843970201518051,Shipment characteristics align with normal operational and behavioral patterns.
69002227,Low,0.0,0.1219466898376891,Shipment characteristics align with normal operational and behavioral patterns.
89672753,Medium,0.2,0.1344361671080027,Container flagged for moderate operational risk due to excessive dwell time.
94215567,Medium,0.1666666666666666,0.0601432182538502,Container flagged for moderate operational risk due to high cargo value.
29540507,Low,0.0,0.2054801250132917,Shipment characteristics align with normal operational and behavioral patterns.
87603605,Low,0.0,0.0074238443607718,Shipment characteristics align with normal operational and behavioral patterns.
20284156,Low,0.0,0.1786513107723615,Shipment characteristics align with normal operational and behavioral patterns.
62937479,Low,0.03,0.1236537860677867,Container monitored due to night-time declaration activity.
24095086,Low,0.0,0.1807323718220267,Shipment characteristics align with normal operational and behavioral patterns.
67214706,Low,0.0,0.1963232667236876,Shipment characteristics align with normal operational and behavioral patterns.
95245430,Low,0.0,0.1236964540648933,Shipment characteristics align with normal operational and behavioral patterns.
78230380,Low,0.0,0.1993128358661575,Shipment characteristics align with normal operational and behavioral patterns.
64648207,Low,0.03,0.097183043588066,Container monitored due to night-time declaration activity.
81880267,Medium,0.1666666666666666,0.1352134068979217,Container flagged for moderate operational risk due to high cargo value.
84528374,Low,0.03,0.1701962983213155,Container monitored due to night-time declaration activity.
77526242,Low,0.03,0.1870128859055645,Container monitored due to night-time declaration activity.
17414577,Low,0.0,0.1570819545442117,Shipment characteristics align with normal operational and behavioral patterns.
49614554,Low,0.0,0.1662497554997125,Shipment characteristics align with normal operational and behavioral patterns.
52938298,Medium,0.1666666666666666,0.144953769825244,Container flagged for moderate operational risk due to high cargo value.
30413618,Low,0.0,0.01906866611103,Shipment characteristics align with normal operational and behavioral patterns.
53347137,Low,0.03,0.1252053637827367,Container monitored due to night-time declaration activity.
74110540,Medium,0.1,0.2067553199368862,Container flagged for moderate operational risk due to limited importer shipment history.
26250268,Low,0.03,0.1336613187524208,Container monitored due to night-time declaration activity.
42585108,Low,0.03,0.1750526515364139,Container monitored due to night-time declaration activity.
47917237,Low,0.0,0.190514578394073,Shipment characteristics align with normal operational and behavioral patterns.
62545241,Low,0.0,0.1850288312846019,Shipment characteristics align with normal operational and behavioral patterns.
28516994,Low,0.0,0.1719991423564544,Shipment characteristics align with normal operational and behavioral patterns.
74543332,Low,0.0,0.1871162558480084,Shipment characteristics align with normal operational and behavioral patterns.
79927929,Low,0.0,0.1786923916438886,Shipment characteristics align with normal operational and behavioral patterns.
73506910,Low,0.03,0.152866174650087,Container monitored due to night-time declaration activity.
97929075,Medium,0.1966666666666666,0.0002807879136315,"Container flagged for moderate operational risk due to extremely high cargo value, night-time declaration activity."
37374040,Low,0.0,0.1637533308186837,Shipment characteristics align with normal operational and behavioral patterns.
42838574,Medium,0.1666666666666666,0.0740709792802439,Container flagged for moderate operational risk due to extremely high cargo value.
95408564,Low,0.0,0.1746734397576794,Shipment characteristics align with normal operational and behavioral patterns.
19442614,Low,0.0,0.1499149259908271,Shipment characteristics align with normal operational and behavioral patterns.
31521760,Low,0.0,0.1636125537869332,Shipment characteristics align with normal operational and behavioral patterns.
53489137,Low,0.0,0.0927922002683533,Shipment characteristics align with normal operational and behavioral patterns.
94251382,Low,0.03,0.1153090879802996,Container monitored due to night-time declaration activity.
38007123,Low,0.03,0.1942011592417427,Container monitored due to night-time declaration activity.
42228774,Low,0.03,0.1443066281091171,Container monitored due to night-time declaration activity.
81643827,Low,0.0,0.1314457918926722,Shipment characteristics align with normal operational and behavioral patterns.
74795990,Low,0.03,0.1235700541495619,Container monitored due to night-time declaration activity.
25302053,Medium,0.1999999999999999,0.0962717895658363,Container flagged for moderate operational risk due to abnormal weight discrepancy.
71327146,Low,0.0,0.197591283944321,Shipment characteristics align with normal operational and behavioral patterns.
33479801,Low,0.0,0.1939927694134179,Shipment characteristics align with normal operational and behavioral patterns.
19244253,Low,0.0,0.1605239286412911,Shipment characteristics align with normal operational and behavioral patterns.
81715358,Low,0.0,0.124352737627533,Shipment characteristics align with normal operational and behavioral patterns.
12064997,Low,0.0,0.0803002258504371,Shipment characteristics align with normal operational and behavioral patterns.
73801910,Low,0.03,0.161092337241873,Container monitored due to night-time declaration activity.
65885306,Low,0.0,0.1487825434451918,Shipment characteristics align with normal operational and behavioral patterns.
54419316,Low,0.0,0.1279148117792886,Shipment characteristics align with normal operational and behavioral patterns.
80469826,Medium,0.1999999999999999,0.0877986807719187,Container flagged for moderate operational risk due to abnormal weight discrepancy.
11472854,Low,0.0,0.1946679538050494,Shipment characteristics align with normal operational and behavioral patterns.
23172714,Low,0.03,0.0905754951238698,Container monitored due to night-time declaration activity.
40410243,Low,0.0,0.036131882127248,Shipment characteristics align with normal operational and behavioral patterns.
11252724,Low,0.03,0.1519506327732321,Container monitored due to night-time declaration activity.
47955867,Low,0.0,0.1830496051301288,Shipment characteristics align with normal operational and behavioral patterns.
65413289,Low,0.03,0.076166348046338,Container monitored due to night-time declaration activity.
70747182,Low,0.0,0.1902562796389493,Shipment characteristics align with normal operational and behavioral patterns.
91175201,Low,0.0,0.180340581558772,Shipment characteristics align with normal operational and behavioral patterns.
78726848,Medium,0.1,0.1292906409596042,Container flagged for moderate operational risk due to limited importer shipment history.
78825579,Low,0.03,0.1750001023852318,Container monitored due to night-time declaration activity.
54038765,Low,0.0,0.0158304814384355,Shipment characteristics align with normal operational and behavioral patterns.
52338541,Medium,0.23,0.104137725102084,"Container flagged for moderate operational risk due to excessive dwell time, night-time declaration activity."
72696351,Low,0.03,0.16299747898646,Container monitored due to night-time declaration activity.
31730708,Low,0.03,0.1616590508227711,Container monitored due to night-time declaration activity.
11640106,Low,0.0,0.2075338437373808,Shipment characteristics align with normal operational and behavioral patterns.
96230670,Low,0.03,0.1667922039680625,Container monitored due to night-time declaration activity.
37470124,Low,0.0,0.1395187889282539,Shipment characteristics align with normal operational and behavioral patterns.
72528959,Low,0.03,0.1864218171708278,Container monitored due to night-time declaration activity.
80224874,Low,0.0,0.1688137228368799,Shipment characteristics align with normal operational and behavioral patterns.
88655228,Low,0.0,0.1457140051006437,Shipment characteristics align with normal operational and behavioral patterns.
70124294,Low,0.03,0.1472223171035128,Container monitored due to night-time declaration activity.
92247322,Medium,0.13,0.1251290960033553,"Container flagged for moderate operational risk due to night-time declaration activity, limited importer shipment history."
71179399,Low,0.0,0.1997431891581053,Shipment characteristics align with normal operational and behavioral patterns.
25273105,Low,0.0,0.1015348818690002,Shipment characteristics align with normal operational and behavioral patterns.
66838986,Low,0.03,0.1477427691246824,Container monitored due to night-time declaration activity.
41568390,Low,0.0,0.1412631718982046,Shipment characteristics align with normal operational and behavioral patterns.
28483375,Low,0.03,0.1002857610470748,Container monitored due to night-time declaration activity.
50124589,Low,0.03,0.0916064604556324,Container monitored due to night-time declaration activity.
96960848,Medium,0.1966666666666666,-0.0207094779588074,"Container flagged for moderate operational risk due to high anomaly score, extremely high cargo value, night-time declaration activity."
28394987,Low,0.0,0.1648570696011219,Shipment characteristics align with normal operational and behavioral patterns.
36793441,Low,0.0,0.1374651879368847,Shipment characteristics align with normal operational and behavioral patterns.
21486782,Low,0.0,0.1795371063001239,Shipment characteristics align with normal operational and behavioral patterns.
89163599,Low,0.03,0.1495999785686643,Container monitored due to night-time declaration activity.
60080758,Low,0.03,0.1730193032964584,Container monitored due to night-time declaration activity.
96897585,Low,0.0,0.1630818101804591,Shipment characteristics align with normal operational and behavioral patterns.
95755843,Medium,0.13,0.0939752026278347,"Container flagged for moderate operational risk due to night-time declaration activity, limited importer shipment history."
78576282,Low,0.0,0.1740001423221372,Shipment characteristics align with normal operational and behavioral patterns.
28734261,Low,0.0,0.2030637433351773,Shipment characteristics align with normal operational and behavioral patterns.
58366177,Low,0.03,0.1687379971177049,Container monitored due to night-time declaration activity.
25094170,Low,0.0,0.1568504687230966,Shipment characteristics align with normal operational and behavioral patterns.
83015181,Critical,0.4,0.0425517077152645,"Container classified as Critical Risk due to abnormal weight discrepancy, excessive dwell time."
40880549,Critical,0.3,0.138731697005087,"Container classified as Critical Risk due to excessive dwell time, limited importer shipment history."
26256471,Low,0.0,0.1641994216460246,Shipment characteristics align with normal operational and behavioral patterns.
29787066,Medium,0.1,0.1869624887309265,Container flagged for moderate operational risk due to limited importer shipment history.
35420668,Low,0.0,0.0074786763533979,Shipment characteristics align with normal operational and behavioral patterns.
95199296,Medium,0.2,0.1059286142942511,Container flagged for moderate operational risk due to excessive dwell time.
20669969,Low,0.03,0.1870053157698676,Container monitored due to night-time declaration activity.
16686519,Low,0.0,0.0970676952838496,Shipment characteristics align with normal operational and behavioral patterns.
62543879,Medium,0.1,0.1794487487008527,Container flagged for moderate operational risk due to limited importer shipment history.
13711131,Low,0.0,0.1999941191106132,Shipment characteristics align with normal operational and behavioral patterns.
85395832,Low,0.0,0.1771702911508297,Shipment characteristics align with normal operational and behavioral patterns.
81589044,Low,0.0,0.1650740903038241,Shipment characteristics align with normal operational and behavioral patterns.
99668084,Low,0.03,0.0905347953902364,Container monitored due to night-time declaration activity.
55264858,Low,0.0,0.0719517633610159,Shipment characteristics align with normal operational and behavioral patterns.
94195195,Low,0.0,0.1806826817988282,Shipment characteristics align with normal operational and behavioral patterns.
33963740,Low,0.0,0.1104452465892839,Shipment characteristics align with normal operational and behavioral patterns.
14105257,Medium,0.1,0.1750001455537745,Container flagged for moderate operational risk due to limited importer shipment history.
80052141,Low,0.0,0.1589693460758711,Shipment characteristics align with normal operational and behavioral patterns.
56098437,Low,0.0,0.1962427879485545,Shipment characteristics align with normal operational and behavioral patterns.
35470358,Low,0.0,0.0488387946302866,Shipment characteristics align with normal operational and behavioral patterns.
72986781,Medium,0.13,0.1409937132071452,"Container flagged for moderate operational risk due to night-time declaration activity, limited importer shipment history."
13321078,Low,0.0,0.1607208038909657,Shipment characteristics align with normal operational and behavioral patterns.
57247980,Medium,0.1666666666666666,0.1545778691438415,Container flagged for moderate operational risk due to high cargo value.
54544894,Low,0.0,0.1594172833366036,Shipment characteristics align with normal operational and behavioral patterns.
62338780,Low,0.03,0.1545832811189078,Container monitored due to night-time declaration activity.
57447321,Low,0.03,0.1244209629922989,Container monitored due to night-time declaration activity.
48182085,Low,0.0,0.0553986802821722,Shipment characteristics align with normal operational and behavioral patterns.
83115594,Low,0.0,0.0217127961809315,Shipment characteristics align with normal operational and behavioral patterns.
24102716,Medium,0.2,0.1501637672764328,Container flagged for moderate operational risk due to excessive dwell time.
85436672,Low,0.03,0.1631205338012136,Container monitored due to night-time declaration activity.
32046955,Low,0.03,-0.0207290797221966,"Container monitored due to high anomaly score, night-time declaration activity."
53827677,Low,0.0,0.2009449053479924,Shipment characteristics align with normal operational and behavioral patterns.
55786267,Low,0.03,0.145567831768063,Container monitored due to night-time declaration activity.
33872708,Low,0.03,0.1533311638171262,Container monitored due to night-time declaration activity.
64188215,Low,0.0,0.1700772515734824,Shipment characteristics align with normal operational and behavioral patterns.
38633858,Critical,0.42,-0.076655188455511,"Container classified as Critical Risk due to high anomaly score, severe weight discrepancy, limited importer shipment history."
51134397,Low,0.0,0.1842690791538546,Shipment characteristics align with normal operational and behavioral patterns.
29505313,Low,0.0,0.0319588883140095,Shipment characteristics align with normal operational and behavioral patterns.
36121329,Low,0.0,0.0630821687836533,Shipment characteristics align with normal operational and behavioral patterns.
15009388,Medium,0.13,0.1379941600475092,"Container flagged for moderate operational risk due to night-time declaration activity, limited importer shipment history."
94671019,Medium,0.1,0.1466493081588272,Container flagged for moderate operational risk due to limited importer shipment history.
74483591,Low,0.0,0.1639606367607029,Shipment characteristics align with normal operational and behavioral patterns.
29585977,Low,0.03,0.1836713341578829,Container monitored due to night-time declaration activity.
29610854,Low,0.0,0.188493726024908,Shipment characteristics align with normal operational and behavioral patterns.
45765120,Low,0.03,0.1245580599849755,Container monitored due to night-time declaration activity.
72091980,Low,0.0,0.1735212976596021,Shipment characteristics align with normal operational and behavioral patterns.
38944891,Low,0.0,0.1761877040647338,Shipment characteristics align with normal operational and behavioral patterns.
34422485,Low,0.0,0.1202848912948204,Shipment characteristics align with normal operational and behavioral patterns.
37891527,Low,0.0,0.0504967861608486,Shipment characteristics align with normal operational and behavioral patterns.
44215871,Medium,0.2,0.1455471669308016,Container flagged for moderate operational risk due to excessive dwell time.
12887630,Low,0.02,0.0346929228629611,Shipment characteristics align with normal operational and behavioral patterns.
19065719,Low,0.0,0.2035416454882093,Shipment characteristics align with normal operational and behavioral patterns.
40310630,Low,0.03,0.1349898020269306,Container monitored due to night-time declaration activity.
20609112,Low,0.0,0.1308800424679234,Shipment characteristics align with normal operational and behavioral patterns.
20740223,Low,0.0,0.1769779050250161,Shipment characteristics align with normal operational and behavioral patterns.
28547362,Low,0.0,0.1722036193716991,Shipment characteristics align with normal operational and behavioral patterns.
13843537,Medium,0.1,0.1330483200818413,Container flagged for moderate operational risk due to limited importer shipment history.
28936987,Medium,0.1666666666666666,0.1223817867448877,Container flagged for moderate operational risk due to high cargo value.
96436036,Low,0.03,0.1760678476419291,Container monitored due to night-time declaration activity.
62734889,Low,0.03,0.0649353796869612,Container monitored due to night-time declaration activity.
44816755,Low,0.0,0.1849382222456023,Shipment characteristics align with normal operational and behavioral patterns.
30680381,Medium,0.1999999999999999,0.1046935578848489,Container flagged for moderate operational risk due to abnormal weight discrepancy.
26261562,Low,0.0,0.1614060263614933,Shipment characteristics align with normal operational and behavioral patterns.
35322668,Low,0.0,0.1548583570274613,Shipment characteristics align with normal operational and behavioral patterns.
80908172,Low,0.0,0.0494140082529859,Shipment characteristics align with normal operational and behavioral patterns.
46222264,Low,0.0,0.0564808668696541,Shipment characteristics align with normal operational and behavioral patterns.
33125324,Low,0.03,0.1265110519353958,Container monitored due to night-time declaration activity.
43041510,Low,0.0,0.1493769606412575,Shipment characteristics align with normal operational and behavioral patterns.
40270501,Low,0.03,0.0994584902041132,Container monitored due to night-time declaration activity.
54075790,Low,0.0,0.0980625663578637,Shipment characteristics align with normal operational and behavioral patterns.
12312671,Low,0.0,0.0545539318759036,Shipment characteristics align with normal operational and behavioral patterns.
60977223,Low,0.0,0.1717373277280389,Shipment characteristics align with normal operational and behavioral patterns.
38914966,Low,0.0,0.1771980818683556,Shipment characteristics align with normal operational and behavioral patterns.
82635234,Low,0.0,0.181360343597199,Shipment characteristics align with normal operational and behavioral patterns.
12765526,Low,0.0,0.1817288202690438,Shipment characteristics align with normal operational and behavioral patterns.
46035070,Low,0.0,0.1399068701889754,Shipment characteristics align with normal operational and behavioral patterns.
78059787,Low,0.0,0.1344442946329873,Shipment characteristics align with normal operational and behavioral patterns.
73089317,Low,0.0,0.1819876838073907,Shipment characteristics align with normal operational and behavioral patterns.
13180582,Low,0.03,0.1538868073768128,Container monitored due to night-time declaration activity.
84212667,Low,0.0,0.1258793531697832,Shipment characteristics align with normal operational and behavioral patterns.
37118378,Low,0.0,0.0434696573540104,Shipment characteristics align with normal operational and behavioral patterns.
81768569,Low,0.0,0.1769651074575788,Shipment characteristics align with normal operational and behavioral patterns.
97369953,Medium,0.23,0.0979107438250629,"Container flagged for moderate operational risk due to excessive dwell time, night-time declaration activity."
83133990,Low,0.0,0.1335757001035198,Shipment characteristics align with normal operational and behavioral patterns.
83778600,Low,0.03,0.1816147463423403,Container monitored due to night-time declaration activity.
77926852,Low,0.0,0.0611739022436244,Shipment characteristics align with normal operational and behavioral patterns.
47700416,Medium,0.1666666666666666,0.1551423380587214,Container flagged for moderate operational risk due to high cargo value.
46191879,Low,0.03,0.1785671107339659,Container monitored due to night-time declaration activity.
29836277,Low,0.0,0.151632601097062,Shipment characteristics align with normal operational and behavioral patterns.
71435216,Low,0.0,0.0475111635987356,Shipment characteristics align with normal operational and behavioral patterns.
82239253,Low,0.0,0.188301905960405,Shipment characteristics align with normal operational and behavioral patterns.
84026013,Low,0.03,0.1436606031106957,Container monitored due to night-time declaration activity.
75603252,Low,0.0,0.1736256496244629,Shipment characteristics align with normal operational and behavioral patterns.
56287234,Low,0.0,0.1753427687942998,Shipment characteristics align with normal operational and behavioral patterns.
76974770,Low,0.0,0.1860223381273724,Shipment characteristics align with normal operational and behavioral patterns.
63553273,Low,0.0,0.1817636622940703,Shipment characteristics align with normal operational and behavioral patterns.
24260118,Low,0.0,0.1305131203229261,Shipment characteristics align with normal operational and behavioral patterns.
70300599,Low,0.0,0.1598133224688182,Shipment characteristics align with normal operational and behavioral patterns.
85483956,Low,0.0,0.145805782084156,Shipment characteristics align with normal operational and behavioral patterns.
25999940,Low,0.0,0.1936356348890168,Shipment characteristics align with normal operational and behavioral patterns.
37833363,Low,0.0,0.1601382012693343,Shipment characteristics align with normal operational and behavioral patterns.
25341907,Low,0.0,0.1646751659360627,Shipment characteristics align with normal operational and behavioral patterns.
56335610,Medium,0.2,0.1113897683344775,Container flagged for moderate operational risk due to excessive dwell time.
57371419,Low,0.03,0.155919867403578,Container monitored due to night-time declaration activity.
89060194,Medium,0.2,0.1077475129884873,Container flagged for moderate operational risk due to excessive dwell time.
23738172,Low,0.0,0.1645829227345053,Shipment characteristics align with normal operational and behavioral patterns.
63546264,Low,0.03,0.1450734818427729,Container monitored due to night-time declaration activity.
45573933,Low,0.0,0.06450811892672,Shipment characteristics align with normal operational and behavioral patterns.
63114658,Low,0.0,-0.022414870154139,Container monitored due to high anomaly score.
44027727,Medium,0.1666666666666666,0.085771142832492,Container flagged for moderate operational risk due to high cargo value.
44797684,Low,0.03,0.0928744723848281,Container monitored due to night-time declaration activity.
38709786,Low,0.03,-0.0310170854251309,"Container monitored due to high anomaly score, night-time declaration activity."
18346902,Low,0.0,0.1653741921249881,Shipment characteristics align with normal operational and behavioral patterns.
15555876,Low,0.0,0.1660614662547892,Shipment characteristics align with normal operational and behavioral patterns.
73130073,Low,0.0,0.1777363795139841,Shipment characteristics align with normal operational and behavioral patterns.
20687587,Low,0.0,0.1755530581697458,Shipment characteristics align with normal operational and behavioral patterns.
85228140,Low,0.0,0.2033332998744688,Shipment characteristics align with normal operational and behavioral patterns.
15414384,Low,0.0,0.0654334122838546,Shipment characteristics align with normal operational and behavioral patterns.
53769915,Low,0.0,0.2018268336330259,Shipment characteristics align with normal operational and behavioral patterns.
18017185,Low,0.03,0.1657807663927067,Container monitored due to night-time declaration activity.
76782891,Low,0.0,0.1111671284201281,Shipment characteristics align with normal operational and behavioral patterns.
48113237,Low,0.0,0.1674834804567307,Shipment characteristics align with normal operational and behavioral patterns.
53377789,Low,0.0,0.1959640833870262,Shipment characteristics align with normal operational and behavioral patterns.
27610779,Low,0.0,0.0518350523199417,Shipment characteristics align with normal operational and behavioral patterns.
19395773,Low,0.03,0.1683080293998535,Container monitored due to night-time declaration activity.
25261537,Low,0.0,0.1667476291915935,Shipment characteristics align with normal operational and behavioral patterns.
19338303,Low,0.03,0.018297649843916,Container monitored due to night-time declaration activity.
84663077,Low,0.0,0.0146019862748327,Shipment characteristics align with normal operational and behavioral patterns.
80671849,Low,0.03,0.1938525204046292,Container monitored due to night-time declaration activity.
62195639,Medium,0.2,0.0913813377319056,Container flagged for moderate operational risk due to excessive dwell time.
63047671,Low,0.0,0.1466827974946722,Shipment characteristics align with normal operational and behavioral patterns.
72724537,Low,0.0,0.1836699928534763,Shipment characteristics align with normal operational and behavioral patterns.
88017361,Low,0.03,0.1650282052319557,Container monitored due to night-time declaration activity.
59351448,Low,0.0,0.1607767982615771,Shipment characteristics align with normal operational and behavioral patterns.
36875546,Low,0.0,0.1626280295674255,Shipment characteristics align with normal operational and behavioral patterns.
62443964,Low,0.03,0.1465734596958881,Container monitored due to night-time declaration activity.
79486237,Low,0.0,0.1465646706063093,Shipment characteristics align with normal operational and behavioral patterns.
82505828,Low,0.0,0.1902822493118287,Shipment characteristics align with normal operational and behavioral patterns.
96636687,Low,0.0,0.1299654673868861,Shipment characteristics align with normal operational and behavioral patterns.
74097789,Low,0.0,0.1659120535368264,Shipment characteristics align with normal operational and behavioral patterns.
33416188,Low,0.03,0.1984599486607348,Container monitored due to night-time declaration activity.
96269821,Critical,0.43,0.0397410431417725,"Container classified as Critical Risk due to abnormal weight discrepancy, excessive dwell time, night-time declaration activity."
42989795,Low,0.0,0.176547628171963,Shipment characteristics align with normal operational and behavioral patterns.
39647349,Low,0.03,0.145047566256511,Container monitored due to night-time declaration activity.
83362148,Low,0.0,0.1795651618159757,Shipment characteristics align with normal operational and behavioral patterns.
22847439,Low,0.03,0.1874993542150148,Container monitored due to night-time declaration activity.
28779063,Low,0.0,0.1942228629423282,Shipment characteristics align with normal operational and behavioral patterns.
56515413,Low,0.0,0.1359287679422612,Shipment characteristics align with normal operational and behavioral patterns.
38981780,Low,0.0,0.1474695674903453,Shipment characteristics align with normal operational and behavioral patterns.
19391905,Medium,0.1,0.1849575818751081,Container flagged for moderate operational risk due to limited importer shipment history.
16125449,Low,0.0,0.1688755968636709,Shipment characteristics align with normal operational and behavioral patterns.
31482893,Low,0.0,-0.0060765747923853,Container monitored due to high anomaly score.
18692878,Low,0.0,0.1615001672271326,Shipment characteristics align with normal operational and behavioral patterns.
54294558,Low,0.03,0.0163506505440985,Container monitored due to night-time declaration activity.
90241324,Low,0.0,0.0380583005434226,Shipment characteristics align with normal operational and behavioral patterns.
98784857,Medium,0.1,0.2035059857507299,Container flagged for moderate operational risk due to limited importer shipment history.
28771974,Low,0.0,0.1783339408662261,Shipment characteristics align with normal operational and behavioral patterns.
65311247,Medium,0.1666666666666666,0.1457113786159571,Container flagged for moderate operational risk due to high cargo value.
43312845,Low,0.0,0.1834411830989331,Shipment characteristics align with normal operational and behavioral patterns.
68179554,Low,0.03,0.060168890608773,Container monitored due to night-time declaration activity.
23348456,Low,0.0,0.1872777804021277,Shipment characteristics align with normal operational and behavioral patterns.
73691518,Low,0.0,0.1937445063382488,Shipment characteristics align with normal operational and behavioral patterns.
86627009,Low,0.0,0.156947226340435,Shipment characteristics align with normal operational and behavioral patterns.
30013180,Low,0.0,0.1558026010667421,Shipment characteristics align with normal operational and behavioral patterns.
76583548,Low,0.03,0.0619007123720679,Container monitored due to night-time declaration activity.
82923928,Low,0.0,0.1695939439515191,Shipment characteristics align with normal operational and behavioral patterns.
16155444,Low,0.0,0.1326427196466363,Shipment characteristics align with normal operational and behavioral patterns.
65239606,Low,0.0,0.1289964388372205,Shipment characteristics align with normal operational and behavioral patterns.
93420427,Low,0.0,0.1770162338129032,Shipment characteristics align with normal operational and behavioral patterns.
51959103,Low,0.03,0.1332570618726349,Container monitored due to night-time declaration activity.
82494980,Low,0.03,-0.0398259087966419,"Container monitored due to high anomaly score, night-time declaration activity."
91310029,Low,0.0,0.0522674064613863,Shipment characteristics align with normal operational and behavioral patterns.
36006089,Low,0.03,0.1664731527874081,Container monitored due to night-time declaration activity.
75573132,Low,0.0,0.1533848840329454,Shipment characteristics align with normal operational and behavioral patterns.
75804584,Medium,0.1666666666666666,0.1475961640578154,Container flagged for moderate operational risk due to high cargo value.
50728504,Low,0.03,0.0210827053933579,Container monitored due to night-time declaration activity.
80104161,Low,0.03,0.1753682275043621,Container monitored due to night-time declaration activity.
62216889,Low,0.0,0.1489221435390643,Shipment characteristics align with normal operational and behavioral patterns.
96210675,Critical,0.4,-0.0173786702305364,"Container classified as Critical Risk due to high anomaly score, abnormal weight discrepancy, excessive dwell time."
30294747,Low,0.0,0.1568251612313825,Shipment characteristics align with normal operational and behavioral patterns.
41991802,Low,0.0,0.1301310942072377,Shipment characteristics align with normal operational and behavioral patterns.
41688728,Low,0.0,0.153539877437854,Shipment characteristics align with normal operational and behavioral patterns.
62159459,Low,0.03,0.1162164271715329,Container monitored due to night-time declaration activity.
86137954,Low,0.0,0.1935508855925005,Shipment characteristics align with normal operational and behavioral patterns.
38000557,Low,0.0,0.1994937584606105,Shipment characteristics align with normal operational and behavioral patterns.
28492463,Low,0.03,0.0555417143711129,Container monitored due to night-time declaration activity.
39647350,Low,0.0,0.0404731953478246,Shipment characteristics align with normal operational and behavioral patterns.
57774382,Low,0.03,0.1336169923351003,Container monitored due to night-time declaration activity.
50895099,Low,0.03,0.0102367330534861,Container monitored due to night-time declaration activity.
31933678,Low,0.03,0.1249813021497224,Container monitored due to night-time declaration activity.
56718886,Low,0.03,0.1044300728260113,Container monitored due to night-time declaration activity.
60014186,Low,0.03,0.1797023189675051,Container monitored due to night-time declaration activity.
92582783,Low,0.0,0.1959599432164781,Shipment characteristics align with normal operational and behavioral patterns.
24364830,Medium,0.13,0.1742326384632423,"Container flagged for moderate operational risk due to night-time declaration activity, limited importer shipment history."
48540929,Low,0.03,0.1079242100626697,Container monitored due to night-time declaration activity.
44863180,Low,0.0,0.1676012005411649,Shipment characteristics align with normal operational and behavioral patterns.
88208693,Low,0.0,0.1973643474435421,Shipment characteristics align with normal operational and behavioral patterns.
77153645,Low,0.0,0.1752738320196964,Shipment characteristics align with normal operational and behavioral patterns.
39367792,Medium,0.1,0.1884633457551989,Container flagged for moderate operational risk due to limited importer shipment history.
92454317,Low,0.0,0.1884367424855103,Shipment characteristics align with normal operational and behavioral patterns.
78945479,Medium,0.2299999999999999,0.0824925406398123,"Container flagged for moderate operational risk due to abnormal weight discrepancy, night-time declaration activity."
69686251,Low,0.03,0.1728683535502593,Container monitored due to night-time declaration activity.
98747669,Low,0.0,0.1647836068345263,Shipment characteristics align with normal operational and behavioral patterns.
79267776,Low,0.0,0.1819793313059061,Shipment characteristics align with normal operational and behavioral patterns.
74536816,Low,0.0,0.1929216807728008,Shipment characteristics align with normal operational and behavioral patterns.
19686669,Low,0.0,0.0396499927302056,Shipment characteristics align with normal operational and behavioral patterns.
18156249,Low,0.0,0.1727484807544292,Shipment characteristics align with normal operational and behavioral patterns.
59128371,Low,0.03,0.0451129357555639,Container monitored due to night-time declaration activity.
16201471,Critical,0.43,0.0545179772082795,"Container classified as Critical Risk due to abnormal weight discrepancy, extreme port dwell duration, night-time declaration activity."
85772959,Medium,0.13,0.1311995352179994,"Container flagged for moderate operational risk due to night-time declaration activity, limited importer shipment history."
28526140,Medium,0.1,0.165166207325192,Container flagged for moderate operational risk due to limited importer shipment history.
81640584,Low,0.0,0.17891625992719,Shipment characteristics align with normal operational and behavioral patterns.
24328863,Medium,0.2,0.1561221164340102,Container flagged for moderate operational risk due to excessive dwell time.
45514713,Low,0.0,0.1516308222389898,Shipment characteristics align with normal operational and behavioral patterns.
59588061,Low,0.0,0.171338714105722,Shipment characteristics align with normal operational and behavioral patterns.
83412215,Low,0.03,0.1567967243058025,Container monitored due to night-time declaration activity.
93072286,Low,0.0,0.1766904386437036,Shipment characteristics align with normal operational and behavioral patterns.
72177559,Low,0.0,0.1801438495344043,Shipment characteristics align with normal operational and behavioral patterns.
61178937,Low,0.0,0.1121406539365288,Shipment characteristics align with normal operational and behavioral patterns.
33434400,Medium,0.1,0.1847142513218535,Container flagged for moderate operational risk due to limited importer shipment history.
39175954,Low,0.03,0.1543375707778406,Container monitored due to night-time declaration activity.
89698372,Medium,0.1,0.1291239454959806,Container flagged for moderate operational risk due to limited importer shipment history.
58769380,Low,0.0,0.1850630642912035,Shipment characteristics align with normal operational and behavioral patterns.
24477589,Low,0.0,0.0938928106866704,Shipment characteristics align with normal operational and behavioral patterns.
67530698,Low,0.0,0.1068825231043582,Shipment characteristics align with normal operational and behavioral patterns.
23161598,Low,0.0,0.1683636314971061,Shipment characteristics align with normal operational and behavioral patterns.
68331842,Low,0.0,0.1984185685869053,Shipment characteristics align with normal operational and behavioral patterns.
24218554,Low,0.0,0.1971666194387418,Shipment characteristics align with normal operational and behavioral patterns.
57642216,Medium,0.1966666666666666,0.132822327233857,"Container flagged for moderate operational risk due to high cargo value, night-time declaration activity."
40535599,Low,0.03,0.1738077923839073,Container monitored due to night-time declaration activity.
95744836,Low,0.03,0.1550642576587078,Container monitored due to night-time declaration activity.
75687979,Low,0.0,0.1392325478057786,Shipment characteristics align with normal operational and behavioral patterns.
48583701,Low,0.0,0.1952124254612794,Shipment characteristics align with normal operational and behavioral patterns.
98663490,Low,0.03,0.1875135506331312,Container monitored due to night-time declaration activity.
63346400,Low,0.03,0.0859361711452595,Container monitored due to night-time declaration activity.
96017971,Low,0.0,0.1782796554471117,Shipment characteristics align with normal operational and behavioral patterns.
62082809,Low,0.03,0.197215216144134,Container monitored due to night-time declaration activity.
13248234,Low,0.03,0.1812120660393911,Container monitored due to night-time declaration activity.
29991304,Medium,0.2,0.1086933504306555,Container flagged for moderate operational risk due to excessive dwell time.
28203323,Low,0.0,-0.0606325643460839,Container monitored due to high anomaly score.
72650316,Low,0.03,0.1789638057311234,Container monitored due to night-time declaration activity.
25931821,Low,0.0,0.0188198842220063,Shipment characteristics align with normal operational and behavioral patterns.
18921958,Low,0.0,0.0323171562301165,Shipment characteristics align with normal operational and behavioral patterns.
66469440,Low,0.0,0.1839351409043514,Shipment characteristics align with normal operational and behavioral patterns.
35019678,Low,0.0,0.169197407720885,Shipment characteristics align with normal operational and behavioral patterns.
24809437,Low,0.0,0.1657054491473151,Shipment characteristics align with normal operational and behavioral patterns.
93620368,Low,0.0,0.1424373693384698,Shipment characteristics align with normal operational and behavioral patterns.
54543584,Low,0.03,0.1827977879044613,Container monitored due to night-time declaration activity.
34075520,Low,0.0,0.0752915191569642,Shipment characteristics align with normal operational and behavioral patterns.
59506809,Low,0.03,0.1899327034569597,Container monitored due to night-time declaration activity.
24754808,Low,0.0,0.1650430697016368,Shipment characteristics align with normal operational and behavioral patterns.
21469042,Low,0.0,0.185718066151046,Shipment characteristics align with normal operational and behavioral patterns.
55268026,Low,0.03,-0.0033614488248775,"Container monitored due to high anomaly score, night-time declaration activity."
93001872,Low,0.0,0.1535283015339593,Shipment characteristics align with normal operational and behavioral patterns.
27949135,Low,0.0,0.0298246019976342,Shipment characteristics align with normal operational and behavioral patterns.
86673864,Low,0.03,0.0827180399365575,Container monitored due to night-time declaration activity.
97450388,Low,0.0,0.1097360249552528,Shipment characteristics align with normal operational and behavioral patterns.
81749997,Low,0.0,0.0911929805247698,Shipment characteristics align with normal operational and behavioral patterns.
67612527,Low,0.03,0.1736818342036278,Container monitored due to night-time declaration activity.
67226696,Low,0.0,0.1094060661034696,Shipment characteristics align with normal operational and behavioral patterns.
10932996,Low,0.0,0.1983498896895436,Shipment characteristics align with normal operational and behavioral patterns.
30466420,Low,0.0,0.0231873824462849,Shipment characteristics align with normal operational and behavioral patterns.
31393068,Low,0.0,0.1807030461578246,Shipment characteristics align with normal operational and behavioral patterns.
10488916,Low,0.0,0.0478912430442995,Shipment characteristics align with normal operational and behavioral patterns.
81925179,Low,0.0,0.1499711318039527,Shipment characteristics align with normal operational and behavioral patterns.
40440491,Low,0.0,0.0984759170250904,Shipment characteristics align with normal operational and behavioral patterns.
33992577,Medium,0.1999999999999999,0.0914551275437411,Container flagged for moderate operational risk due to abnormal weight discrepancy.
25817032,Low,0.0,0.1490339826705974,Shipment characteristics align with normal operational and behavioral patterns.
78371738,Medium,0.1666666666666666,0.1283244186024843,Container flagged for moderate operational risk due to high cargo value.
78476882,Medium,0.1,0.1769285010507191,Container flagged for moderate operational risk due to limited importer shipment history.
78709045,Low,0.03,0.1790797977238767,Container monitored due to night-time declaration activity.
16835429,Medium,0.1666666666666666,0.1300368641914747,Container flagged for moderate operational risk due to extremely high cargo value.
36763238,Low,0.0,0.1653343041438273,Shipment characteristics align with normal operational and behavioral patterns.
21983143,Low,0.0,0.0225776214880035,Shipment characteristics align with normal operational and behavioral patterns.
85071541,Low,0.03,0.1628844556683193,Container monitored due to night-time declaration activity.
70516626,Low,0.0,0.1793099504606459,Shipment characteristics align with normal operational and behavioral patterns.
40546369,Low,0.03,0.1783534814906547,Container monitored due to night-time declaration activity.
58147038,Low,0.0,0.1701186543325978,Shipment characteristics align with normal operational and behavioral patterns.
12514475,Medium,0.1999999999999999,0.0909478418869766,Container flagged for moderate operational risk due to abnormal weight discrepancy.
61928486,Low,0.0,0.0219474074416972,Shipment characteristics align with normal operational and behavioral patterns.
42352936,Low,0.0,0.1882163447426761,Shipment characteristics align with normal operational and behavioral patterns.
87016651,Low,0.0,0.1844380778467653,Shipment characteristics align with normal operational and behavioral patterns.
25519725,Low,0.03,0.1472099248244797,Container monitored due to night-time declaration activity.
22428623,Low,0.0,0.1147183463597943,Shipment characteristics align with normal operational and behavioral patterns.
25821246,Low,0.0,0.1703683317459043,Shipment characteristics align with normal operational and behavioral patterns.
56917185,Low,0.0,0.1968955692869332,Shipment characteristics align with normal operational and behavioral patterns.
60669120,Low,0.0,0.0188298201145019,Shipment characteristics align with normal operational and behavioral patterns.
20760750,Low,0.03,0.1387031621189139,Container monitored due to night-time declaration activity.
16318536,Low,0.0,0.0886096632488003,Shipment characteristics align with normal operational and behavioral patterns.
96760348,Low,0.0,0.1709168052897109,Shipment characteristics align with normal operational and behavioral patterns.
60698466,Low,0.03,0.165376996556249,Container monitored due to night-time declaration activity.
59152963,Low,0.0,0.1278895099840153,Shipment characteristics align with normal operational and behavioral patterns.
24395534,Low,0.0,0.1803930584928016,Shipment characteristics align with normal operational and behavioral patterns.
35031752,Low,0.03,0.1585199726419546,Container monitored due to night-time declaration activity.
32921613,Low,0.0,0.1192151453886684,Shipment characteristics align with normal operational and behavioral patterns.
35783101,Low,0.0,0.1631049869715857,Shipment characteristics align with normal operational and behavioral patterns.
92053518,Low,0.03,0.1342410160374769,Container monitored due to night-time declaration activity.
81816052,Low,0.0,0.1487245821557082,Shipment characteristics align with normal operational and behavioral patterns.
10235916,Medium,0.2,0.107050661386028,Container flagged for moderate operational risk due to excessive dwell time.
47972748,Low,0.0,0.1690316058503171,Shipment characteristics align with normal operational and behavioral patterns.
36355342,Low,0.0,0.1585021566789261,Shipment characteristics align with normal operational and behavioral patterns.
56236968,Low,0.03,0.149053498626716,Container monitored due to night-time declaration activity.
56778414,Medium,0.1966666666666666,0.1264449693861595,"Container flagged for moderate operational risk due to high cargo value, night-time declaration activity."
32940508,Low,0.0,0.0954747808170279,Shipment characteristics align with normal operational and behavioral patterns.
47315886,Low,0.0,0.1770579528154021,Shipment characteristics align with normal operational and behavioral patterns.
16853561,Medium,0.2,0.1489167403177357,Container flagged for moderate operational risk due to excessive dwell time.
81475072,Low,0.0,0.1892193604778324,Shipment characteristics align with normal operational and behavioral patterns.
93192578,Low,0.0,0.1699167717641583,Shipment characteristics align with normal operational and behavioral patterns.
30055977,Low,0.0,0.1249242894783612,Shipment characteristics align with normal operational and behavioral patterns.
97991515,Low,0.0,0.1615353817532251,Shipment characteristics align with normal operational and behavioral patterns.
52340615,Low,0.0,0.1626388914182314,Shipment characteristics align with normal operational and behavioral patterns.
58111223,Low,0.03,0.149422433743892,Container monitored due to night-time declaration activity.
74919909,Low,0.0,0.1286113945612382,Shipment characteristics align with normal operational and behavioral patterns.
69169692,Low,0.03,0.1884856930300263,Container monitored due to night-time declaration activity.
27565806,Low,0.0,0.1923762568766487,Shipment characteristics align with normal operational and behavioral patterns.
80776977,Low,0.0,0.1255052476466814,Shipment characteristics align with normal operational and behavioral patterns.
43720879,Low,0.0,0.1408272233566987,Shipment characteristics align with normal operational and behavioral patterns.
60905958,Low,0.0,0.1720024098902777,Shipment characteristics align with normal operational and behavioral patterns.
85064424,Low,0.0,0.1964675770241029,Shipment characteristics align with normal operational and behavioral patterns.
38132083,Low,0.03,0.0994372032197852,Container monitored due to night-time declaration activity.
36365333,Low,0.0,0.1393852081804431,Shipment characteristics align with normal operational and behavioral patterns.
77594164,Medium,0.1966666666666666,0.1220626640287648,"Container flagged for moderate operational risk due to high cargo value, night-time declaration activity."
33011641,Low,0.0,0.1998101228087303,Shipment characteristics align with normal operational and behavioral patterns.
98653640,Low,0.0,0.1764974166190577,Shipment characteristics align with normal operational and behavioral patterns.
17369678,Medium,0.13,0.1332284706795513,"Container flagged for moderate operational risk due to night-time declaration activity, limited importer shipment history."
40144803,Low,0.0,0.1640018246114836,Shipment characteristics align with normal operational and behavioral patterns.
38765394,Medium,0.2,0.1067082629868689,Container flagged for moderate operational risk due to excessive dwell time.
12421196,Medium,0.1,0.1346478921384679,Container flagged for moderate operational risk due to limited importer shipment history.
75755529,Medium,0.1,0.1412883686602677,Container flagged for moderate operational risk due to limited importer shipment history.
76193034,Medium,0.1,0.1660501654777515,Container flagged for moderate operational risk due to limited importer shipment history.
77601193,Critical,0.32,-0.07035797388188,"Container classified as Critical Risk due to high anomaly score, severe weight discrepancy."
18106576,Low,0.0,0.1230189968126843,Shipment characteristics align with normal operational and behavioral patterns.
81352658,Low,0.0,0.1405390279925531,Shipment characteristics align with normal operational and behavioral patterns.
23583425,Low,0.0,0.1451546117564945,Shipment characteristics align with normal operational and behavioral patterns.
62287631,Low,0.03,0.1250561245353567,Container monitored due to night-time declaration activity.
15512671,Low,0.0,0.1299356780555675,Shipment characteristics align with normal operational and behavioral patterns.
82492073,Low,0.03,0.1822830690250268,Container monitored due to night-time declaration activity.
92565523,Low,0.03,0.1612328362723193,Container monitored due to night-time declaration activity.
38076919,Critical,0.5,0.0295966550069268,"Container classified as Critical Risk due to abnormal weight discrepancy, excessive dwell time, limited importer shipment history."
43763183,Low,0.0,0.1269828997807529,Shipment characteristics align with normal operational and behavioral patterns.
66240293,Low,0.03,0.149189513322053,Container monitored due to night-time declaration activity.
36977462,Low,0.0,0.1512837974059586,Shipment characteristics align with normal operational and behavioral patterns.
76882173,Low,0.0,0.1919495583577389,Shipment characteristics align with normal operational and behavioral patterns.
36923924,Low,0.0,0.1831008978467312,Shipment characteristics align with normal operational and behavioral patterns.
19495215,Low,0.0,0.1748785832697518,Shipment characteristics align with normal operational and behavioral patterns.
94889792,Low,0.0,0.202991473446791,Shipment characteristics align with normal operational and behavioral patterns.
20436639,Medium,0.1666666666666666,0.0833613517749179,Container flagged for moderate operational risk due to high cargo value.
64555220,Low,0.0,0.1535059113297558,Shipment characteristics align with normal operational and behavioral patterns.
78414244,Critical,0.32,-0.0807373993503549,"Container classified as Critical Risk due to high anomaly score, severe weight discrepancy."
49660578,Medium,0.13,0.1667711707590787,"Container flagged for moderate operational risk due to night-time declaration activity, limited importer shipment history."
24708035,Medium,0.1,0.1494893808211067,Container flagged for moderate operational risk due to limited importer shipment history.
39358406,Low,0.0,0.1352142388206715,Shipment characteristics align with normal operational and behavioral patterns.
99760408,Low,0.0,0.1637863011077124,Shipment characteristics align with normal operational and behavioral patterns.
39213615,Medium,0.13,0.1066392441503708,"Container flagged for moderate operational risk due to night-time declaration activity, limited importer shipment history."
61999584,Low,0.0,0.189228860687199,Shipment characteristics align with normal operational and behavioral patterns.
50904906,Low,0.0,0.2089224356925016,Shipment characteristics align with normal operational and behavioral patterns.
78837565,Low,0.0,0.2022213291837683,Shipment characteristics align with normal operational and behavioral patterns.
86318316,Low,0.0,0.1209031485453485,Shipment characteristics align with normal operational and behavioral patterns.
68940024,Low,0.03,0.0562173223763169,Container monitored due to night-time declaration activity.
98867343,Low,0.0,0.1430291765612306,Shipment characteristics align with normal operational and behavioral patterns.
35869741,Low,0.03,0.1624399779050296,Container monitored due to night-time declaration activity.
34733306,Medium,0.1,0.1489287682940658,Container flagged for moderate operational risk due to limited importer shipment history.
17745693,Low,0.0,0.135744468380405,Shipment characteristics align with normal operational and behavioral patterns.
16855662,Low,0.03,0.1693421777582502,Container monitored due to night-time declaration activity.
95948346,Low,0.0,0.1877761901029128,Shipment characteristics align with normal operational and behavioral patterns.
76139838,Critical,0.35,-0.0792476774078648,"Container classified as Critical Risk due to high anomaly score, severe weight discrepancy, night-time declaration activity."
60633727,Low,0.03,0.1998962052795275,Container monitored due to night-time declaration activity.
73663836,Low,0.03,-0.0131598354945388,"Container monitored due to high anomaly score, night-time declaration activity."
87804353,Low,0.0,0.1270782793119519,Shipment characteristics align with normal operational and behavioral patterns.
47631153,Medium,0.2,0.0881313348473368,Container flagged for moderate operational risk due to excessive dwell time.
41273275,Critical,0.32,-0.0831704637000742,"Container classified as Critical Risk due to high anomaly score, severe weight discrepancy."
64182827,Low,0.0,0.1880630022248525,Shipment characteristics align with normal operational and behavioral patterns.
30458540,Low,0.0,0.1903417357657876,Shipment characteristics align with normal operational and behavioral patterns.
70037618,Medium,0.1,0.1912575792775386,Container flagged for moderate operational risk due to limited importer shipment history.
80949574,Low,0.0,0.1866915736856773,Shipment characteristics align with normal operational and behavioral patterns.
86257527,Low,0.0,0.197431325463524,Shipment characteristics align with normal operational and behavioral patterns.
62742189,Low,0.0,0.1538005961171515,Shipment characteristics align with normal operational and behavioral patterns.
48595922,Low,0.0,0.1913454598821021,Shipment characteristics align with normal operational and behavioral patterns.
42772910,Medium,0.1666666666666666,0.1199399273826461,Container flagged for moderate operational risk due to high cargo value.
31864681,Low,0.0,0.1772816189571489,Shipment characteristics align with normal operational and behavioral patterns.
87925615,Low,0.0,0.1587675059396934,Shipment characteristics align with normal operational and behavioral patterns.
88180046,Low,0.0,0.1120211307409122,Shipment characteristics align with normal operational and behavioral patterns.
59934588,Low,0.03,0.0982939839878517,Container monitored due to night-time declaration activity.
43172248,Low,0.0,0.0310452141369631,Shipment characteristics align with normal operational and behavioral patterns.
40315391,Medium,0.1,0.0934421926356388,Container flagged for moderate operational risk due to limited importer shipment history.
79500472,Low,0.0,0.1504400015577026,Shipment characteristics align with normal operational and behavioral patterns.
56582809,Low,0.0,0.1641337644054676,Shipment characteristics align with normal operational and behavioral patterns.
74853406,Low,0.0,0.2027786464298077,Shipment characteristics align with normal operational and behavioral patterns.
20288178,Low,0.0,0.0511204088298338,Shipment characteristics align with normal operational and behavioral patterns.
61300085,Medium,0.1,0.1470454388346568,Container flagged for moderate operational risk due to limited importer shipment history.
65825661,Low,0.03,0.1741523984740059,Container monitored due to night-time declaration activity.
47642159,Low,0.03,0.1839421377164978,Container monitored due to night-time declaration activity.
52627692,Low,0.0,0.1341426389359188,Shipment characteristics align with normal operational and behavioral patterns.
24379538,Low,0.03,0.0386409328225011,Container monitored due to night-time declaration activity.
44602254,Low,0.0,0.0921777926180127,Shipment characteristics align with normal operational and behavioral patterns.
91384006,Medium,0.2,0.1364717819904168,Container flagged for moderate operational risk due to excessive dwell time.
67775907,Low,0.0,0.1018971905455211,Shipment characteristics align with normal operational and behavioral patterns.
96171103,Low,0.0,0.1423800369525589,Shipment characteristics align with normal operational and behavioral patterns.
65266046,Low,0.0,0.2050090546421509,Shipment characteristics align with normal operational and behavioral patterns.
65339510,Low,0.0,0.178660273013812,Shipment characteristics align with normal operational and behavioral patterns.
38259027,Low,0.03,0.1450990128049201,Container monitored due to night-time declaration activity.
26844593,Low,0.0,0.207844336179566,Shipment characteristics align with normal operational and behavioral patterns.
79405672,Low,0.0,0.1596277480555221,Shipment characteristics align with normal operational and behavioral patterns.
73148330,Low,0.03,0.1543223428478498,Container monitored due to night-time declaration activity.
65775641,Low,0.0,0.1587048053844251,Shipment characteristics align with normal operational and behavioral patterns.
95673397,Low,0.03,0.1879401630775402,Container monitored due to night-time declaration activity.
83913680,Low,0.0,-0.1510712555644183,Container monitored due to high anomaly score.
59805670,Low,0.0,0.1986429763401943,Shipment characteristics align with normal operational and behavioral patterns.
62316516,Medium,0.2,0.0914509386029843,Container flagged for moderate operational risk due to excessive dwell time.
67342843,Low,0.03,0.1564895361060456,Container monitored due to night-time declaration activity.
89555079,Critical,0.5,0.1053105714218002,"Container classified as Critical Risk due to abnormal weight discrepancy, excessive dwell time, limited importer shipment history."
47745653,Medium,0.1966666666666666,0.0921581678327543,"Container flagged for moderate operational risk due to high cargo value, night-time declaration activity."
35791431,Low,0.03,0.1258624758458924,Container monitored due to night-time declaration activity.
70287472,Low,0.0,0.1413933980907419,Shipment characteristics align with normal operational and behavioral patterns.
75011797,Low,0.0,0.1290204662219037,Shipment characteristics align with normal operational and behavioral patterns.
74638875,Critical,0.4,0.1121797115478619,"Container classified as Critical Risk due to abnormal weight discrepancy, excessive dwell time."
16292333,Low,0.0,0.1606397795079431,Shipment characteristics align with normal operational and behavioral patterns.
23100917,Medium,0.1,0.1687076688742599,Container flagged for moderate operational risk due to limited importer shipment history.
98002729,Low,0.03,0.1563098404506582,Container monitored due to night-time declaration activity.
68889171,Low,0.0,0.1936031740259005,Shipment characteristics align with normal operational and behavioral patterns.
65357618,Low,0.0,0.1487459244478957,Shipment characteristics align with normal operational and behavioral patterns.
82396911,Low,0.0,0.1210853977547816,Shipment characteristics align with normal operational and behavioral patterns.
53116929,Low,0.0,0.1661102668782412,Shipment characteristics align with normal operational and behavioral patterns.
18809455,Low,0.03,0.123171021288617,Container monitored due to night-time declaration activity.
38204776,Medium,0.1666666666666666,0.160195033887515,Container flagged for moderate operational risk due to high cargo value.
53216332,Low,0.03,0.1540471644028898,Container monitored due to night-time declaration activity.
66882416,Low,0.03,0.1543371278393888,Container monitored due to night-time declaration activity.
36507722,Low,0.03,0.1163824888058336,Container monitored due to night-time declaration activity.
16954924,Low,0.0,0.1824340723524206,Shipment characteristics align with normal operational and behavioral patterns.
32317451,Low,0.0,0.1945346425037806,Shipment characteristics align with normal operational and behavioral patterns.
84664918,Low,0.03,0.1526031838737346,Container monitored due to night-time declaration activity.
34378648,Low,0.0,0.1604989775580421,Shipment characteristics align with normal operational and behavioral patterns.
25418835,Low,0.0,0.0814826543832283,Shipment characteristics align with normal operational and behavioral patterns.
33306227,Low,0.0,0.1651852329808664,Shipment characteristics align with normal operational and behavioral patterns.
93979537,Medium,0.2,0.1356348140595294,Container flagged for moderate operational risk due to excessive dwell time.
46113472,Low,0.0,0.1742847559792976,Shipment characteristics align with normal operational and behavioral patterns.
30999542,Low,0.0,0.1833798352028397,Shipment characteristics align with normal operational and behavioral patterns.
50623462,Low,0.0,0.0835978706996383,Shipment characteristics align with normal operational and behavioral patterns.
26337235,Low,0.0,0.1292153747665903,Shipment characteristics align with normal operational and behavioral patterns.
76288415,Low,0.0,0.1513985986505527,Shipment characteristics align with normal operational and behavioral patterns.
80377692,Medium,0.2,0.0650389114601137,Container flagged for moderate operational risk due to excessive dwell time.
13052681,Low,0.0,0.2062116191097693,Shipment characteristics align with normal operational and behavioral patterns.
19688311,Low,0.0,0.1589017188774857,Shipment characteristics align with normal operational and behavioral patterns.
79010475,Critical,0.3666666666666666,-0.0567082324643301,"Container classified as Critical Risk due to high anomaly score, extremely high cargo value, abnormal weight discrepancy."
11742559,Low,0.03,0.1520621631825089,Container monitored due to night-time declaration activity.
53382190,Low,0.03,0.1183064851920271,Container monitored due to night-time declaration activity.
46281382,Medium,0.1966666666666666,0.0622237277637599,"Container flagged for moderate operational risk due to extremely high cargo value, night-time declaration activity."
55044074,Low,0.03,-0.0217620028069241,"Container monitored due to high anomaly score, night-time declaration activity."
39418546,Medium,0.1666666666666666,0.115995840176663,Container flagged for moderate operational risk due to high cargo value.
22300274,Low,0.03,0.1948115562683698,Container monitored due to night-time declaration activity.
17143769,Low,0.0,0.1391042853875237,Shipment characteristics align with normal operational and behavioral patterns.
95292619,Low,0.0,0.1692908934124794,Shipment characteristics align with normal operational and behavioral patterns.
96433252,Low,0.03,0.1828165694584741,Container monitored due to night-time declaration activity.
76079552,Low,0.0,0.186349112754736,Shipment characteristics align with normal operational and behavioral patterns.
16570498,Low,0.0,0.1510836895544405,Shipment characteristics align with normal operational and behavioral patterns.
84714725,Low,0.0,0.1163208520818727,Shipment characteristics align with normal operational and behavioral patterns.
71146595,Low,0.03,0.1622158562791691,Container monitored due to night-time declaration activity.
30880276,Low,0.03,0.130540972547283,Container monitored due to night-time declaration activity.
55937684,Low,0.0,0.1833601806361718,Shipment characteristics align with normal operational and behavioral patterns.
22950510,Low,0.03,0.1587976777609482,Container monitored due to night-time declaration activity.
34476441,Low,0.03,0.2021304246669566,Container monitored due to night-time declaration activity.
80336680,Low,0.0,0.1580071929959716,Shipment characteristics align with normal operational and behavioral patterns.
23184804,Medium,0.1666666666666666,0.1112864944511125,Container flagged for moderate operational risk due to high cargo value.
30305823,Low,0.0,0.1473386994743108,Shipment characteristics align with normal operational and behavioral patterns.
80613096,Medium,0.23,0.1334702997405161,"Container flagged for moderate operational risk due to excessive dwell time, night-time declaration activity."
82959281,Low,0.0,0.0972566198223556,Shipment characteristics align with normal operational and behavioral patterns.
45250229,Low,0.03,0.1462781386329985,Container monitored due to night-time declaration activity.
38068389,Low,0.0,0.1591852861116355,Shipment characteristics align with normal operational and behavioral patterns.
75745963,Low,0.0,0.1830600668471955,Shipment characteristics align with normal operational and behavioral patterns.
66052389,Medium,0.1966666666666666,0.0067974929240953,"Container flagged for moderate operational risk due to extremely high cargo value, night-time declaration activity."
62458993,Low,0.0,0.0291418368770114,Shipment characteristics align with normal operational and behavioral patterns.
66114067,Low,0.0,0.18506000547832,Shipment characteristics align with normal operational and behavioral patterns.
70024527,Low,0.03,0.1339182755921353,Container monitored due to night-time declaration activity.
68664003,Low,0.03,0.1660045113106593,Container monitored due to night-time declaration activity.
53781789,Low,0.03,0.0969174774016928,Container monitored due to night-time declaration activity.
17464740,Low,0.0,0.2013787431079376,Shipment characteristics align with normal operational and behavioral patterns.
56886566,Low,0.03,-0.0175584603486819,"Container monitored due to high anomaly score, night-time declaration activity."
63046572,Critical,0.32,-0.0819151477588152,"Container classified as Critical Risk due to high anomaly score, severe weight discrepancy."
13750149,Low,0.0,0.1614109751733471,Shipment characteristics align with normal operational and behavioral patterns.
57838928,Medium,0.2299999999999999,0.033409237992151,"Container flagged for moderate operational risk due to abnormal weight discrepancy, night-time declaration activity."
22658833,Low,0.0,0.1989834953766046,Shipment characteristics align with normal operational and behavioral patterns.
68620943,Low,0.0,0.1402041835486172,Shipment characteristics align with normal operational and behavioral patterns.
85314368,Medium,0.1,0.1329100129264375,Container flagged for moderate operational risk due to limited importer shipment history.
93909148,Low,0.0,0.2010241054453275,Shipment characteristics align with normal operational and behavioral patterns.
98743392,Medium,0.1,0.1564621417100481,Container flagged for moderate operational risk due to limited importer shipment history.
64187333,Critical,0.42,-0.0926687982510144,"Container classified as Critical Risk due to high anomaly score, severe weight discrepancy, limited importer shipment history."
32176603,Low,0.03,0.1610458406340796,Container monitored due to night-time declaration activity.
91117781,Low,0.0,0.1428802329905763,Shipment characteristics align with normal operational and behavioral patterns.
38994415,Medium,0.13,0.142523940469135,"Container flagged for moderate operational risk due to night-time declaration activity, limited importer shipment history."
83454619,Low,0.0,0.1549491844630174,Shipment characteristics align with normal operational and behavioral patterns.
66760761,Low,0.0,0.0518708735953746,Shipment characteristics align with normal operational and behavioral patterns.
91966406,Low,0.03,0.094016685140789,Container monitored due to night-time declaration activity.
54024961,Low,0.0,0.149736009600089,Shipment characteristics align with normal operational and behavioral patterns.
99828616,Low,0.0,0.1857847495422997,Shipment characteristics align with normal operational and behavioral patterns.
96243512,Low,0.0,0.1922942258692913,Shipment characteristics align with normal operational and behavioral patterns.
51425561,Medium,0.2,0.0600971566768967,Container flagged for moderate operational risk due to extreme port dwell duration.
13643045,Low,0.0,0.1079288827088896,Shipment characteristics align with normal operational and behavioral patterns.
27232191,Low,0.0,0.1934652343853682,Shipment characteristics align with normal operational and behavioral patterns.
19490843,Low,0.0,0.140929017105848,Shipment characteristics align with normal operational and behavioral patterns.
50916913,Low,0.0,0.1237540152298808,Shipment characteristics align with normal operational and behavioral patterns.
47766932,Low,0.03,0.0713609250096469,Container monitored due to night-time declaration activity.
68746144,Medium,0.1666666666666666,0.0985218540071237,Container flagged for moderate operational risk due to extremely high cargo value.
86805518,Low,0.03,0.1290246205478615,Container monitored due to night-time declaration activity.
80572166,Low,0.0,0.1810038637082863,Shipment characteristics align with normal operational and behavioral patterns.
52815163,Low,0.0,0.1847859811482148,Shipment characteristics align with normal operational and behavioral patterns.
10672245,Low,0.03,0.1887619656888528,Container monitored due to night-time declaration activity.
10998384,Low,0.0,0.1333332397479159,Shipment characteristics align with normal operational and behavioral patterns.
24880661,Low,0.0,0.0970011286236366,Shipment characteristics align with normal operational and behavioral patterns.
55665268,Medium,0.1666666666666666,0.0560478045804127,Container flagged for moderate operational risk due to extremely high cargo value.
86254459,Medium,0.1966666666666666,-0.0013964199643113,"Container flagged for moderate operational risk due to high anomaly score, high cargo value, night-time declaration activity."
64342172,Low,0.03,0.1979021169723681,Container monitored due to night-time declaration activity.
31043634,Low,0.0,0.0302157523349076,Shipment characteristics align with normal operational and behavioral patterns.
36932651,Medium,0.13,0.1292542066934512,"Container flagged for moderate operational risk due to night-time declaration activity, limited importer shipment history."
39604102,Low,0.0,0.1956505187598529,Shipment characteristics align with normal operational and behavioral patterns.
72757614,Low,0.0,0.1723510153444982,Shipment characteristics align with normal operational and behavioral patterns.
80171677,Low,0.0,0.1808581883860533,Shipment characteristics align with normal operational and behavioral patterns.
80618987,Medium,0.1666666666666666,0.0755501006440859,Container flagged for moderate operational risk due to high cargo value.
24434672,Low,0.03,0.1805832475426076,Container monitored due to night-time declaration activity.
24513060,Low,0.0,0.1616596121450047,Shipment characteristics align with normal operational and behavioral patterns.
20410859,Low,0.0,0.0302177809433025,Shipment characteristics align with normal operational and behavioral patterns.
43804741,Low,0.0,0.0899097468030536,Shipment characteristics align with normal operational and behavioral patterns.
66283545,Low,0.0,0.1398682502405276,Shipment characteristics align with normal operational and behavioral patterns.
22875070,Low,0.0,0.0158427016501949,Shipment characteristics align with normal operational and behavioral patterns.
53202151,Low,0.03,0.1838148227166294,Container monitored due to night-time declaration activity.
58585480,Low,0.0,0.1459275797645788,Shipment characteristics align with normal operational and behavioral patterns.
49344369,Low,0.0,0.1722777257215257,Shipment characteristics align with normal operational and behavioral patterns.
95299980,Low,0.03,0.1583375675844059,Container monitored due to night-time declaration activity.
25312038,Low,0.0,0.1673810547293618,Shipment characteristics align with normal operational and behavioral patterns.
16615760,Medium,0.1,0.1819765073462123,Container flagged for moderate operational risk due to limited importer shipment history.
91517689,Low,0.03,0.0778452310275756,Container monitored due to night-time declaration activity.
17852478,Low,0.03,0.1169155191020264,Container monitored due to night-time declaration activity.
75644234,Low,0.0,0.1975873019243051,Shipment characteristics align with normal operational and behavioral patterns.
68616898,Low,0.0,0.1681862366205969,Shipment characteristics align with normal operational and behavioral patterns.
35199524,Medium,0.1,0.1453022771046276,Container flagged for moderate operational risk due to limited importer shipment history.
84981581,Medium,0.1999999999999999,0.0795712033890267,Container flagged for moderate operational risk due to abnormal weight discrepancy.
99183454,Low,0.03,0.1688713666468324,Container monitored due to night-time declaration activity.
35642698,Low,0.0,0.1657047782061092,Shipment characteristics align with normal operational and behavioral patterns.
30936045,Low,0.03,0.1218974949843573,Container monitored due to night-time declaration activity.
51268079,Low,0.03,0.135984275229586,Container monitored due to night-time declaration activity.
97624964,Low,0.03,0.1808766211303289,Container monitored due to night-time declaration activity.
40749347,Low,0.03,0.1461610526441997,Container monitored due to night-time declaration activity.
66068148,Low,0.0,0.2035020092650029,Shipment characteristics align with normal operational and behavioral patterns.
77812218,Low,0.03,0.0560198132793919,Container monitored due to night-time declaration activity.
86731631,Low,0.03,0.1437322734218439,Container monitored due to night-time declaration activity.
39997448,Low,0.03,0.115152747425146,Container monitored due to night-time declaration activity.
87842032,Low,0.0,0.1599826369461111,Shipment characteristics align with normal operational and behavioral patterns.
33992426,Low,0.0,0.0627561287795185,Shipment characteristics align with normal operational and behavioral patterns.
62545843,Medium,0.2,0.1098686576692923,Container flagged for moderate operational risk due to excessive dwell time.
35495062,Low,0.03,0.1513374926007815,Container monitored due to night-time declaration activity.
93222287,Medium,0.1999999999999999,0.1061558801740436,Container flagged for moderate operational risk due to abnormal weight discrepancy.
35229443,Medium,0.1666666666666666,0.1007844278632227,Container flagged for moderate operational risk due to high cargo value.
97895718,Low,0.03,0.1476485916679246,Container monitored due to night-time declaration activity.
62489909,Low,0.0,0.1616178722460161,Shipment characteristics align with normal operational and behavioral patterns.
88412727,Low,0.0,0.1746104271984799,Shipment characteristics align with normal operational and behavioral patterns.
42065717,Medium,0.1666666666666666,-0.0063374416902809,"Container flagged for moderate operational risk due to high anomaly score, extremely high cargo value."
97735698,Low,0.0,0.1436694496012271,Shipment characteristics align with normal operational and behavioral patterns.
85707548,Low,0.0,0.1633276981882144,Shipment characteristics align with normal operational and behavioral patterns.
69129744,Medium,0.1666666666666666,0.1138804951726792,Container flagged for moderate operational risk due to high cargo value.
52138344,Low,0.0,0.1894464272553822,Shipment characteristics align with normal operational and behavioral patterns.
71966027,Low,0.0,0.1288020206970156,Shipment characteristics align with normal operational and behavioral patterns.
26952198,Medium,0.1666666666666666,0.1220706202018227,Container flagged for moderate operational risk due to high cargo value.
52323069,Low,0.03,0.1266577353183413,Container monitored due to night-time declaration activity.
64734514,Medium,0.1666666666666666,0.1190730394763119,Container flagged for moderate operational risk due to high cargo value.
38926301,Low,0.03,0.1310346636033227,Container monitored due to night-time declaration activity.
63542148,Low,0.0,0.203072757878072,Shipment characteristics align with normal operational and behavioral patterns.
10903792,Low,0.0,0.128079317407518,Shipment characteristics align with normal operational and behavioral patterns.
31039194,Low,0.0,0.1855322454118608,Shipment characteristics align with normal operational and behavioral patterns.
73947477,Low,0.0,0.1624560435778489,Shipment characteristics align with normal operational and behavioral patterns.
82713522,Low,0.0,0.1516353037324003,Shipment characteristics align with normal operational and behavioral patterns.
42702231,Low,0.0,0.1315704972114042,Shipment characteristics align with normal operational and behavioral patterns.
44412380,Low,0.0,0.1670344131114856,Shipment characteristics align with normal operational and behavioral patterns.
25002965,Critical,0.33,0.1001178946209472,"Container classified as Critical Risk due to excessive dwell time, night-time declaration activity, limited importer shipment history."
40967172,Medium,0.1,0.1776964360091334,Container flagged for moderate operational risk due to limited importer shipment history.
38102103,Medium,0.13,0.1423074120940956,"Container flagged for moderate operational risk due to night-time declaration activity, limited importer shipment history."
53298809,Low,0.0,0.2052575635812759,Shipment characteristics align with normal operational and behavioral patterns.
14784752,Low,0.03,0.1378971322222908,Container monitored due to night-time declaration activity.
39961553,Low,0.0,0.1750486652835299,Shipment characteristics align with normal operational and behavioral patterns.
24940779,Low,0.0,0.1878323989013432,Shipment characteristics align with normal operational and behavioral patterns.
13754249,Medium,0.1,0.175401467511272,Container flagged for moderate operational risk due to limited importer shipment history.
72804109,Medium,0.1,0.1399691608386739,Container flagged for moderate operational risk due to limited importer shipment history.
28689712,Low,0.0,0.1519553018656951,Shipment characteristics align with normal operational and behavioral patterns.
59462301,Low,0.0,0.1519339904203809,Shipment characteristics align with normal operational and behavioral patterns.
35668726,Low,0.0,0.1930723514231757,Shipment characteristics align with normal operational and behavioral patterns.
79191713,Low,0.03,0.129491540063014,Container monitored due to night-time declaration activity.
68319341,Medium,0.1,0.1881442130292403,Container flagged for moderate operational risk due to limited importer shipment history.
29254582,Low,0.0,-0.0397299042056984,Container monitored due to high anomaly score.
99465601,Low,0.03,0.1924777303798268,Container monitored due to night-time declaration activity.
85489948,Medium,0.1,0.1129981947993505,Container flagged for moderate operational risk due to limited importer shipment history.
32799093,Low,0.03,0.1755397614221081,Container monitored due to night-time declaration activity.
46100379,Low,0.0,0.1664705717638715,Shipment characteristics align with normal operational and behavioral patterns.
98923242,Low,0.0,0.1829647599230142,Shipment characteristics align with normal operational and behavioral patterns.
25295304,Low,0.0,0.1773809688517135,Shipment characteristics align with normal operational and behavioral patterns.
47936577,Low,0.03,0.0396317868723652,Container monitored due to night-time declaration activity.
74326931,Low,0.0,0.0978308070332487,Shipment characteristics align with normal operational and behavioral patterns.
33991722,Low,0.0,0.1364559072860897,Shipment characteristics align with normal operational and behavioral patterns.
83019608,Low,0.03,0.136330138260434,Container monitored due to night-time declaration activity.
66372837,Low,0.0,0.1833476805979573,Shipment characteristics align with normal operational and behavioral patterns.
78292064,Low,0.03,0.1499570338780053,Container monitored due to night-time declaration activity.
63266838,Low,0.0,0.1580962657920657,Shipment characteristics align with normal operational and behavioral patterns.
71429545,Medium,0.23,0.1140593027475495,"Container flagged for moderate operational risk due to excessive dwell time, night-time declaration activity."
61203343,Low,0.0,0.1814553359361964,Shipment characteristics align with normal operational and behavioral patterns.
41170828,Low,0.0,0.1554121005552882,Shipment characteristics align with normal operational and behavioral patterns.
79591054,Low,0.03,0.1309364125440085,Container monitored due to night-time declaration activity.
15239225,Medium,0.1,0.1500198947372924,Container flagged for moderate operational risk due to limited importer shipment history.
16129656,Low,0.03,0.0795997601937666,Container monitored due to night-time declaration activity.
75702422,Critical,0.4,0.0222255134337252,"Container classified as Critical Risk due to abnormal weight discrepancy, extreme port dwell duration."
63264576,Low,0.03,0.185457763320143,Container monitored due to night-time declaration activity.
46082680,Medium,0.1966666666666666,0.0708808559827106,"Container flagged for moderate operational risk due to high cargo value, night-time declaration activity."
57641067,Low,0.0,0.1705954645039436,Shipment characteristics align with normal operational and behavioral patterns.
29694260,Low,0.0,0.1583373472661196,Shipment characteristics align with normal operational and behavioral patterns.
97968688,Medium,0.2,0.0181635196226058,Container flagged for moderate operational risk due to excessive dwell time.
13655787,Medium,0.1666666666666666,0.138934280602602,Container flagged for moderate operational risk due to high cargo value.
21403482,Low,0.0,0.1376827366030235,Shipment characteristics align with normal operational and behavioral patterns.
37025695,Low,0.0,0.1012877680199649,Shipment characteristics align with normal operational and behavioral patterns.
28988210,Low,0.03,0.156176867926781,Container monitored due to night-time declaration activity.
66293653,Low,0.0,0.2046589372666007,Shipment characteristics align with normal operational and behavioral patterns.
50663184,Low,0.0,0.1637532904993663,Shipment characteristics align with normal operational and behavioral patterns.
81086163,Low,0.0,0.1287457329303818,Shipment characteristics align with normal operational and behavioral patterns.
77328281,Medium,0.1666666666666666,0.1020204225789795,Container flagged for moderate operational risk due to high cargo value.
10096955,Low,0.03,0.1406263298502313,Container monitored due to night-time declaration activity.
10585138,Low,0.0,0.1779294895579706,Shipment characteristics align with normal operational and behavioral patterns.
56187686,Low,0.0,0.1192403470376852,Shipment characteristics align with normal operational and behavioral patterns.
78459367,Low,0.03,0.1663979303340634,Container monitored due to night-time declaration activity.
49306987,Low,0.03,0.116300667266224,Container monitored due to night-time declaration activity.
33454975,Low,0.0,0.1844161642472374,Shipment characteristics align with normal operational and behavioral patterns.
95635414,Low,0.0,0.1583678660886694,Shipment characteristics align with normal operational and behavioral patterns.
91467336,Low,0.0,0.2038317832174432,Shipment characteristics align with normal operational and behavioral patterns.
20804370,Medium,0.1666666666666666,0.1245065787269205,Container flagged for moderate operational risk due to high cargo value.
92266743,Low,0.0,0.191961928478369,Shipment characteristics align with normal operational and behavioral patterns.
55105681,Low,0.0,0.0202098148334858,Shipment characteristics align with normal operational and behavioral patterns.
48408845,Low,0.0,0.1980114757777571,Shipment characteristics align with normal operational and behavioral patterns.
67504058,Low,0.0,0.1589786598579188,Shipment characteristics align with normal operational and behavioral patterns.
54997774,Low,0.0,0.1357355196269902,Shipment characteristics align with normal operational and behavioral patterns.
73891191,Low,0.0,0.1579193431229561,Shipment characteristics align with normal operational and behavioral patterns.
83082744,Low,0.03,0.1663439263435878,Container monitored due to night-time declaration activity.
18335404,Low,0.0,0.2038147814124622,Shipment characteristics align with normal operational and behavioral patterns.
61118763,Low,0.0,0.1348306832022447,Shipment characteristics align with normal operational and behavioral patterns.
64718417,Low,0.03,0.1656026739558991,Container monitored due to night-time declaration activity.
88446383,Low,0.0,0.1619901198786527,Shipment characteristics align with normal operational and behavioral patterns.
16781762,Low,0.0,0.1821998221886994,Shipment characteristics align with normal operational and behavioral patterns.
62634333,Medium,0.1966666666666666,0.0987741055830874,"Container flagged for moderate operational risk due to high cargo value, night-time declaration activity."
22427002,Low,0.0,0.1919145486857933,Shipment characteristics align with normal operational and behavioral patterns.
96769995,Medium,0.1966666666666666,0.116037620624503,"Container flagged for moderate operational risk due to high cargo value, night-time declaration activity."
62685731,Low,0.0,0.199047388400007,Shipment characteristics align with normal operational and behavioral patterns.
74711860,Low,0.03,0.1369985388142418,Container monitored due to night-time declaration activity.
30289655,Low,0.0,0.1401196751767375,Shipment characteristics align with normal operational and behavioral patterns.
70880808,Low,0.0,0.1723886150290483,Shipment characteristics align with normal operational and behavioral patterns.
30700598,Low,0.0,0.1786989399740991,Shipment characteristics align with normal operational and behavioral patterns.
18423506,Low,0.03,0.1407068967703196,Container monitored due to night-time declaration activity.
87101378,Low,0.0,0.0989887005010834,Shipment characteristics align with normal operational and behavioral patterns.
88302606,Low,0.0,0.1350037628369039,Shipment characteristics align with normal operational and behavioral patterns.
10550059,Low,0.0,0.1420198210067622,Shipment characteristics align with normal operational and behavioral patterns.
93912647,Medium,0.23,0.1340741879907875,"Container flagged for moderate operational risk due to excessive dwell time, night-time declaration activity."
89205936,Low,0.0,0.1653195018547238,Shipment characteristics align with normal operational and behavioral patterns.
83390443,Low,0.0,0.1684217077967342,Shipment characteristics align with normal operational and behavioral patterns.
62668618,Low,0.0,0.195820493008807,Shipment characteristics align with normal operational and behavioral patterns.
16402490,Low,0.03,0.134127796406689,Container monitored due to night-time declaration activity.
48368552,Low,0.03,0.1758807744213402,Container monitored due to night-time declaration activity.
86968324,Critical,0.4,0.0519961909820758,"Container classified as Critical Risk due to abnormal weight discrepancy, extreme port dwell duration."
79909866,Low,0.0,0.1991324044633218,Shipment characteristics align with normal operational and behavioral patterns.
37129948,Low,0.03,0.166963149757098,Container monitored due to night-time declaration activity.
59939101,Medium,0.1666666666666666,0.1164244597694126,Container flagged for moderate operational risk due to high cargo value.
24805030,Low,0.0,0.190050768502013,Shipment characteristics align with normal operational and behavioral patterns.
96079449,Low,0.03,0.1649772080398416,Container monitored due to night-time declaration activity.
21122849,Medium,0.1,0.1827832743582871,Container flagged for moderate operational risk due to limited importer shipment history.
33813409,Low,0.0,0.0887013869420589,Shipment characteristics align with normal operational and behavioral patterns.
80436147,Medium,0.1,0.1333114261989336,Container flagged for moderate operational risk due to limited importer shipment history.
65683922,Low,0.0,0.1047406483503675,Shipment characteristics align with normal operational and behavioral patterns.
97989212,Low,0.0,0.1732436875852495,Shipment characteristics align with normal operational and behavioral patterns.
97737580,Low,0.0,0.1568403714326158,Shipment characteristics align with normal operational and behavioral patterns.
46468537,Low,0.0,0.1255844525984187,Shipment characteristics align with normal operational and behavioral patterns.
31429428,Low,0.03,0.1281054024887035,Container monitored due to night-time declaration activity.
51261787,Low,0.0,0.046111164662699,Shipment characteristics align with normal operational and behavioral patterns.
55260788,Low,0.0,0.1882543682789397,Shipment characteristics align with normal operational and behavioral patterns.
33406959,Low,0.0,0.1802832125756253,Shipment characteristics align with normal operational and behavioral patterns.
11736411,Low,0.0,0.1725491662855102,Shipment characteristics align with normal operational and behavioral patterns.
99699150,Low,0.03,0.13322476284505,Container monitored due to night-time declaration activity.
10227110,Low,0.0,0.1057618486837241,Shipment characteristics align with normal operational and behavioral patterns.
14687434,Low,0.0,0.1625016026257337,Shipment characteristics align with normal operational and behavioral patterns.
93342440,Low,0.0,0.1543077838226346,Shipment characteristics align with normal operational and behavioral patterns.
17660257,Low,0.03,0.1793324673700735,Container monitored due to night-time declaration activity.
54917834,Low,0.03,0.168518417507482,Container monitored due to night-time declaration activity.
77973790,Low,0.0,0.1647155957561146,Shipment characteristics align with normal operational and behavioral patterns.
67751871,Low,0.03,0.1747255406309577,Container monitored due to night-time declaration activity.
91974884,Low,0.03,0.1677350184966429,Container monitored due to night-time declaration activity.
46296764,Low,0.0,0.1150562728026792,Shipment characteristics align with normal operational and behavioral patterns.
87562592,Low,0.03,0.180428920504923,Container monitored due to night-time declaration activity.
30187593,Low,0.0,0.1498007352256485,Shipment characteristics align with normal operational and behavioral patterns.
46803851,Low,0.0,0.1203003980432342,Shipment characteristics align with normal operational and behavioral patterns.
68015087,Medium,0.1666666666666666,0.1473059469661409,Container flagged for moderate operational risk due to high cargo value.
62050562,Low,0.03,0.1242373334701373,Container monitored due to night-time declaration activity.
88492669,Low,0.03,0.1410604503564346,Container monitored due to night-time declaration activity.
96423784,Low,0.0,0.1531701259480294,Shipment characteristics align with normal operational and behavioral patterns.
10338656,Low,0.0,0.1271134758795492,Shipment characteristics align with normal operational and behavioral patterns.
60345341,Low,0.0,0.1737863846996609,Shipment characteristics align with normal operational and behavioral patterns.
72359330,Low,0.0,0.1579363879436512,Shipment characteristics align with normal operational and behavioral patterns.
87268659,Medium,0.1,0.1571136556887494,Container flagged for moderate operational risk due to limited importer shipment history.
33719924,Medium,0.1,0.153992726445526,Container flagged for moderate operational risk due to limited importer shipment history.
63658032,Low,0.03,0.1795413020272118,Container monitored due to night-time declaration activity.
49985820,Low,0.03,0.0843103140545188,Container monitored due to night-time declaration activity.
10381744,Low,0.0,0.1805923904227946,Shipment characteristics align with normal operational and behavioral patterns.
75381325,Low,0.0,0.1828888966113742,Shipment characteristics align with normal operational and behavioral patterns.
16565368,Low,0.0,0.2053520289048163,Shipment characteristics align with normal operational and behavioral patterns.
86446051,Medium,0.23,0.1259182960140109,"Container flagged for moderate operational risk due to excessive dwell time, night-time declaration activity."
76137475,Low,0.03,0.1581437583784311,Container monitored due to night-time declaration activity.
71965362,Low,0.0,0.1839455556595274,Shipment characteristics align with normal operational and behavioral patterns.
13906965,Medium,0.2,-0.0275128573111641,"Container flagged for moderate operational risk due to high anomaly score, excessive dwell time."
38801141,Medium,0.13,0.1390921057251117,"Container flagged for moderate operational risk due to night-time declaration activity, limited importer shipment history."
83369882,Low,0.03,0.1432627532746024,Container monitored due to night-time declaration activity.
85088985,Low,0.0,0.1019580315261809,Shipment characteristics align with normal operational and behavioral patterns.
61483044,Low,0.03,0.0326595294292674,Container monitored due to night-time declaration activity.
34879534,Medium,0.1,0.1397891178821809,Container flagged for moderate operational risk due to limited importer shipment history.
94011032,Low,0.03,0.1863590865925563,Container monitored due to night-time declaration activity.
65954814,Medium,0.2,0.0948136180326557,Container flagged for moderate operational risk due to excessive dwell time.
12820360,Medium,0.1,0.03732218573977,Container flagged for moderate operational risk due to limited importer shipment history.
32684026,Low,0.0,0.2074556737656918,Shipment characteristics align with normal operational and behavioral patterns.
96042064,Medium,0.1666666666666666,0.0117371760467261,Container flagged for moderate operational risk due to extremely high cargo value.
62874275,Medium,0.1,0.1909819138298449,Container flagged for moderate operational risk due to limited importer shipment history.
89824169,Low,0.0,0.1889481039637331,Shipment characteristics align with normal operational and behavioral patterns.
37012871,Low,0.0,0.1773111314392147,Shipment characteristics align with normal operational and behavioral patterns.
94336584,Medium,0.2299999999999999,0.1146386105181327,"Container flagged for moderate operational risk due to abnormal weight discrepancy, night-time declaration activity."
49751679,Low,0.0,0.1940098968755679,Shipment characteristics align with normal operational and behavioral patterns.
50591228,Medium,0.1,0.1416295559666728,Container flagged for moderate operational risk due to limited importer shipment history.
14889560,Low,0.0,0.1817417991976911,Shipment characteristics align with normal operational and behavioral patterns.
49943137,Medium,0.1,0.1869040325302379,Container flagged for moderate operational risk due to limited importer shipment history.
48657349,Medium,0.1,0.1898566023935483,Container flagged for moderate operational risk due to limited importer shipment history.
17876986,Low,0.0,0.0361863529426108,Shipment characteristics align with normal operational and behavioral patterns.
68328839,Low,0.0,0.1524614458306439,Shipment characteristics align with normal operational and behavioral patterns.
46910805,Low,0.03,0.1383397749869213,Container monitored due to night-time declaration activity.
92103919,Medium,0.1,0.1233737855219439,Container flagged for moderate operational risk due to limited importer shipment history.
61251854,Low,0.0,0.1974611368653957,Shipment characteristics align with normal operational and behavioral patterns.
68376864,Low,0.0,0.187661468072646,Shipment characteristics align with normal operational and behavioral patterns.
15213995,Low,0.0,0.1155753424422689,Shipment characteristics align with normal operational and behavioral patterns.
44429249,Low,0.03,0.1777293416091934,Container monitored due to night-time declaration activity.
60178657,Low,0.0,0.1884183859706392,Shipment characteristics align with normal operational and behavioral patterns.
32360238,Low,0.0,0.2072621654117711,Shipment characteristics align with normal operational and behavioral patterns.
25009108,Medium,0.2,0.0752125815448386,Container flagged for moderate operational risk due to excessive dwell time.
32515612,Low,0.0,0.2064438925430699,Shipment characteristics align with normal operational and behavioral patterns.
57185995,Low,0.0,0.1473944827118098,Shipment characteristics align with normal operational and behavioral patterns.
60950678,Low,0.0,0.1779846445106192,Shipment characteristics align with normal operational and behavioral patterns.
81342492,Low,0.0,0.1576262485615044,Shipment characteristics align with normal operational and behavioral patterns.
43873325,Medium,0.1666666666666666,0.1384357145627497,Container flagged for moderate operational risk due to high cargo value.
61323211,Low,0.0,0.1330696713216811,Shipment characteristics align with normal operational and behavioral patterns.
75824472,Low,0.0,0.14158020023735,Shipment characteristics align with normal operational and behavioral patterns.
48613466,Low,0.0,0.128998826635776,Shipment characteristics align with normal operational and behavioral patterns.
11446715,Low,0.03,0.1636882740137025,Container monitored due to night-time declaration activity.
15203150,Low,0.0,0.0964837489097338,Shipment characteristics align with normal operational and behavioral patterns.
78363665,Medium,0.1966666666666666,0.1282005049004567,"Container flagged for moderate operational risk due to high cargo value, night-time declaration activity."
15135823,Medium,0.1666666666666666,0.1363761762155576,Container flagged for moderate operational risk due to high cargo value.
75120130,Low,0.0,0.1739696629284814,Shipment characteristics align with normal operational and behavioral patterns.
56272978,Low,0.0,0.0524444580430555,Shipment characteristics align with normal operational and behavioral patterns.
88142485,Low,0.03,0.1870836532117323,Container monitored due to night-time declaration activity.
90585594,Medium,0.1,0.1866337910913336,Container flagged for moderate operational risk due to limited importer shipment history.
45092225,Low,0.03,0.1633382457033925,Container monitored due to night-time declaration activity.
89952155,Low,0.0,0.1135668154633102,Shipment characteristics align with normal operational and behavioral patterns.
13881021,Low,0.0,0.1977428358982945,Shipment characteristics align with normal operational and behavioral patterns.
34846668,Low,0.03,0.1050308595616136,Container monitored due to night-time declaration activity.
16769463,Medium,0.2,0.0988794407446611,Container flagged for moderate operational risk due to excessive dwell time.
76250632,Low,0.0,0.1392030448886734,Shipment characteristics align with normal operational and behavioral patterns.
45998447,Low,0.0,0.1802775083765205,Shipment characteristics align with normal operational and behavioral patterns.
93535116,Medium,0.13,0.161377314399987,"Container flagged for moderate operational risk due to night-time declaration activity, limited importer shipment history."
85339359,Low,0.03,0.1608024902888863,Container monitored due to night-time declaration activity.
97251500,Low,0.0,0.1923614707535724,Shipment characteristics align with normal operational and behavioral patterns.
54536209,Low,0.0,0.1887796267079078,Shipment characteristics align with normal operational and behavioral patterns.
72840247,Low,0.0,0.0981940660534481,Shipment characteristics align with normal operational and behavioral patterns.
88539204,Low,0.03,0.1397746633388966,Container monitored due to night-time declaration activity.
37344289,Medium,0.1666666666666666,0.098999476039669,Container flagged for moderate operational risk due to extremely high cargo value.
92097869,Low,0.0,0.1202204832246143,Shipment characteristics align with normal operational and behavioral patterns.
35450651,Medium,0.2,0.1323346486101315,Container flagged for moderate operational risk due to excessive dwell time.
54373483,Low,0.03,0.1190786002882786,Container monitored due to night-time declaration activity.
55390170,Low,0.0,0.1665420588527724,Shipment characteristics align with normal operational and behavioral patterns.
45195612,Low,0.03,0.1647809957878802,Container monitored due to night-time declaration activity.
89658056,Low,0.0,0.1290060839015162,Shipment characteristics align with normal operational and behavioral patterns.
85210755,Critical,0.32,-0.0746838488432144,"Container classified as Critical Risk due to high anomaly score, severe weight discrepancy."
77392319,Medium,0.1666666666666666,0.0508574925938057,Container flagged for moderate operational risk due to high cargo value.
12868403,Medium,0.13,0.169571406557844,"Container flagged for moderate operational risk due to night-time declaration activity, limited importer shipment history."
59937558,Low,0.0,0.191159856070457,Shipment characteristics align with normal operational and behavioral patterns.
18978013,Low,0.0,0.2110676253733732,Shipment characteristics align with normal operational and behavioral patterns.
54307031,Medium,0.1,0.1453103728524872,Container flagged for moderate operational risk due to limited importer shipment history.
80174523,Low,0.0,0.1807128324971461,Shipment characteristics align with normal operational and behavioral patterns.
35282589,Low,0.0,0.1895879865707188,Shipment characteristics align with normal operational and behavioral patterns.
95164497,Low,0.0,0.1844156312865068,Shipment characteristics align with normal operational and behavioral patterns.
55441417,Low,0.03,0.1633340367764445,Container monitored due to night-time declaration activity.
86250577,Low,0.0,0.0331374832350735,Shipment characteristics align with normal operational and behavioral patterns.
43004347,Medium,0.1666666666666666,0.1157968032961755,Container flagged for moderate operational risk due to high cargo value.
93412561,Medium,0.23,0.1142680015236494,"Container flagged for moderate operational risk due to excessive dwell time, night-time declaration activity."
68959080,Medium,0.1966666666666666,0.1399345455293295,"Container flagged for moderate operational risk due to high cargo value, night-time declaration activity."
91605083,Medium,0.1999999999999999,0.087474924004302,Container flagged for moderate operational risk due to abnormal weight discrepancy.
87726072,Low,0.0,0.1892028119540408,Shipment characteristics align with normal operational and behavioral patterns.
28389744,Low,0.03,0.164987143822103,Container monitored due to night-time declaration activity.
66096091,Low,0.0,0.0841911947168342,Shipment characteristics align with normal operational and behavioral patterns.
65823237,Low,0.0,0.2027040016799534,Shipment characteristics align with normal operational and behavioral patterns.
75047509,Low,0.0,0.1603086931931244,Shipment characteristics align with normal operational and behavioral patterns.
98550193,Low,0.0,0.0920846923025924,Shipment characteristics align with normal operational and behavioral patterns.
67141818,Low,0.0,0.1604119723026305,Shipment characteristics align with normal operational and behavioral patterns.
97447839,Low,0.03,0.16320762385609,Container monitored due to night-time declaration activity.
66863801,Low,0.0,0.0095181539222153,Shipment characteristics align with normal operational and behavioral patterns.
34762506,Low,0.0,0.0371293198626913,Shipment characteristics align with normal operational and behavioral patterns.
74644960,Low,0.0,0.0441853574181351,Shipment characteristics align with normal operational and behavioral patterns.
48428189,Medium,0.1,0.1996307356899123,Container flagged for moderate operational risk due to limited importer shipment history.
99777764,Low,0.03,0.1880695337356427,Container monitored due to night-time declaration activity.
69976052,Low,0.03,0.1629408013032194,Container monitored due to night-time declaration activity.
66944656,Low,0.0,0.0976015174770479,Shipment characteristics align with normal operational and behavioral patterns.
96521501,Low,0.0,0.1732101588343471,Shipment characteristics align with normal operational and behavioral patterns.
72505173,Medium,0.2,0.119795737563009,Container flagged for moderate operational risk due to excessive dwell time.
32317189,Low,0.03,0.065377135627463,Container monitored due to night-time declaration activity.
90217453,Low,0.0,0.1893183882862821,Shipment characteristics align with normal operational and behavioral patterns.
64494244,Low,0.0,0.1552560168127045,Shipment characteristics align with normal operational and behavioral patterns.
47944526,Medium,0.1,0.1883729361954219,Container flagged for moderate operational risk due to limited importer shipment history.
34241522,Low,0.0,0.1299902205381881,Shipment characteristics align with normal operational and behavioral patterns.
45331662,Low,0.0,0.1632817812146579,Shipment characteristics align with normal operational and behavioral patterns.
34059416,Low,0.03,0.1418793170174411,Container monitored due to night-time declaration activity.
14726681,Medium,0.1666666666666666,0.1189728039198517,Container flagged for moderate operational risk due to high cargo value.
57833003,Medium,0.13,0.1613247855488342,"Container flagged for moderate operational risk due to night-time declaration activity, limited importer shipment history."
18325312,Low,0.0,0.1646202437144088,Shipment characteristics align with normal operational and behavioral patterns.
96389593,Low,0.0,0.1228352265633456,Shipment characteristics align with normal operational and behavioral patterns.
17019835,Low,0.03,0.1334205206878193,Container monitored due to night-time declaration activity.
70960034,Low,0.0,0.1653128195003925,Shipment characteristics align with normal operational and behavioral patterns.
13173680,Low,0.0,0.1246174310814769,Shipment characteristics align with normal operational and behavioral patterns.
98847885,Low,0.03,0.1619905717399111,Container monitored due to night-time declaration activity.
18770860,Low,0.0,0.1862406664107768,Shipment characteristics align with normal operational and behavioral patterns.
64581581,Low,0.0,0.1440351714291391,Shipment characteristics align with normal operational and behavioral patterns.
88123684,Low,0.0,0.1471654673490727,Shipment characteristics align with normal operational and behavioral patterns.
63030048,Low,0.0,0.1657034396738739,Shipment characteristics align with normal operational and behavioral patterns.
63966200,Low,0.0,0.1689904775909539,Shipment characteristics align with normal operational and behavioral patterns.
96582303,Low,0.0,0.1799851515774185,Shipment characteristics align with normal operational and behavioral patterns.
61707165,Low,0.0,0.2017140710257278,Shipment characteristics align with normal operational and behavioral patterns.
40028223,Low,0.0,0.1857054684454757,Shipment characteristics align with normal operational and behavioral patterns.
96176777,Low,0.0,0.1986080596740488,Shipment characteristics align with normal operational and behavioral patterns.
51975235,Critical,0.35,-0.0828996392299211,"Container classified as Critical Risk due to high anomaly score, severe weight discrepancy, night-time declaration activity."
33887985,Low,0.03,0.1653010389621514,Container monitored due to night-time declaration activity.
73634345,Low,0.0,0.1347088383765269,Shipment characteristics align with normal operational and behavioral patterns.
82464570,Low,0.0,0.1329411887643465,Shipment characteristics align with normal operational and behavioral patterns.
58741592,Low,0.03,0.1984005522035373,Container monitored due to night-time declaration activity.
45076435,Low,0.0,0.1510202519269229,Shipment characteristics align with normal operational and behavioral patterns.
56793333,Low,0.0,0.1729844029877409,Shipment characteristics align with normal operational and behavioral patterns.
72180009,Low,0.03,0.1723889445835137,Container monitored due to night-time declaration activity.
22490182,Medium,0.1966666666666666,0.1121191454676059,"Container flagged for moderate operational risk due to high cargo value, night-time declaration activity."
25281171,Low,0.0,0.2038950046045938,Shipment characteristics align with normal operational and behavioral patterns.
67433764,Low,0.03,0.1509880224094226,Container monitored due to night-time declaration activity.
47780672,Low,0.0,0.1631544840971719,Shipment characteristics align with normal operational and behavioral patterns.
92128223,Medium,0.1,0.1803190412863128,Container flagged for moderate operational risk due to limited importer shipment history.
98808048,Low,0.0,0.1630832163504881,Shipment characteristics align with normal operational and behavioral patterns.
93193186,Low,0.0,0.1579079905718444,Shipment characteristics align with normal operational and behavioral patterns.
54827942,Low,0.0,0.1594265798404771,Shipment characteristics align with normal operational and behavioral patterns.
23740165,Low,0.0,0.1986730367362046,Shipment characteristics align with normal operational and behavioral patterns.
77329318,Low,0.0,0.1537843983083007,Shipment characteristics align with normal operational and behavioral patterns.
14348903,Low,0.0,0.155704644595731,Shipment characteristics align with normal operational and behavioral patterns.
83766686,Low,0.03,0.1772487451849662,Container monitored due to night-time declaration activity.
95273505,Low,0.0,0.1958667336385245,Shipment characteristics align with normal operational and behavioral patterns.
34224844,Low,0.0,0.1961624296765183,Shipment characteristics align with normal operational and behavioral patterns.
94688812,Medium,0.1666666666666666,0.1061802623804233,Container flagged for moderate operational risk due to high cargo value.
55230395,Low,0.03,0.1773018442639407,Container monitored due to night-time declaration activity.
13947931,Low,0.0,0.0127142934297246,Shipment characteristics align with normal operational and behavioral patterns.
74631501,Low,0.0,0.1829066738102922,Shipment characteristics align with normal operational and behavioral patterns.
35183171,Low,0.03,0.1482515402606711,Container monitored due to night-time declaration activity.
27556212,Low,0.0,0.2053483069597242,Shipment characteristics align with normal operational and behavioral patterns.
71425021,Low,0.03,0.1849548287281077,Container monitored due to night-time declaration activity.
86252210,Low,0.0,0.1588749539784222,Shipment characteristics align with normal operational and behavioral patterns.
44552933,Low,0.0,0.1861644693655591,Shipment characteristics align with normal operational and behavioral patterns.
89414945,Medium,0.2,0.0444168612074212,Container flagged for moderate operational risk due to excessive dwell time.
82440624,Low,0.03,0.1345183665793893,Container monitored due to night-time declaration activity.
87531716,Medium,0.23,0.135629532065392,"Container flagged for moderate operational risk due to excessive dwell time, night-time declaration activity."
41092764,Medium,0.1,0.1306774451752567,Container flagged for moderate operational risk due to limited importer shipment history.
90247501,Low,0.0,0.0224507939406062,Shipment characteristics align with normal operational and behavioral patterns.
83533103,Low,0.0,0.1902023690948588,Shipment characteristics align with normal operational and behavioral patterns.
32908885,Low,0.0,0.0049732029443571,Shipment characteristics align with normal operational and behavioral patterns.
15653508,Low,0.0,0.1327322820184346,Shipment characteristics align with normal operational and behavioral patterns.
28320748,Low,0.0,0.1684086237538065,Shipment characteristics align with normal operational and behavioral patterns.
28638278,Low,0.0,0.1755886510874447,Shipment characteristics align with normal operational and behavioral patterns.
58976621,Low,0.0,0.2032981780594257,Shipment characteristics align with normal operational and behavioral patterns.
82995761,Low,0.0,0.1761958649936483,Shipment characteristics align with normal operational and behavioral patterns.
38906529,Low,0.0,0.1794380556115565,Shipment characteristics align with normal operational and behavioral patterns.
21553186,Low,0.0,0.1104590501405538,Shipment characteristics align with normal operational and behavioral patterns.
26297239,Medium,0.2,0.0931165559865485,Container flagged for moderate operational risk due to excessive dwell time.
87028360,Medium,0.13,0.0820605000180683,"Container flagged for moderate operational risk due to night-time declaration activity, limited importer shipment history."
43271408,Low,0.03,0.1969199958763428,Container monitored due to night-time declaration activity.
75883639,Low,0.03,0.0200740371995336,Container monitored due to night-time declaration activity.
48878032,Low,0.03,0.1390958841952632,Container monitored due to night-time declaration activity.
41642322,Low,0.0,0.129673400621148,Shipment characteristics align with normal operational and behavioral patterns.
73290574,Low,0.0,0.1930389141878825,Shipment characteristics align with normal operational and behavioral patterns.
23387174,Low,0.0,-0.0548571257932417,Container monitored due to high anomaly score.
70711272,Medium,0.13,0.0985546171926067,"Container flagged for moderate operational risk due to night-time declaration activity, limited importer shipment history."
29353389,Low,0.0,0.1512292184745781,Shipment characteristics align with normal operational and behavioral patterns.
11767591,Low,0.0,0.1291961645267023,Shipment characteristics align with normal operational and behavioral patterns.
38336882,Low,0.0,0.1206662272068086,Shipment characteristics align with normal operational and behavioral patterns.
43933537,Medium,0.2,0.1360674968189568,Container flagged for moderate operational risk due to excessive dwell time.
57302436,Low,0.0,0.1788876640671985,Shipment characteristics align with normal operational and behavioral patterns.
74078526,Low,0.0,0.1807232512352233,Shipment characteristics align with normal operational and behavioral patterns.
23808839,Low,0.0,0.182044532414353,Shipment characteristics align with normal operational and behavioral patterns.
97851782,Low,0.0,0.1145613734398394,Shipment characteristics align with normal operational and behavioral patterns.
56648745,Low,0.0,0.1492532352741622,Shipment characteristics align with normal operational and behavioral patterns.
78461410,Low,0.0,0.1841364104116309,Shipment characteristics align with normal operational and behavioral patterns.
27340496,Low,0.0,0.1784561844882902,Shipment characteristics align with normal operational and behavioral patterns.
22105089,Low,0.0,0.1994097196588367,Shipment characteristics align with normal operational and behavioral patterns.
93984153,Low,0.0,0.1421080284660768,Shipment characteristics align with normal operational and behavioral patterns.
61972897,Medium,0.1,0.1959422182414796,Container flagged for moderate operational risk due to limited importer shipment history.
91128321,Low,0.0,0.1300172074115718,Shipment characteristics align with normal operational and behavioral patterns.
47755762,Low,0.0,0.1927173285642703,Shipment characteristics align with normal operational and behavioral patterns.
53173206,Critical,0.3,0.1394116594330539,"Container classified as Critical Risk due to excessive dwell time, limited importer shipment history."
43541519,Low,0.03,0.1747083254595409,Container monitored due to night-time declaration activity.
54883748,Low,0.03,0.1960126396034192,Container monitored due to night-time declaration activity.
54405822,Low,0.0,0.1698737836315296,Shipment characteristics align with normal operational and behavioral patterns.
91770897,Low,0.0,0.2030461738968267,Shipment characteristics align with normal operational and behavioral patterns.
42888457,Medium,0.1,0.164315917723076,Container flagged for moderate operational risk due to limited importer shipment history.
21223418,Low,0.0,0.1449697056271786,Shipment characteristics align with normal operational and behavioral patterns.
36520134,Low,0.0,0.1657159362740203,Shipment characteristics align with normal operational and behavioral patterns.
13077301,Low,0.0,0.1658791990500592,Shipment characteristics align with normal operational and behavioral patterns.
29230519,Medium,0.1966666666666666,0.1304880955255672,"Container flagged for moderate operational risk due to high cargo value, night-time declaration activity."
61668714,Medium,0.1666666666666666,0.1020407505184065,Container flagged for moderate operational risk due to high cargo value.
26697998,Low,0.03,0.1775579527720212,Container monitored due to night-time declaration activity.
53670995,Low,0.0,0.024581308942702,Shipment characteristics align with normal operational and behavioral patterns.
14761655,Low,0.0,0.1523168815054824,Shipment characteristics align with normal operational and behavioral patterns.
56807724,Low,0.0,0.1336161681994015,Shipment characteristics align with normal operational and behavioral patterns.
54399559,Low,0.0,0.1766825585246427,Shipment characteristics align with normal operational and behavioral patterns.
61610281,Low,0.0,0.1532663376373944,Shipment characteristics align with normal operational and behavioral patterns.
69898453,Low,0.0,0.0694834608190378,Shipment characteristics align with normal operational and behavioral patterns.
77606986,Low,0.0,0.1517847573819351,Shipment characteristics align with normal operational and behavioral patterns.
59591267,Medium,0.2,0.1479726070003119,Container flagged for moderate operational risk due to excessive dwell time.
32296328,Low,0.0,0.156216702776068,Shipment characteristics align with normal operational and behavioral patterns.
32839999,Low,0.0,0.129937888343683,Shipment characteristics align with normal operational and behavioral patterns.
73524044,Low,0.0,0.1622192605566894,Shipment characteristics align with normal operational and behavioral patterns.
29266722,Low,0.0,0.1395774643731278,Shipment characteristics align with normal operational and behavioral patterns.
18886064,Low,0.0,0.1461268982588729,Shipment characteristics align with normal operational and behavioral patterns.
21995340,Low,0.0,0.095177158777517,Shipment characteristics align with normal operational and behavioral patterns.
82139257,Low,0.0,0.1743171634610684,Shipment characteristics align with normal operational and behavioral patterns.
48719434,Low,0.03,0.1909705539044739,Container monitored due to night-time declaration activity.
45077526,Low,0.0,0.1857428119371555,Shipment characteristics align with normal operational and behavioral patterns.
22180570,Low,0.0,0.1739271401643038,Shipment characteristics align with normal operational and behavioral patterns.
37005555,Low,0.03,0.0269482041114332,Container monitored due to night-time declaration activity.
13094147,Low,0.0,0.1588968184097685,Shipment characteristics align with normal operational and behavioral patterns.
85954369,Medium,0.13,0.1662716108005792,"Container flagged for moderate operational risk due to night-time declaration activity, limited importer shipment history."
92002073,Medium,0.1666666666666666,0.0267385796623895,Container flagged for moderate operational risk due to extremely high cargo value.
68278000,Low,0.0,0.2074807787110885,Shipment characteristics align with normal operational and behavioral patterns.
40070950,Low,0.0,0.1491924515738336,Shipment characteristics align with normal operational and behavioral patterns.
73855715,Low,0.0,0.17123053470173,Shipment characteristics align with normal operational and behavioral patterns.
68234533,Low,0.0,0.1549794374143787,Shipment characteristics align with normal operational and behavioral patterns.
88482721,Low,0.03,0.1536974122109175,Container monitored due to night-time declaration activity.
44946317,Medium,0.1,0.1619151655698434,Container flagged for moderate operational risk due to limited importer shipment history.
73160830,Low,0.0,0.2031553697534414,Shipment characteristics align with normal operational and behavioral patterns.
94451773,Medium,0.2,0.15855731554161,Container flagged for moderate operational risk due to excessive dwell time.
17976199,Low,0.03,0.1470822402471676,Container monitored due to night-time declaration activity.
53885035,Low,0.03,0.1578224461541497,Container monitored due to night-time declaration activity.
12390400,Low,0.0,0.2111294774424734,Shipment characteristics align with normal operational and behavioral patterns.
92897688,Medium,0.1,0.1272543455358896,Container flagged for moderate operational risk due to limited importer shipment history.
13754985,Medium,0.2299999999999999,0.0806397060828943,"Container flagged for moderate operational risk due to abnormal weight discrepancy, night-time declaration activity."
23119504,Low,0.03,0.1444495054444725,Container monitored due to night-time declaration activity.
70588820,Low,0.0,0.1351839844887938,Shipment characteristics align with normal operational and behavioral patterns.
61475026,Low,0.0,0.1833396096163906,Shipment characteristics align with normal operational and behavioral patterns.
36494505,Low,0.0,0.1409286607328856,Shipment characteristics align with normal operational and behavioral patterns.
64103331,Low,0.03,0.1725383384978008,Container monitored due to night-time declaration activity.
54611419,Medium,0.1,0.1480630644448208,Container flagged for moderate operational risk due to limited importer shipment history.
59725257,Low,0.0,0.1579817053078977,Shipment characteristics align with normal operational and behavioral patterns.
31991502,Low,0.03,0.0091889838849698,Container monitored due to night-time declaration activity.
63045761,Medium,0.2,0.1142321038425768,Container flagged for moderate operational risk due to excessive dwell time.
99973533,Low,0.0,0.1799288795891141,Shipment characteristics align with normal operational and behavioral patterns.
50284469,Low,0.0,0.1136587064492966,Shipment characteristics align with normal operational and behavioral patterns.
34780221,Low,0.0,0.205531786478392,Shipment characteristics align with normal operational and behavioral patterns.
85570762,Low,0.0,0.1265558349534922,Shipment characteristics align with normal operational and behavioral patterns.
32993885,Low,0.0,0.2006921389297045,Shipment characteristics align with normal operational and behavioral patterns.
77853283,Low,0.0,0.138756860415931,Shipment characteristics align with normal operational and behavioral patterns.
19832148,Low,0.03,0.1858250373842894,Container monitored due to night-time declaration activity.
29876252,Low,0.0,0.1029789868301929,Shipment characteristics align with normal operational and behavioral patterns.
14387763,Low,0.0,0.1630754398509556,Shipment characteristics align with normal operational and behavioral patterns.
73532298,Low,0.0,0.0303989238230809,Shipment characteristics align with normal operational and behavioral patterns.
70234686,Low,0.03,0.0139731148285797,Container monitored due to night-time declaration activity.
99207440,Low,0.03,0.0312187052133636,Container monitored due to night-time declaration activity.
42427907,Low,0.03,0.1893683028243751,Container monitored due to night-time declaration activity.
57598757,Low,0.03,0.1402050689851061,Container monitored due to night-time declaration activity.
84719310,Low,0.03,0.1357166502240175,Container monitored due to night-time declaration activity.
14380710,Low,0.0,0.1925292147091631,Shipment characteristics align with normal operational and behavioral patterns.
33094918,Low,0.03,0.150307109505246,Container monitored due to night-time declaration activity.
43341528,Critical,0.43,0.089278105101711,"Container classified as Critical Risk due to abnormal weight discrepancy, excessive dwell time, night-time declaration activity."
27036332,Low,0.03,0.1577526070026502,Container monitored due to night-time declaration activity.
17341888,Low,0.0,0.0290102024544514,Shipment characteristics align with normal operational and behavioral patterns.
44237728,Low,0.0,0.1956463672727148,Shipment characteristics align with normal operational and behavioral patterns.
83819897,Low,0.0,0.0924426340989113,Shipment characteristics align with normal operational and behavioral patterns.
30430584,Low,0.0,-0.0220208616108896,Container monitored due to high anomaly score.
63218177,Medium,0.1999999999999999,0.1232173409490651,Container flagged for moderate operational risk due to abnormal weight discrepancy.
62703851,Low,0.03,0.1284111929446919,Container monitored due to night-time declaration activity.
59578853,Low,0.0,0.1490379452416597,Shipment characteristics align with normal operational and behavioral patterns.
68977704,Medium,0.2,0.0887502833920159,Container flagged for moderate operational risk due to excessive dwell time.
56856915,Low,0.0,0.1723814539627742,Shipment characteristics align with normal operational and behavioral patterns.
43406439,Low,0.0,0.1445309714745627,Shipment characteristics align with normal operational and behavioral patterns.
37246957,Low,0.0,0.1776412519418805,Shipment characteristics align with normal operational and behavioral patterns.
97759928,Low,0.0,0.1524983494891472,Shipment characteristics align with normal operational and behavioral patterns.
48113659,Low,0.0,0.1121863784176014,Shipment characteristics align with normal operational and behavioral patterns.
69386958,Low,0.03,0.1509142296808385,Container monitored due to night-time declaration activity.
64826448,Low,0.03,0.1177434122561853,Container monitored due to night-time declaration activity.
17661742,Low,0.0,0.16169530513446,Shipment characteristics align with normal operational and behavioral patterns.
16095624,Low,0.0,0.2050186642564027,Shipment characteristics align with normal operational and behavioral patterns.
37618901,Medium,0.1,0.1349491510076174,Container flagged for moderate operational risk due to limited importer shipment history.
73050570,Low,0.0,0.1422566471970274,Shipment characteristics align with normal operational and behavioral patterns.
50727760,Low,0.0,0.0993869051769263,Shipment characteristics align with normal operational and behavioral patterns.
48865806,Low,0.0,0.1981997728886773,Shipment characteristics align with normal operational and behavioral patterns.
72584982,Low,0.0,0.0122644064822649,Shipment characteristics align with normal operational and behavioral patterns.
37861149,Medium,0.2,0.1353335990491596,Container flagged for moderate operational risk due to excessive dwell time.
66555664,Low,0.0,0.0977967888700895,Shipment characteristics align with normal operational and behavioral patterns.
58109784,Low,0.0,0.1489204699075287,Shipment characteristics align with normal operational and behavioral patterns.
61493783,Low,0.0,0.089348388307154,Shipment characteristics align with normal operational and behavioral patterns.
36710634,Low,0.03,0.1839050043050232,Container monitored due to night-time declaration activity.
76190831,Low,0.03,0.1348003424200635,Container monitored due to night-time declaration activity.
88313945,Medium,0.1666666666666666,0.0764226242212163,Container flagged for moderate operational risk due to extremely high cargo value.
29424166,Low,0.0,0.1518226349856924,Shipment characteristics align with normal operational and behavioral patterns.
23652560,Low,0.03,0.0215367386856034,Container monitored due to night-time declaration activity.
96458520,Low,0.0,0.1625241804967555,Shipment characteristics align with normal operational and behavioral patterns.
14284158,Low,0.0,0.0112178964835933,Shipment characteristics align with normal operational and behavioral patterns.
62234045,Low,0.0,0.1581712731527923,Shipment characteristics align with normal operational and behavioral patterns.
60700647,Low,0.0,0.1326463136611565,Shipment characteristics align with normal operational and behavioral patterns.
18689847,Low,0.0,0.1847367594029785,Shipment characteristics align with normal operational and behavioral patterns.
41116577,Low,0.0,0.1961190937767852,Shipment characteristics align with normal operational and behavioral patterns.
32169943,Low,0.0,0.1798115350434874,Shipment characteristics align with normal operational and behavioral patterns.
52804755,Low,0.0,0.1389276997853218,Shipment characteristics align with normal operational and behavioral patterns.
75344476,Low,0.0,0.0995764981055676,Shipment characteristics align with normal operational and behavioral patterns.
26024294,Critical,0.32,-0.0941087957163553,"Container classified as Critical Risk due to high anomaly score, severe weight discrepancy."
85343277,Low,0.0,0.1608977363750373,Shipment characteristics align with normal operational and behavioral patterns.
64021026,Medium,0.13,0.1545893408311116,"Container flagged for moderate operational risk due to night-time declaration activity, limited importer shipment history."
70557696,Medium,0.13,0.093459636238061,"Container flagged for moderate operational risk due to night-time declaration activity, limited importer shipment history."
36771343,Low,0.0,0.151933526385865,Shipment characteristics align with normal operational and behavioral patterns.
17218188,Low,0.03,0.1495727611404169,Container monitored due to night-time declaration activity.
70953070,Low,0.0,0.1812819087036089,Shipment characteristics align with normal operational and behavioral patterns.
12395583,Low,0.0,0.1250758626186267,Shipment characteristics align with normal operational and behavioral patterns.
36124787,Low,0.0,0.1457149709241157,Shipment characteristics align with normal operational and behavioral patterns.
35050930,Medium,0.1666666666666666,-0.0134324534761466,"Container flagged for moderate operational risk due to high anomaly score, high cargo value."
80385648,Low,0.0,0.1292016830094267,Shipment characteristics align with normal operational and behavioral patterns.
36845904,Low,0.0,0.1494007244957542,Shipment characteristics align with normal operational and behavioral patterns.
49257252,Low,0.0,0.18547634799269,Shipment characteristics align with normal operational and behavioral patterns.
84961322,Low,0.0,0.1847023992586536,Shipment characteristics align with normal operational and behavioral patterns.
41810417,Low,0.0,0.1930827823248243,Shipment characteristics align with normal operational and behavioral patterns.
95999675,Low,0.03,0.1705004429023141,Container monitored due to night-time declaration activity.
23444446,Low,0.0,0.1079584381337604,Shipment characteristics align with normal operational and behavioral patterns.
71925760,Low,0.0,0.1362330735539181,Shipment characteristics align with normal operational and behavioral patterns.
77225717,Low,0.0,0.1755839086380158,Shipment characteristics align with normal operational and behavioral patterns.
31792515,Low,0.03,0.1553568492171916,Container monitored due to night-time declaration activity.
80600704,Low,0.0,0.1976469797971792,Shipment characteristics align with normal operational and behavioral patterns.
31728800,Medium,0.1999999999999999,0.0232139671952587,Container flagged for moderate operational risk due to abnormal weight discrepancy.
86710586,Low,0.0,0.1082572935713518,Shipment characteristics align with normal operational and behavioral patterns.
75390194,Low,0.0,0.100566531092048,Shipment characteristics align with normal operational and behavioral patterns.
44472760,Low,0.0,0.1774969111412198,Shipment characteristics align with normal operational and behavioral patterns.
57030718,Medium,0.1666666666666666,0.1451945780114357,Container flagged for moderate operational risk due to high cargo value.
32514680,Low,0.0,0.1336020940886383,Shipment characteristics align with normal operational and behavioral patterns.
41234485,Low,0.0,0.1189623603200593,Shipment characteristics align with normal operational and behavioral patterns.
95965733,Low,0.0,0.131227079390698,Shipment characteristics align with normal operational and behavioral patterns.
40739230,Medium,0.1999999999999999,0.1051182056811999,Container flagged for moderate operational risk due to abnormal weight discrepancy.
86596654,Low,0.03,0.0979406812939659,Container monitored due to night-time declaration activity.
54388416,Low,0.03,0.0415564264985747,Container monitored due to night-time declaration activity.
50674144,Low,0.0,0.1745244044757374,Shipment characteristics align with normal operational and behavioral patterns.
19461910,Low,0.0,0.1620553182315921,Shipment characteristics align with normal operational and behavioral patterns.
24272209,Low,0.0,0.1785107853562764,Shipment characteristics align with normal operational and behavioral patterns.
84090452,Low,0.03,0.1814508248471697,Container monitored due to night-time declaration activity.
77123458,Low,0.03,0.1929328546435964,Container monitored due to night-time declaration activity.
57586318,Low,0.03,0.1239907318230534,Container monitored due to night-time declaration activity.
40190952,Low,0.0,0.1974756196563057,Shipment characteristics align with normal operational and behavioral patterns.
99278277,Medium,0.1966666666666666,0.0078189829160646,"Container flagged for moderate operational risk due to high cargo value, night-time declaration activity."
52748943,Low,0.0,0.1735836559030711,Shipment characteristics align with normal operational and behavioral patterns.
49740008,Low,0.0,0.2075871937810015,Shipment characteristics align with normal operational and behavioral patterns.
11741296,Low,0.0,0.0761983737550463,Shipment characteristics align with normal operational and behavioral patterns.
68112235,Low,0.0,0.1738453691708428,Shipment characteristics align with normal operational and behavioral patterns.
22327284,Low,0.0,0.1446839998203876,Shipment characteristics align with normal operational and behavioral patterns.
99097105,Low,0.0,0.1825981087491717,Shipment characteristics align with normal operational and behavioral patterns.
43139063,Low,0.0,0.0994277025669306,Shipment characteristics align with normal operational and behavioral patterns.
83725986,Low,0.03,0.0807219189735199,Container monitored due to night-time declaration activity.
32444589,Low,0.03,0.1348492236399825,Container monitored due to night-time declaration activity.
64829892,Low,0.03,0.1657520804213788,Container monitored due to night-time declaration activity.
48855172,Low,0.03,0.1499065563870158,Container monitored due to night-time declaration activity.
35511172,Low,0.03,0.1179184874509884,Container monitored due to night-time declaration activity.
18487885,Low,0.03,0.0906273368795115,Container monitored due to night-time declaration activity.
64867305,Low,0.03,0.1863645425301389,Container monitored due to night-time declaration activity.
64394947,Low,0.0,0.1959836125923949,Shipment characteristics align with normal operational and behavioral patterns.
63228831,Medium,0.1666666666666666,0.1105610733627616,Container flagged for moderate operational risk due to high cargo value.
32180184,Low,0.03,0.1844944956110623,Container monitored due to night-time declaration activity.
62540372,Low,0.0,0.2059353612717648,Shipment characteristics align with normal operational and behavioral patterns.
26649023,Low,0.03,0.164119803896671,Container monitored due to night-time declaration activity.
58777134,Medium,0.1,0.1896813978466604,Container flagged for moderate operational risk due to limited importer shipment history.
32567120,Low,0.0,0.1572117964343455,Shipment characteristics align with normal operational and behavioral patterns.
81787215,Low,0.0,0.0880789218249998,Shipment characteristics align with normal operational and behavioral patterns.
76852048,Low,0.03,0.1748095184247877,Container monitored due to night-time declaration activity.
91362062,Low,0.03,0.1937602813248954,Container monitored due to night-time declaration activity.
59828040,Low,0.0,0.200845839258262,Shipment characteristics align with normal operational and behavioral patterns.
71411863,Medium,0.23,0.0837319837070811,"Container flagged for moderate operational risk due to excessive dwell time, night-time declaration activity."
88175770,Medium,0.1,0.1658459801807522,Container flagged for moderate operational risk due to limited importer shipment history.
91265555,Low,0.0,0.1354462216562816,Shipment characteristics align with normal operational and behavioral patterns.
18486589,Low,0.0,0.1679643610865994,Shipment characteristics align with normal operational and behavioral patterns.
55145425,Low,0.0,0.0966245750877499,Shipment characteristics align with normal operational and behavioral patterns.
12557240,Low,0.03,0.1151144639132053,Container monitored due to night-time declaration activity.
40056087,Low,0.0,0.1586337629853843,Shipment characteristics align with normal operational and behavioral patterns.
23548910,Low,0.0,0.1557903382555375,Shipment characteristics align with normal operational and behavioral patterns.
40223638,Medium,0.1,0.1697517799482463,Container flagged for moderate operational risk due to limited importer shipment history.
74534697,Low,0.0,0.1633154305121775,Shipment characteristics align with normal operational and behavioral patterns.
54584492,Low,0.0,0.1784856322067277,Shipment characteristics align with normal operational and behavioral patterns.
13633012,Low,0.03,0.15401399398441,Container monitored due to night-time declaration activity.
66905826,Medium,0.1,0.1653494601465289,Container flagged for moderate operational risk due to limited importer shipment history.
36397091,Low,0.0,0.1601975416042764,Shipment characteristics align with normal operational and behavioral patterns.
87035773,Low,0.0,0.1226048090816737,Shipment characteristics align with normal operational and behavioral patterns.
38415620,Low,0.0,0.2089247961331051,Shipment characteristics align with normal operational and behavioral patterns.
47058382,Low,0.0,-0.0004531681392755,Container monitored due to high anomaly score.
31448490,Low,0.0,0.1458136561306979,Shipment characteristics align with normal operational and behavioral patterns.
56372167,Low,0.03,0.0533690016229799,Container monitored due to night-time declaration activity.
49917715,Low,0.0,0.1784670918518836,Shipment characteristics align with normal operational and behavioral patterns.
65584379,Low,0.0,0.1846884516931509,Shipment characteristics align with normal operational and behavioral patterns.
29294091,Low,0.0,0.0710706216322957,Shipment characteristics align with normal operational and behavioral patterns.
47903907,Low,0.0,0.11416600863025,Shipment characteristics align with normal operational and behavioral patterns.
94149117,Low,0.03,0.120416729977471,Container monitored due to night-time declaration activity.
15087788,Medium,0.13,0.1970196716273283,"Container flagged for moderate operational risk due to night-time declaration activity, limited importer shipment history."
46371265,Low,0.0,0.1980613421880657,Shipment characteristics align with normal operational and behavioral patterns.
70797827,Low,0.0,0.1788921664154555,Shipment characteristics align with normal operational and behavioral patterns.
39379502,Low,0.0,0.197555784249336,Shipment characteristics align with normal operational and behavioral patterns.
57281373,Low,0.0,0.1877454168851596,Shipment characteristics align with normal operational and behavioral patterns.
14398653,Low,0.0,0.1540003950191464,Shipment characteristics align with normal operational and behavioral patterns.
20592841,Medium,0.1666666666666666,0.1207452918282238,Container flagged for moderate operational risk due to high cargo value.
52758197,Low,0.0,0.1147713056151145,Shipment characteristics align with normal operational and behavioral patterns.
41835012,Low,0.05,0.0203604018290598,Container monitored due to night-time declaration activity.
43207871,Low,0.0,0.1179263012939775,Shipment characteristics align with normal operational and behavioral patterns.
51762081,Low,0.0,0.1111312393843125,Shipment characteristics align with normal operational and behavioral patterns.
41840188,Medium,0.1999999999999999,0.1344972280783082,Container flagged for moderate operational risk due to abnormal weight discrepancy.
70645325,Low,0.0,0.1302742578776491,Shipment characteristics align with normal operational and behavioral patterns.
57558628,Low,0.03,0.1440698739499789,Container monitored due to night-time declaration activity.
28183168,Medium,0.1,0.1916930724358437,Container flagged for moderate operational risk due to limited importer shipment history.
82511093,Low,0.03,0.0885543824438377,Container monitored due to night-time declaration activity.
39097481,Low,0.0,0.1939267415116447,Shipment characteristics align with normal operational and behavioral patterns.
70351392,Low,0.0,0.1538114802994619,Shipment characteristics align with normal operational and behavioral patterns.
10858148,Low,0.0,0.195099350151592,Shipment characteristics align with normal operational and behavioral patterns.
13737399,Low,0.03,0.1492471446132817,Container monitored due to night-time declaration activity.
65199160,Low,0.0,0.1752467531830485,Shipment characteristics align with normal operational and behavioral patterns.
93687988,Low,0.0,0.1998530735729644,Shipment characteristics align with normal operational and behavioral patterns.
96756425,Low,0.0,0.1657229688501029,Shipment characteristics align with normal operational and behavioral patterns.
98667284,Low,0.0,0.1210624395484742,Shipment characteristics align with normal operational and behavioral patterns.
41308584,Low,0.0,0.1901296862742131,Shipment characteristics align with normal operational and behavioral patterns.
32433926,Low,0.03,0.1618492095451602,Container monitored due to night-time declaration activity.
20793140,Low,0.03,0.0998477725213216,Container monitored due to night-time declaration activity.
58601397,Low,0.03,0.1029738166342353,Container monitored due to night-time declaration activity.
43846762,Low,0.03,0.0909354275991526,Container monitored due to night-time declaration activity.
88281990,Low,0.0,0.1871658017684165,Shipment characteristics align with normal operational and behavioral patterns.
19659470,Low,0.0,0.1656209799425911,Shipment characteristics align with normal operational and behavioral patterns.
13409529,Low,0.0,0.1484859913102661,Shipment characteristics align with normal operational and behavioral patterns.
87087379,Low,0.0,0.1710507338400332,Shipment characteristics align with normal operational and behavioral patterns.
62350302,Low,0.0,0.1737767051279608,Shipment characteristics align with normal operational and behavioral patterns.
73992571,Low,0.0,0.1340710796328131,Shipment characteristics align with normal operational and behavioral patterns.
46143509,Low,0.0,0.1751176922289536,Shipment characteristics align with normal operational and behavioral patterns.
73203196,Low,0.0,0.2113499375604213,Shipment characteristics align with normal operational and behavioral patterns.
62771510,Low,0.0,0.0697524906832425,Shipment characteristics align with normal operational and behavioral patterns.
66057069,Low,0.03,0.0627583588014152,Container monitored due to night-time declaration activity.
18537166,Low,0.0,0.1780019269010898,Shipment characteristics align with normal operational and behavioral patterns.
32209433,Low,0.03,0.1587814200949335,Container monitored due to night-time declaration activity.
26500949,Medium,0.1,0.1713427936297987,Container flagged for moderate operational risk due to limited importer shipment history.
44059363,Low,0.0,0.1859767169027253,Shipment characteristics align with normal operational and behavioral patterns.
27950984,Low,0.03,0.14625884977114,Container monitored due to night-time declaration activity.
52719674,Low,0.0,0.1506541624677837,Shipment characteristics align with normal operational and behavioral patterns.
79930758,Low,0.0,0.1171385270188091,Shipment characteristics align with normal operational and behavioral patterns.
30422034,Low,0.0,0.186501827271471,Shipment characteristics align with normal operational and behavioral patterns.
44601512,Critical,0.52,-0.0898797283328447,"Container classified as Critical Risk due to high anomaly score, severe weight discrepancy, excessive dwell time."
36627021,Low,0.0,0.1373802437170608,Shipment characteristics align with normal operational and behavioral patterns.
36935294,Low,0.0,0.1987085529729578,Shipment characteristics align with normal operational and behavioral patterns.
44118409,Low,0.0,0.1411835480621279,Shipment characteristics align with normal operational and behavioral patterns.
14607281,Low,0.0,0.1874871028183528,Shipment characteristics align with normal operational and behavioral patterns.
77662945,Low,0.03,0.1460758160642813,Container monitored due to night-time declaration activity.
73581826,Low,0.0,0.2012086671367574,Shipment characteristics align with normal operational and behavioral patterns.
79062660,Low,0.0,0.1412687327845216,Shipment characteristics align with normal operational and behavioral patterns.
75714083,Medium,0.1,0.197272900502147,Container flagged for moderate operational risk due to limited importer shipment history.
48241172,Low,0.0,0.1995830373467809,Shipment characteristics align with normal operational and behavioral patterns.
86352647,Low,0.0,0.1965446481248516,Shipment characteristics align with normal operational and behavioral patterns.
69005987,Low,0.0,0.1735465751861385,Shipment characteristics align with normal operational and behavioral patterns.
37660678,Medium,0.1666666666666666,0.0961944362860796,Container flagged for moderate operational risk due to high cargo value.
26399534,Medium,0.1666666666666666,0.1492026857458804,Container flagged for moderate operational risk due to high cargo value.
37442643,Low,0.0,0.1762490255789169,Shipment characteristics align with normal operational and behavioral patterns.
62811196,Low,0.0,0.204499268485817,Shipment characteristics align with normal operational and behavioral patterns.
11630837,Low,0.0,0.192593192783739,Shipment characteristics align with normal operational and behavioral patterns.
94860876,Low,0.03,0.1694052017228237,Container monitored due to night-time declaration activity.
25261432,Low,0.0,0.1135923438049847,Shipment characteristics align with normal operational and behavioral patterns.
58650391,Low,0.03,0.1779088890632997,Container monitored due to night-time declaration activity.
13612625,Medium,0.1666666666666666,0.0744350835050192,Container flagged for moderate operational risk due to high cargo value.
31308439,Low,0.0,0.1628896482566968,Shipment characteristics align with normal operational and behavioral patterns.
79864118,Low,0.03,0.1876519707078354,Container monitored due to night-time declaration activity.
62065241,Low,0.0,0.1762044798415517,Shipment characteristics align with normal operational and behavioral patterns.
97702852,Low,0.0,0.1825921498429423,Shipment characteristics align with normal operational and behavioral patterns.
21381076,Low,0.0,0.160911887149765,Shipment characteristics align with normal operational and behavioral patterns.
80320425,Low,0.0,0.1594228435360193,Shipment characteristics align with normal operational and behavioral patterns.
60922989,Low,0.0,0.1835905257460341,Shipment characteristics align with normal operational and behavioral patterns.
65168016,Low,0.0,0.2032210672750425,Shipment characteristics align with normal operational and behavioral patterns.
81353641,Low,0.0,0.189876786982736,Shipment characteristics align with normal operational and behavioral patterns.
36234868,Low,0.0,0.1851646870024764,Shipment characteristics align with normal operational and behavioral patterns.
76739179,Low,0.0,0.1622001178246837,Shipment characteristics align with normal operational and behavioral patterns.
46670249,Low,0.03,0.1139825041802163,Container monitored due to night-time declaration activity.
38633484,Low,0.0,0.0589943922092136,Shipment characteristics align with normal operational and behavioral patterns.
43303370,Low,0.03,0.1378851269006686,Container monitored due to night-time declaration activity.
80352430,Low,0.0,0.1959464442273791,Shipment characteristics align with normal operational and behavioral patterns.
51962753,Low,0.03,0.1545921966022285,Container monitored due to night-time declaration activity.
73297024,Low,0.0,0.2028359266307711,Shipment characteristics align with normal operational and behavioral patterns.
60426527,Low,0.0,0.1808256212789845,Shipment characteristics align with normal operational and behavioral patterns.
87259658,Medium,0.1666666666666666,0.0867963526080173,Container flagged for moderate operational risk due to high cargo value.
86056427,Low,0.0,0.1028944798084561,Shipment characteristics align with normal operational and behavioral patterns.
69942496,Medium,0.1,0.1780781892087521,Container flagged for moderate operational risk due to limited importer shipment history.
67128122,Low,0.03,0.1481027211653108,Container monitored due to night-time declaration activity.
27819985,Medium,0.1999999999999999,0.127840012287706,Container flagged for moderate operational risk due to abnormal weight discrepancy.
67022435,Low,0.0,0.1879281327964614,Shipment characteristics align with normal operational and behavioral patterns.
11849728,Critical,0.4,0.1101062457208517,"Container classified as Critical Risk due to abnormal weight discrepancy, excessive dwell time."
89937313,Low,0.03,0.1428653104102241,Container monitored due to night-time declaration activity.
61711324,Low,0.03,0.0725425410420577,Container monitored due to night-time declaration activity.
96168280,Low,0.0,0.0925474183978287,Shipment characteristics align with normal operational and behavioral patterns.
13570160,Low,0.0,0.0680452921101112,Shipment characteristics align with normal operational and behavioral patterns.
72134201,Low,0.0,0.1777671394118877,Shipment characteristics align with normal operational and behavioral patterns.
28465510,Low,0.0,0.143651342230563,Shipment characteristics align with normal operational and behavioral patterns.
57477895,Low,0.0,0.1992802458625938,Shipment characteristics align with normal operational and behavioral patterns.
47333959,Low,0.03,0.1787437909661272,Container monitored due to night-time declaration activity.
73237027,Low,0.0,0.1880321427624907,Shipment characteristics align with normal operational and behavioral patterns.
58261377,Medium,0.1,0.1738540255529908,Container flagged for moderate operational risk due to limited importer shipment history.
46863794,Low,0.0,0.1867479209196476,Shipment characteristics align with normal operational and behavioral patterns.
34978394,Low,0.0,0.1717088969265613,Shipment characteristics align with normal operational and behavioral patterns.
33092718,Low,0.0,0.1802393005127117,Shipment characteristics align with normal operational and behavioral patterns.
93883216,Low,0.0,0.1152923856374181,Shipment characteristics align with normal operational and behavioral patterns.
55845168,Medium,0.13,0.1358318535963028,"Container flagged for moderate operational risk due to night-time declaration activity, limited importer shipment history."
38982705,Low,0.03,0.1105282543766336,Container monitored due to night-time declaration activity.
87260391,Low,0.03,0.044582387042664,Container monitored due to night-time declaration activity.
51441537,Medium,0.2,0.1262740217017811,Container flagged for moderate operational risk due to excessive dwell time.
52730079,Medium,0.1999999999999999,0.0840596713307031,Container flagged for moderate operational risk due to abnormal weight discrepancy.
58315260,Low,0.0,0.1553431344933801,Shipment characteristics align with normal operational and behavioral patterns.
64247057,Low,0.0,0.159386206403383,Shipment characteristics align with normal operational and behavioral patterns.
58181310,Low,0.03,0.1583442071284088,Container monitored due to night-time declaration activity.
44944296,Low,0.0,0.1806561893814777,Shipment characteristics align with normal operational and behavioral patterns.
58452163,Low,0.0,0.1378202000960438,Shipment characteristics align with normal operational and behavioral patterns.
57729449,Low,0.03,0.0351583788490066,Container monitored due to night-time declaration activity.
47825839,Medium,0.1966666666666666,0.1307743439154737,"Container flagged for moderate operational risk due to high cargo value, night-time declaration activity."
74605087,Medium,0.1999999999999999,0.053939399207551,Container flagged for moderate operational risk due to abnormal weight discrepancy.
29792226,Medium,0.1999999999999999,0.0579859048668796,Container flagged for moderate operational risk due to abnormal weight discrepancy.
56796486,Low,0.03,0.1648116367891202,Container monitored due to night-time declaration activity.
91576921,Low,0.0,0.1681973134025585,Shipment characteristics align with normal operational and behavioral patterns.
28686532,Medium,0.1666666666666666,0.1316611358893987,Container flagged for moderate operational risk due to high cargo value.
93094079,Low,0.0,0.2071363001283489,Shipment characteristics align with normal operational and behavioral patterns.
82128849,Low,0.0,0.1198706624847986,Shipment characteristics align with normal operational and behavioral patterns.
42812145,Medium,0.2,0.1222881244278194,Container flagged for moderate operational risk due to excessive dwell time.
89090063,Low,0.03,0.1285082493912551,Container monitored due to night-time declaration activity.
35287770,Medium,0.1966666666666666,0.0609873277226817,"Container flagged for moderate operational risk due to high cargo value, night-time declaration activity."
28483436,Low,0.0,0.122327457340779,Shipment characteristics align with normal operational and behavioral patterns.
16803483,Medium,0.1666666666666666,0.1357856446808406,Container flagged for moderate operational risk due to high cargo value.
34483478,Low,0.0,0.1305339500029779,Shipment characteristics align with normal operational and behavioral patterns.
64161847,Medium,0.2,0.1114141413805074,Container flagged for moderate operational risk due to excessive dwell time.
45391759,Low,0.0,0.0354577034278461,Shipment characteristics align with normal operational and behavioral patterns.
53429984,Low,0.0,0.1783225444023468,Shipment characteristics align with normal operational and behavioral patterns.
20757159,Low,0.0,0.1128304084970807,Shipment characteristics align with normal operational and behavioral patterns.
24683315,Low,0.0,0.1373619355437395,Shipment characteristics align with normal operational and behavioral patterns.
76931806,Low,0.03,0.1676910562361238,Container monitored due to night-time declaration activity.
24812665,Low,0.03,0.1083223538294151,Container monitored due to night-time declaration activity.
25695331,Low,0.0,0.1733545694435779,Shipment characteristics align with normal operational and behavioral patterns.
79269563,Low,0.0,0.1745134904047779,Shipment characteristics align with normal operational and behavioral patterns.
32415756,Low,0.0,0.1737285473989699,Shipment characteristics align with normal operational and behavioral patterns.
30809647,Low,0.0,0.1937331946259355,Shipment characteristics align with normal operational and behavioral patterns.
94818086,Low,0.0,0.1451405925872893,Shipment characteristics align with normal operational and behavioral patterns.
25862884,Medium,0.13,0.1599867899781248,"Container flagged for moderate operational risk due to night-time declaration activity, limited importer shipment history."
59867185,Low,0.0,0.1966103673310196,Shipment characteristics align with normal operational and behavioral patterns.
42095374,Low,0.0,0.1084726557501644,Shipment characteristics align with normal operational and behavioral patterns.
45961546,Low,0.03,0.1359389232523474,Container monitored due to night-time declaration activity.
96577710,Low,0.03,0.1736503748533718,Container monitored due to night-time declaration activity.
43181100,Low,0.0,0.1874525055062972,Shipment characteristics align with normal operational and behavioral patterns.
11087006,Low,0.03,0.1130108782507287,Container monitored due to night-time declaration activity.
78417198,Medium,0.1,0.183646352980045,Container flagged for moderate operational risk due to limited importer shipment history.
71792780,Low,0.03,0.1860736044900844,Container monitored due to night-time declaration activity.
10764799,Low,0.0,0.1391858659899725,Shipment characteristics align with normal operational and behavioral patterns.
67554287,Medium,0.1999999999999999,0.0942698485106435,Container flagged for moderate operational risk due to abnormal weight discrepancy.
61832150,Medium,0.1,0.1704430770576022,Container flagged for moderate operational risk due to limited importer shipment history.
82970023,Medium,0.1666666666666666,0.1277821066318824,Container flagged for moderate operational risk due to high cargo value.
12907083,Medium,0.1,0.1496257913564263,Container flagged for moderate operational risk due to limited importer shipment history.
45510081,Low,0.0,0.1164687916028539,Shipment characteristics align with normal operational and behavioral patterns.
80997918,Low,0.03,0.1872862643842943,Container monitored due to night-time declaration activity.
60547400,Low,0.0,0.1520523735483772,Shipment characteristics align with normal operational and behavioral patterns.
65438415,Low,0.0,0.0925369007079311,Shipment characteristics align with normal operational and behavioral patterns.
70182917,Low,0.0,0.1683170233973808,Shipment characteristics align with normal operational and behavioral patterns.
18217645,Medium,0.1,0.1857174636065059,Container flagged for moderate operational risk due to limited importer shipment history.
97461725,Low,0.03,0.1647921652224042,Container monitored due to night-time declaration activity.
20699775,Low,0.0,0.1871677488401712,Shipment characteristics align with normal operational and behavioral patterns.
97736725,Low,0.0,0.0910169760253913,Shipment characteristics align with normal operational and behavioral patterns.
43549731,Medium,0.1666666666666666,0.0807880797267373,Container flagged for moderate operational risk due to extremely high cargo value.
56234493,Low,0.0,0.143087599475622,Shipment characteristics align with normal operational and behavioral patterns.
95891826,Low,0.0,0.1523243092732861,Shipment characteristics align with normal operational and behavioral patterns.
73687010,Low,0.0,0.156537554833627,Shipment characteristics align with normal operational and behavioral patterns.
24830730,Medium,0.1666666666666666,0.112094995756386,Container flagged for moderate operational risk due to extremely high cargo value.
11737199,Low,0.0,0.1801053708237286,Shipment characteristics align with normal operational and behavioral patterns.
49785838,Low,0.0,0.0853571311494722,Shipment characteristics align with normal operational and behavioral patterns.
67578390,Low,0.0,0.1581526624532518,Shipment characteristics align with normal operational and behavioral patterns.
30103472,Low,0.0,0.1211317134672107,Shipment characteristics align with normal operational and behavioral patterns.
74348811,Medium,0.1,0.0040401311230171,Container flagged for moderate operational risk due to limited importer shipment history.
90486812,Low,0.0,0.1403799491258218,Shipment characteristics align with normal operational and behavioral patterns.
81085792,Low,0.0,0.1634006027285641,Shipment characteristics align with normal operational and behavioral patterns.
51577070,Low,0.0,0.1208379230027738,Shipment characteristics align with normal operational and behavioral patterns.
19794731,Low,0.0,0.1697315790667427,Shipment characteristics align with normal operational and behavioral patterns.
30153754,Low,0.03,0.1744364774839549,Container monitored due to night-time declaration activity.
21226972,Low,0.0,0.2074092224969873,Shipment characteristics align with normal operational and behavioral patterns.
93370236,Low,0.03,0.1546680728811676,Container monitored due to night-time declaration activity.
27075351,Low,0.03,0.177039655270745,Container monitored due to night-time declaration activity.
83577202,Low,0.03,0.1799314594169114,Container monitored due to night-time declaration activity.
97449210,Medium,0.13,0.1611234145168132,"Container flagged for moderate operational risk due to night-time declaration activity, limited importer shipment history."
35748302,Low,0.0,0.0702434979818341,Shipment characteristics align with normal operational and behavioral patterns.
16577241,Low,0.03,0.1779622520923817,Container monitored due to night-time declaration activity.
90426430,Low,0.0,0.1886239668797902,Shipment characteristics align with normal operational and behavioral patterns.
26986182,Low,0.0,0.0543944169489793,Shipment characteristics align with normal operational and behavioral patterns.
49750988,Low,0.03,0.1843463597235766,Container monitored due to night-time declaration activity.
98630862,Low,0.0,0.1640351773934523,Shipment characteristics align with normal operational and behavioral patterns.
15062124,Medium,0.2,0.0836688942210458,Container flagged for moderate operational risk due to excessive dwell time.
55943121,Medium,0.1,0.1561861117049031,Container flagged for moderate operational risk due to limited importer shipment history.
31774363,Low,0.03,0.14476565916771,Container monitored due to night-time declaration activity.
55783678,Low,0.03,0.0360540226579128,Container monitored due to night-time declaration activity.
18053576,Low,0.03,0.1328083460202964,Container monitored due to night-time declaration activity.
99539534,Low,0.0,0.1404647691731664,Shipment characteristics align with normal operational and behavioral patterns.
70093211,Low,0.0,0.1699140457623121,Shipment characteristics align with normal operational and behavioral patterns.
63188433,Low,0.0,0.1127765589425031,Shipment characteristics align with normal operational and behavioral patterns.
82441096,Low,0.0,0.1784088535082879,Shipment characteristics align with normal operational and behavioral patterns.
75248528,Low,0.0,0.1611036464347499,Shipment characteristics align with normal operational and behavioral patterns.
89348802,Low,0.0,0.1161249534678869,Shipment characteristics align with normal operational and behavioral patterns.
18224437,Low,0.0,0.1769900350906166,Shipment characteristics align with normal operational and behavioral patterns.
44661799,Low,0.0,0.179593289406418,Shipment characteristics align with normal operational and behavioral patterns.
59206244,Medium,0.1,0.121233304270402,Container flagged for moderate operational risk due to limited importer shipment history.
55175951,Medium,0.13,0.1035278874480801,"Container flagged for moderate operational risk due to night-time declaration activity, limited importer shipment history."
23566026,Low,0.0,0.2070050658391882,Shipment characteristics align with normal operational and behavioral patterns.
22479087,Medium,0.1966666666666666,0.1192205422435636,"Container flagged for moderate operational risk due to extremely high cargo value, night-time declaration activity."
16915974,Low,0.0,0.1068521898797663,Shipment characteristics align with normal operational and behavioral patterns.
23453640,Low,0.0,0.2000949467350117,Shipment characteristics align with normal operational and behavioral patterns.
38037185,Low,0.0,0.1624438199681608,Shipment characteristics align with normal operational and behavioral patterns.
20480646,Low,0.0,0.1038301764119746,Shipment characteristics align with normal operational and behavioral patterns.
42400662,Low,0.03,0.1164466365788246,Container monitored due to night-time declaration activity.
22355772,Low,0.0,0.1893947214803579,Shipment characteristics align with normal operational and behavioral patterns.
43187433,Low,0.0,0.1493033504489561,Shipment characteristics align with normal operational and behavioral patterns.
39843772,Low,0.03,0.1859268202249652,Container monitored due to night-time declaration activity.
52320937,Medium,0.2,0.116285918704756,Container flagged for moderate operational risk due to excessive dwell time.
71949819,Low,0.03,0.1653177057667913,Container monitored due to night-time declaration activity.
47332799,Low,0.03,0.1262825825247936,Container monitored due to night-time declaration activity.
96377894,Low,0.0,0.2038275621210916,Shipment characteristics align with normal operational and behavioral patterns.
54588584,Low,0.0,-0.0148219869570607,Container monitored due to high anomaly score.
76550864,Low,0.03,0.0421373450255466,Container monitored due to night-time declaration activity.
80859466,Low,0.0,0.1373582025644927,Shipment characteristics align with normal operational and behavioral patterns.
97177622,Low,0.0,0.1316641337710995,Shipment characteristics align with normal operational and behavioral patterns.
26975258,Low,0.0,0.1272447038468316,Shipment characteristics align with normal operational and behavioral patterns.
39248841,Low,0.03,0.0346233512134671,Container monitored due to night-time declaration activity.
15001388,Low,0.03,0.1802508041406903,Container monitored due to night-time declaration activity.
89119462,Low,0.0,0.1923820412475659,Shipment characteristics align with normal operational and behavioral patterns.
40877967,Low,0.03,0.148739993352602,Container monitored due to night-time declaration activity.
31013188,Low,0.0,0.1574450040180567,Shipment characteristics align with normal operational and behavioral patterns.
55952580,Low,0.0,0.1850501044745875,Shipment characteristics align with normal operational and behavioral patterns.
90226979,Low,0.03,0.1517568216968364,Container monitored due to night-time declaration activity.
74509396,Low,0.03,0.1542161895022402,Container monitored due to night-time declaration activity.
51088260,Low,0.03,0.1475441046794901,Container monitored due to night-time declaration activity.
46787143,Low,0.03,0.0864672447604601,Container monitored due to night-time declaration activity.
16088287,Medium,0.1999999999999999,0.1215240882836369,Container flagged for moderate operational risk due to abnormal weight discrepancy.
26861830,Critical,0.4,0.0992845062665477,"Container classified as Critical Risk due to abnormal weight discrepancy, excessive dwell time."
84113159,Low,0.0,0.2066435853737603,Shipment characteristics align with normal operational and behavioral patterns.
77466458,Medium,0.1666666666666666,0.118328979230943,Container flagged for moderate operational risk due to high cargo value.
80339740,Low,0.03,0.1857120666621294,Container monitored due to night-time declaration activity.
39229152,Low,0.0,0.1200663746483892,Shipment characteristics align with normal operational and behavioral patterns.
69336320,Low,0.03,0.1266039163434017,Container monitored due to night-time declaration activity.
60257458,Low,0.03,0.0156251704084466,Container monitored due to night-time declaration activity.
83805776,Low,0.0,0.1350031604716015,Shipment characteristics align with normal operational and behavioral patterns.
55132550,Low,0.0,0.1456775492589747,Shipment characteristics align with normal operational and behavioral patterns.
28837191,Low,0.0,0.1950153200441694,Shipment characteristics align with normal operational and behavioral patterns.
65966203,Low,0.03,0.0114139815538588,Container monitored due to night-time declaration activity.
46001810,Low,0.0,0.1512851847208565,Shipment characteristics align with normal operational and behavioral patterns.
34990694,Critical,0.35,-0.0753840831300209,"Container classified as Critical Risk due to high anomaly score, severe weight discrepancy, night-time declaration activity."
18723229,Low,0.0,0.0593437655144899,Shipment characteristics align with normal operational and behavioral patterns.
11866504,Medium,0.1666666666666666,0.1180648174849103,Container flagged for moderate operational risk due to high cargo value.
82391580,Low,0.03,0.1883194458114818,Container monitored due to night-time declaration activity.
59653433,Low,0.03,0.1856865771335175,Container monitored due to night-time declaration activity.
84321249,Medium,0.1666666666666666,0.1475093618887274,Container flagged for moderate operational risk due to high cargo value.
91310567,Medium,0.1966666666666666,0.0956261408639345,"Container flagged for moderate operational risk due to high cargo value, night-time declaration activity."
46874332,Medium,0.1,0.1782574354541527,Container flagged for moderate operational risk due to limited importer shipment history.
78898981,Low,0.0,0.1953477264650801,Shipment characteristics align with normal operational and behavioral patterns.
91297384,Low,0.03,0.0469356656606582,Container monitored due to night-time declaration activity.
14974260,Low,0.0,0.0549410831004884,Shipment characteristics align with normal operational and behavioral patterns.
10602217,Low,0.0,0.1813933960602779,Shipment characteristics align with normal operational and behavioral patterns.
96579446,Low,0.0,0.1694258653085996,Shipment characteristics align with normal operational and behavioral patterns.
42219481,Low,0.0,0.1629664443166271,Shipment characteristics align with normal operational and behavioral patterns.
97212405,Low,0.03,0.1227501035009748,Container monitored due to night-time declaration activity.
73782432,Low,0.0,0.0968857692095635,Shipment characteristics align with normal operational and behavioral patterns.
80455656,Low,0.0,0.1737545655278687,Shipment characteristics align with normal operational and behavioral patterns.
94190337,Low,0.03,0.122719456215,Container monitored due to night-time declaration activity.
59557316,Low,0.0,0.1169078585355241,Shipment characteristics align with normal operational and behavioral patterns.
16786250,Medium,0.1,0.1308501907259516,Container flagged for moderate operational risk due to limited importer shipment history.
15018951,Low,0.0,0.1695466136973842,Shipment characteristics align with normal operational and behavioral patterns.
94189425,Low,0.0,0.1457564417019931,Shipment characteristics align with normal operational and behavioral patterns.
93923058,Low,0.0,0.1435580140678736,Shipment characteristics align with normal operational and behavioral patterns.
49856628,Low,0.03,0.1461735886849958,Container monitored due to night-time declaration activity.
17242920,Low,0.0,0.2034043204606075,Shipment characteristics align with normal operational and behavioral patterns.
37654920,Low,0.0,0.1807874412245094,Shipment characteristics align with normal operational and behavioral patterns.
33053795,Medium,0.1666666666666666,0.0441433400198434,Container flagged for moderate operational risk due to high cargo value.
33723901,Medium,0.1666666666666666,0.1108676887808083,Container flagged for moderate operational risk due to high cargo value.
27090592,Low,0.03,0.1649941315417839,Container monitored due to night-time declaration activity.
64338359,Low,0.0,0.1739461928330993,Shipment characteristics align with normal operational and behavioral patterns.
60203971,Low,0.0,0.1897993438615291,Shipment characteristics align with normal operational and behavioral patterns.
19888322,Low,0.0,0.1689396114322222,Shipment characteristics align with normal operational and behavioral patterns.
89732973,Low,0.0,0.1886617027552273,Shipment characteristics align with normal operational and behavioral patterns.
12535418,Low,0.0,0.1953572521908414,Shipment characteristics align with normal operational and behavioral patterns.
40217161,Medium,0.2,0.133178895448821,Container flagged for moderate operational risk due to excessive dwell time.
24024435,Low,0.03,0.1108906927436286,Container monitored due to night-time declaration activity.
68494841,Low,0.03,0.1747955407007085,Container monitored due to night-time declaration activity.
83368451,Low,0.0,0.1893871934759752,Shipment characteristics align with normal operational and behavioral patterns.
62418151,Low,0.0,0.115590383700058,Shipment characteristics align with normal operational and behavioral patterns.
81667967,Low,0.0,0.1451414706484309,Shipment characteristics align with normal operational and behavioral patterns.
48380383,Medium,0.13,0.1645365403750242,"Container flagged for moderate operational risk due to night-time declaration activity, limited importer shipment history."
75386814,Low,0.0,0.1687066278191306,Shipment characteristics align with normal operational and behavioral patterns.
44239496,Low,0.03,0.1171042723798664,Container monitored due to night-time declaration activity.
29621827,Low,0.03,0.1624499149285977,Container monitored due to night-time declaration activity.
57983020,Low,0.0,0.1130175623394891,Shipment characteristics align with normal operational and behavioral patterns.
32088655,Low,0.0,0.1832008117201136,Shipment characteristics align with normal operational and behavioral patterns.
93847231,Low,0.0,0.1276890477307495,Shipment characteristics align with normal operational and behavioral patterns.
69134566,Medium,0.1,0.1246570088389859,Container flagged for moderate operational risk due to limited importer shipment history.
97128862,Critical,0.32,-0.0836020171484812,"Container classified as Critical Risk due to high anomaly score, severe weight discrepancy."
49971335,Low,0.0,0.1762134911882704,Shipment characteristics align with normal operational and behavioral patterns.
30408656,Low,0.0,0.1030196670817482,Shipment characteristics align with normal operational and behavioral patterns.
77324931,Low,0.0,0.2069764570147592,Shipment characteristics align with normal operational and behavioral patterns.
45897813,Low,0.03,0.1097599961670792,Container monitored due to night-time declaration activity.
30945173,Medium,0.1,0.1879996228298548,Container flagged for moderate operational risk due to limited importer shipment history.
74203941,Low,0.03,0.1065241606645347,Container monitored due to night-time declaration activity.
98473014,Low,0.03,0.1723892893642284,Container monitored due to night-time declaration activity.
85809392,Medium,0.1,0.1625292297288015,Container flagged for moderate operational risk due to limited importer shipment history.
27040530,Low,0.0,0.1216453231742755,Shipment characteristics align with normal operational and behavioral patterns.
67276593,Low,0.03,0.1818444480033777,Container monitored due to night-time declaration activity.
38993280,Low,0.03,0.157199002966174,Container monitored due to night-time declaration activity.
82119729,Low,0.0,0.1796762409356461,Shipment characteristics align with normal operational and behavioral patterns.
27887366,Medium,0.13,0.1334257097787072,"Container flagged for moderate operational risk due to night-time declaration activity, limited importer shipment history."
80691269,Medium,0.1,0.1541184809908232,Container flagged for moderate operational risk due to limited importer shipment history.
98987979,Critical,0.35,-0.0890919362105994,"Container classified as Critical Risk due to high anomaly score, severe weight discrepancy, night-time declaration activity."
62535913,Low,0.0,0.1572500182224006,Shipment characteristics align with normal operational and behavioral patterns.
95279111,Low,0.0,0.0242839630000843,Shipment characteristics align with normal operational and behavioral patterns.
14998117,Low,0.0,0.056591987656693,Shipment characteristics align with normal operational and behavioral patterns.
86899913,Medium,0.13,0.1560201658209171,"Container flagged for moderate operational risk due to night-time declaration activity, limited importer shipment history."
70852847,Low,0.0,0.1958203338528722,Shipment characteristics align with normal operational and behavioral patterns.
75807302,Medium,0.1666666666666666,0.0839593110372137,Container flagged for moderate operational risk due to high cargo value.
35612649,Low,0.0,0.1923247172568266,Shipment characteristics align with normal operational and behavioral patterns.
29775615,Low,0.03,0.1847676994094149,Container monitored due to night-time declaration activity.
27570311,Low,0.0,0.1874282934563255,Shipment characteristics align with normal operational and behavioral patterns.
74061090,Low,0.0,0.2058287303044447,Shipment characteristics align with normal operational and behavioral patterns.
97768443,Low,0.0,0.1830600681176494,Shipment characteristics align with normal operational and behavioral patterns.
32912698,Low,0.0,0.1613912713244598,Shipment characteristics align with normal operational and behavioral patterns.
62151359,Low,0.0,0.0458390570315848,Shipment characteristics align with normal operational and behavioral patterns.
13187996,Low,0.0,0.1770297751350195,Shipment characteristics align with normal operational and behavioral patterns.
27388418,Low,0.03,0.0916062175844513,Container monitored due to night-time declaration activity.
62439303,Medium,0.13,0.1719433862419147,"Container flagged for moderate operational risk due to night-time declaration activity, limited importer shipment history."
80597790,Critical,0.32,-0.0849448625797467,"Container classified as Critical Risk due to high anomaly score, severe weight discrepancy."
82228743,Low,0.0,0.1567971411949157,Shipment characteristics align with normal operational and behavioral patterns.
77518362,Low,0.0,0.146950801864214,Shipment characteristics align with normal operational and behavioral patterns.
28003875,Low,0.03,0.1215464406776146,Container monitored due to night-time declaration activity.
85941208,Low,0.03,0.1290817150451648,Container monitored due to night-time declaration activity.
20737164,Low,0.0,0.170147134243228,Shipment characteristics align with normal operational and behavioral patterns.
27845097,Medium,0.1666666666666666,0.1366900414046608,Container flagged for moderate operational risk due to high cargo value.
55365131,Medium,0.1666666666666666,0.0149991282788242,Container flagged for moderate operational risk due to extremely high cargo value.
48168505,Low,0.0,0.1633958394947237,Shipment characteristics align with normal operational and behavioral patterns.
27413233,Low,0.0,0.1227655444058324,Shipment characteristics align with normal operational and behavioral patterns.
19514107,Low,0.03,0.1427521196432372,Container monitored due to night-time declaration activity.
13100027,Low,0.0,0.0797377364834442,Shipment characteristics align with normal operational and behavioral patterns.
21365742,Low,0.03,0.1857976855263806,Container monitored due to night-time declaration activity.
37883264,Low,0.0,0.1711615047419935,Shipment characteristics align with normal operational and behavioral patterns.
64161947,Low,0.03,0.1505467772286366,Container monitored due to night-time declaration activity.
72196187,Medium,0.1,0.1700686063091379,Container flagged for moderate operational risk due to limited importer shipment history.
24034297,Low,0.0,0.1335759399976535,Shipment characteristics align with normal operational and behavioral patterns.
68477423,Low,0.03,0.173622340184096,Container monitored due to night-time declaration activity.
17816893,Low,0.0,0.1493158942406174,Shipment characteristics align with normal operational and behavioral patterns.
51559827,Low,0.0,0.1368815804415691,Shipment characteristics align with normal operational and behavioral patterns.
56579661,Low,0.0,0.113030257598335,Shipment characteristics align with normal operational and behavioral patterns.
51703881,Low,0.0,0.1856649318687531,Shipment characteristics align with normal operational and behavioral patterns.
59389744,Low,0.0,0.2010465469910799,Shipment characteristics align with normal operational and behavioral patterns.
28364054,Low,0.03,0.1587308203919629,Container monitored due to night-time declaration activity.
77086080,Low,0.03,0.1733779011517457,Container monitored due to night-time declaration activity.
60876043,Low,0.0,0.0795892724159945,Shipment characteristics align with normal operational and behavioral patterns.
10765982,Low,0.0,0.1312261338635415,Shipment characteristics align with normal operational and behavioral patterns.
39467270,Low,0.0,0.2070562511090996,Shipment characteristics align with normal operational and behavioral patterns.
21010605,Low,0.0,0.1458785711319635,Shipment characteristics align with normal operational and behavioral patterns.
57692562,Low,0.0,0.1709860681750554,Shipment characteristics align with normal operational and behavioral patterns.
66463253,Low,0.03,0.175105438654962,Container monitored due to night-time declaration activity.
66129557,Low,0.0,0.1919079041090049,Shipment characteristics align with normal operational and behavioral patterns.
55403224,Low,0.0,0.1110089608580728,Shipment characteristics align with normal operational and behavioral patterns.
17364205,Low,0.0,0.1627946329354835,Shipment characteristics align with normal operational and behavioral patterns.
92221261,Low,0.03,0.1384724587824664,Container monitored due to night-time declaration activity.
93319705,Medium,0.1666666666666666,0.1035828526050008,Container flagged for moderate operational risk due to high cargo value.
83448697,Low,0.03,0.1609664091530046,Container monitored due to night-time declaration activity.
92978481,Medium,0.1966666666666666,0.1263934283218758,"Container flagged for moderate operational risk due to high cargo value, night-time declaration activity."
53705245,Low,0.0,0.1975784829000066,Shipment characteristics align with normal operational and behavioral patterns.
35781178,Low,0.03,0.1623000258735262,Container monitored due to night-time declaration activity.
66618536,Low,0.03,-0.018252557643157,"Container monitored due to high anomaly score, night-time declaration activity."
44389072,Low,0.0,0.1775161775025081,Shipment characteristics align with normal operational and behavioral patterns.
41320417,Low,0.0,0.1929269871700623,Shipment characteristics align with normal operational and behavioral patterns.
52748735,Low,0.0,0.1894119129370946,Shipment characteristics align with normal operational and behavioral patterns.
57078905,Low,0.0,0.153625353480951,Shipment characteristics align with normal operational and behavioral patterns.
25894938,Low,0.0,0.1721794408094936,Shipment characteristics align with normal operational and behavioral patterns.
14876974,Low,0.0,0.1837819431099919,Shipment characteristics align with normal operational and behavioral patterns.
23068300,Low,0.0,0.1821948691579309,Shipment characteristics align with normal operational and behavioral patterns.
87279453,Low,0.03,0.1694064252131946,Container monitored due to night-time declaration activity.
83498597,Low,0.0,0.1968455254705807,Shipment characteristics align with normal operational and behavioral patterns.
18732732,Low,0.0,0.0230137079859507,Shipment characteristics align with normal operational and behavioral patterns.
71377319,Low,0.0,0.1401903989822111,Shipment characteristics align with normal operational and behavioral patterns.
58869423,Low,0.0,0.1784874540583958,Shipment characteristics align with normal operational and behavioral patterns.
14833253,Low,0.0,0.1310825310306079,Shipment characteristics align with normal operational and behavioral patterns.
38879296,Medium,0.23,0.0720802151144892,"Container flagged for moderate operational risk due to excessive dwell time, night-time declaration activity."
39329887,Medium,0.1999999999999999,0.0742163277376762,Container flagged for moderate operational risk due to abnormal weight discrepancy.
58963289,Medium,0.1666666666666666,0.1485118814096316,Container flagged for moderate operational risk due to high cargo value.
72931720,Medium,0.2,0.0889547120678644,Container flagged for moderate operational risk due to excessive dwell time.
82658548,Medium,0.1,0.1125047855213465,Container flagged for moderate operational risk due to limited importer shipment history.
96375755,Low,0.03,0.1045949868018775,Container monitored due to night-time declaration activity.
63484603,Low,0.03,0.1066497001039733,Container monitored due to night-time declaration activity.
96631545,Medium,0.2,0.0932053449824247,Container flagged for moderate operational risk due to excessive dwell time.
79412152,Medium,0.1,0.1841576914171254,Container flagged for moderate operational risk due to limited importer shipment history.
51698646,Low,0.0,0.1229864767383485,Shipment characteristics align with normal operational and behavioral patterns.
41613078,Low,0.0,0.1910063960228356,Shipment characteristics align with normal operational and behavioral patterns.
37391466,Low,0.0,0.1674813838811871,Shipment characteristics align with normal operational and behavioral patterns.
86869856,Low,0.03,0.1335029013832973,Container monitored due to night-time declaration activity.
36783235,Low,0.03,0.0554950459631241,Container monitored due to night-time declaration activity.
98225807,Low,0.03,0.1067588246965891,Container monitored due to night-time declaration activity.
47950990,Low,0.0,0.1822976933604548,Shipment characteristics align with normal operational and behavioral patterns.
78696672,Low,0.0,0.0453252307049555,Shipment characteristics align with normal operational and behavioral patterns.
46386897,Low,0.02,0.0362736520331939,Shipment characteristics align with normal operational and behavioral patterns.
65269705,Low,0.03,0.148439999693896,Container monitored due to night-time declaration activity.
31913694,Low,0.0,0.1897351865001909,Shipment characteristics align with normal operational and behavioral patterns.
98775374,Low,0.03,0.1162001646327286,Container monitored due to night-time declaration activity.
78814366,Low,0.03,0.068498933259355,Container monitored due to night-time declaration activity.
75737116,Low,0.0,0.1747385360078047,Shipment characteristics align with normal operational and behavioral patterns.
20976082,Low,0.0,0.2056954573527209,Shipment characteristics align with normal operational and behavioral patterns.
42933963,Low,0.0,0.128255649224228,Shipment characteristics align with normal operational and behavioral patterns.
69462326,Medium,0.1,0.0357270069579954,Container flagged for moderate operational risk due to limited importer shipment history.
28827640,Low,0.0,0.2006332840415673,Shipment characteristics align with normal operational and behavioral patterns.
45801966,Medium,0.1666666666666666,0.1042121663723897,Container flagged for moderate operational risk due to high cargo value.
90963371,Low,0.0,0.1553673022631334,Shipment characteristics align with normal operational and behavioral patterns.
24513439,Low,0.0,0.188205236018415,Shipment characteristics align with normal operational and behavioral patterns.
93148437,Low,0.0,0.0328981121948633,Shipment characteristics align with normal operational and behavioral patterns.
82325825,Low,0.0,0.1236217704106872,Shipment characteristics align with normal operational and behavioral patterns.
38636807,Low,0.0,0.115668180476417,Shipment characteristics align with normal operational and behavioral patterns.
60516239,Low,0.0,0.1614591948340937,Shipment characteristics align with normal operational and behavioral patterns.
34114702,Low,0.0,0.1670968523715068,Shipment characteristics align with normal operational and behavioral patterns.
77175857,Low,0.0,0.211134982260961,Shipment characteristics align with normal operational and behavioral patterns.
11806228,Low,0.0,0.0515274883407804,Shipment characteristics align with normal operational and behavioral patterns.
41944726,Low,0.0,0.1694147613335968,Shipment characteristics align with normal operational and behavioral patterns.
41079787,Low,0.0,0.1568041692692506,Shipment characteristics align with normal operational and behavioral patterns.
74249620,Low,0.0,0.0516913889570279,Shipment characteristics align with normal operational and behavioral patterns.
70549952,Low,0.0,0.1859435569187098,Shipment characteristics align with normal operational and behavioral patterns.
41310660,Low,0.03,0.1263200287293446,Container monitored due to night-time declaration activity.
78626035,Low,0.0,0.156834048619525,Shipment characteristics align with normal operational and behavioral patterns.
50624834,Low,0.0,0.1156680079829239,Shipment characteristics align with normal operational and behavioral patterns.
64433282,Low,0.0,0.1651150715699186,Shipment characteristics align with normal operational and behavioral patterns.
78413792,Low,0.0,0.184248187368434,Shipment characteristics align with normal operational and behavioral patterns.
30424170,Medium,0.1,0.1703712239310955,Container flagged for moderate operational risk due to limited importer shipment history.
84565538,Low,0.03,0.1883235178729899,Container monitored due to night-time declaration activity.
69652970,Medium,0.1,0.1474524174016735,Container flagged for moderate operational risk due to limited importer shipment history.
47910084,Low,0.0,0.1826981120393401,Shipment characteristics align with normal operational and behavioral patterns.
75449758,Low,0.0,0.1742264628833026,Shipment characteristics align with normal operational and behavioral patterns.
13336365,Low,0.0,0.1745125044823244,Shipment characteristics align with normal operational and behavioral patterns.
64913106,Low,0.0,0.1520736104657089,Shipment characteristics align with normal operational and behavioral patterns.
47678330,Low,0.0,0.1564052587630667,Shipment characteristics align with normal operational and behavioral patterns.
21015221,Medium,0.1666666666666666,-0.0376254174744478,"Container flagged for moderate operational risk due to high anomaly score, high cargo value."
58997708,Low,0.0,0.1752975623360115,Shipment characteristics align with normal operational and behavioral patterns.
21247839,Low,0.0,0.0755737022571679,Shipment characteristics align with normal operational and behavioral patterns.
41290918,Medium,0.1,0.1417741720155971,Container flagged for moderate operational risk due to limited importer shipment history.
69297420,Low,0.0,0.1485627872027864,Shipment characteristics align with normal operational and behavioral patterns.
62114042,Low,0.03,0.1901334289032357,Container monitored due to night-time declaration activity.
99768950,Medium,0.1,0.1916386431873666,Container flagged for moderate operational risk due to limited importer shipment history.
46440282,Low,0.0,0.188163935169672,Shipment characteristics align with normal operational and behavioral patterns.
21504705,Low,0.0,0.1911858983817317,Shipment characteristics align with normal operational and behavioral patterns.
95986082,Medium,0.1966666666666666,0.1009270239637823,"Container flagged for moderate operational risk due to high cargo value, night-time declaration activity."
73027539,Low,0.03,0.1144419628710222,Container monitored due to night-time declaration activity.
46492697,Low,0.0,0.1229376712311178,Shipment characteristics align with normal operational and behavioral patterns.
79889899,Medium,0.13,0.11205478447255,"Container flagged for moderate operational risk due to night-time declaration activity, limited importer shipment history."
31699917,Low,0.0,0.1650884341936705,Shipment characteristics align with normal operational and behavioral patterns.
78606039,Low,0.0,0.1290454522475031,Shipment characteristics align with normal operational and behavioral patterns.
99034488,Low,0.0,0.178486532855936,Shipment characteristics align with normal operational and behavioral patterns.
96967497,Low,0.0,0.1935218239614455,Shipment characteristics align with normal operational and behavioral patterns.
63642104,Low,0.03,-0.0036494069235279,"Container monitored due to high anomaly score, night-time declaration activity."
94666358,Low,0.0,0.0988194293339719,Shipment characteristics align with normal operational and behavioral patterns.
20849687,Low,0.0,0.1478580685439644,Shipment characteristics align with normal operational and behavioral patterns.
18817247,Low,0.0,0.1937520016225299,Shipment characteristics align with normal operational and behavioral patterns.
32855497,Low,0.03,0.1396250050940614,Container monitored due to night-time declaration activity.
21656520,Low,0.0,0.0305521473221782,Shipment characteristics align with normal operational and behavioral patterns.
78663035,Low,0.03,0.136690746254828,Container monitored due to night-time declaration activity.
16314587,Low,0.0,0.1842765068408825,Shipment characteristics align with normal operational and behavioral patterns.
31206657,Low,0.0,0.1561762694337615,Shipment characteristics align with normal operational and behavioral patterns.
92012600,Low,0.03,0.1336339583742525,Container monitored due to night-time declaration activity.
99586359,Low,0.03,0.1219642021545961,Container monitored due to night-time declaration activity.
35876200,Medium,0.1,0.1268625808552175,Container flagged for moderate operational risk due to limited importer shipment history.
61789041,Low,0.0,0.1802793497407555,Shipment characteristics align with normal operational and behavioral patterns.
55542764,Low,0.03,0.1895182335527159,Container monitored due to night-time declaration activity.
47498870,Medium,0.1,0.1658346565618518,Container flagged for moderate operational risk due to limited importer shipment history.
62759500,Low,0.0,0.1640993288703843,Shipment characteristics align with normal operational and behavioral patterns.
83303024,Low,0.0,0.2050177500733979,Shipment characteristics align with normal operational and behavioral patterns.
13994093,Low,0.03,0.1387487336166326,Container monitored due to night-time declaration activity.
42213198,Medium,0.2,0.0503429200105411,Container flagged for moderate operational risk due to excessive dwell time.
12748034,Low,0.0,0.1937699297834322,Shipment characteristics align with normal operational and behavioral patterns.
11485946,Medium,0.1,0.1871581779900155,Container flagged for moderate operational risk due to limited importer shipment history.
21571283,Low,0.0,0.1808675677842823,Shipment characteristics align with normal operational and behavioral patterns.
50572371,Low,0.0,0.165322388445851,Shipment characteristics align with normal operational and behavioral patterns.
44659109,Low,0.0,0.1948964863305293,Shipment characteristics align with normal operational and behavioral patterns.
46331883,Low,0.0,0.1860279163042186,Shipment characteristics align with normal operational and behavioral patterns.
45451549,Medium,0.2,0.0877069392407912,Container flagged for moderate operational risk due to excessive dwell time.
72514028,Low,0.03,0.1473982208720325,Container monitored due to night-time declaration activity.
95380469,Low,0.03,0.1524652912932297,Container monitored due to night-time declaration activity.
66952907,Low,0.03,-0.0027983155456025,"Container monitored due to high anomaly score, night-time declaration activity."
34581487,Low,0.0,0.1040841561740864,Shipment characteristics align with normal operational and behavioral patterns.
92503208,Low,0.03,-0.0459122243226376,"Container monitored due to high anomaly score, night-time declaration activity."
39517650,Low,0.0,0.1981669480243008,Shipment characteristics align with normal operational and behavioral patterns.
90273333,Low,0.03,0.1525821273716595,Container monitored due to night-time declaration activity.
64876743,Low,0.03,0.1690319243142793,Container monitored due to night-time declaration activity.
32515085,Low,0.03,0.1556214419622895,Container monitored due to night-time declaration activity.
77311594,Low,0.0,0.1536936796204228,Shipment characteristics align with normal operational and behavioral patterns.
31419416,Medium,0.1,0.1688159529641016,Container flagged for moderate operational risk due to limited importer shipment history.
70741273,Critical,0.32,-0.0805420465358602,"Container classified as Critical Risk due to high anomaly score, severe weight discrepancy."
98782565,Medium,0.2,0.1544543314386362,Container flagged for moderate operational risk due to excessive dwell time.
58432139,Low,0.03,0.1728311208440456,Container monitored due to night-time declaration activity.
53480590,Low,0.0,0.1854565890971908,Shipment characteristics align with normal operational and behavioral patterns.
30261095,Low,0.03,0.173771145209975,Container monitored due to night-time declaration activity.
64444340,Low,0.0,0.0953660434372885,Shipment characteristics align with normal operational and behavioral patterns.
61440305,Low,0.0,0.026654058218994,Shipment characteristics align with normal operational and behavioral patterns.
38749592,Low,0.0,0.0727083932508279,Shipment characteristics align with normal operational and behavioral patterns.
54095882,Low,0.0,0.0830164836043196,Shipment characteristics align with normal operational and behavioral patterns.
93500471,Low,0.0,0.162151386833595,Shipment characteristics align with normal operational and behavioral patterns.
68426326,Low,0.03,0.1388424355434372,Container monitored due to night-time declaration activity.
25393270,Low,0.03,0.1548365539689035,Container monitored due to night-time declaration activity.
81970285,Low,0.0,0.2004409605368946,Shipment characteristics align with normal operational and behavioral patterns.
17637450,Low,0.03,0.0024470483006238,Container monitored due to night-time declaration activity.
83296863,Low,0.03,0.1845220224185423,Container monitored due to night-time declaration activity.
26364271,Medium,0.2,0.1446819655935681,Container flagged for moderate operational risk due to excessive dwell time.
11310289,Low,0.0,0.1641576701737098,Shipment characteristics align with normal operational and behavioral patterns.
62617138,Low,0.03,0.0852724176590453,Container monitored due to night-time declaration activity.
58950464,Low,0.0,0.0776525817254661,Shipment characteristics align with normal operational and behavioral patterns.
45936406,Low,0.0,0.1694402625187422,Shipment characteristics align with normal operational and behavioral patterns.
75170731,Low,0.0,0.1644007051162351,Shipment characteristics align with normal operational and behavioral patterns.
80283372,Low,0.03,0.1888452698624963,Container monitored due to night-time declaration activity.
32670771,Low,0.0,0.0333820806700423,Shipment characteristics align with normal operational and behavioral patterns.
38772092,Low,0.0,0.167299149554799,Shipment characteristics align with normal operational and behavioral patterns.
72660153,Low,0.0,0.1150785260057363,Shipment characteristics align with normal operational and behavioral patterns.
77996501,Low,0.0,0.1376091210814945,Shipment characteristics align with normal operational and behavioral patterns.
72770728,Medium,0.1666666666666666,0.1023939527444539,Container flagged for moderate operational risk due to high cargo value.
87127287,Medium,0.1999999999999999,0.1078576254899598,Container flagged for moderate operational risk due to abnormal weight discrepancy.
26982472,Low,0.0,0.0290489357694977,Shipment characteristics align with normal operational and behavioral patterns.
95336151,Low,0.0,0.0700851353187184,Shipment characteristics align with normal operational and behavioral patterns.
29048579,Medium,0.13,0.1662556731658045,"Container flagged for moderate operational risk due to night-time declaration activity, limited importer shipment history."
33469409,Medium,0.1666666666666666,0.118501395309099,Container flagged for moderate operational risk due to high cargo value.
34505403,Low,0.0,0.0328620213211087,Shipment characteristics align with normal operational and behavioral patterns.
92840850,Low,0.0,0.1467012179279615,Shipment characteristics align with normal operational and behavioral patterns.
81822420,Low,0.0,0.0848667086659574,Shipment characteristics align with normal operational and behavioral patterns.
57326905,Low,0.0,0.1712631523464379,Shipment characteristics align with normal operational and behavioral patterns.
79640004,Low,0.03,0.1095688543944038,Container monitored due to night-time declaration activity.
46863336,Medium,0.2299999999999999,0.0911060814488674,"Container flagged for moderate operational risk due to abnormal weight discrepancy, night-time declaration activity."
55657700,Medium,0.2,0.1487232731246405,Container flagged for moderate operational risk due to excessive dwell time.
88131047,Low,0.0,0.1634554609484897,Shipment characteristics align with normal operational and behavioral patterns.
84615733,Low,0.0,0.1691553453255201,Shipment characteristics align with normal operational and behavioral patterns.
34663864,Low,0.03,0.1718865629887163,Container monitored due to night-time declaration activity.
36217685,Low,0.03,0.1151308952573981,Container monitored due to night-time declaration activity.
51057173,Low,0.03,0.1347935172756603,Container monitored due to night-time declaration activity.
14699430,Low,0.0,0.1736657113540538,Shipment characteristics align with normal operational and behavioral patterns.
30608269,Low,0.0,0.1885806439396029,Shipment characteristics align with normal operational and behavioral patterns.
17455373,Low,0.0,0.1958400838102225,Shipment characteristics align with normal operational and behavioral patterns.
47954882,Low,0.0,0.1699864741324748,Shipment characteristics align with normal operational and behavioral patterns.
46857613,Low,0.0,0.1444823690928134,Shipment characteristics align with normal operational and behavioral patterns.
87460572,Low,0.0,0.1333801009505295,Shipment characteristics align with normal operational and behavioral patterns.
37822895,Low,0.0,0.2051283696846002,Shipment characteristics align with normal operational and behavioral patterns.
64774058,Low,0.0,0.1658104754394803,Shipment characteristics align with normal operational and behavioral patterns.
97861136,Low,0.0,0.1340567000312777,Shipment characteristics align with normal operational and behavioral patterns.
13312907,Low,0.03,0.1360891137834465,Container monitored due to night-time declaration activity.
65531125,Low,0.03,0.1598763974628706,Container monitored due to night-time declaration activity.
38561020,Low,0.0,0.1576280628503214,Shipment characteristics align with normal operational and behavioral patterns.
33265893,Low,0.03,0.1316905684383023,Container monitored due to night-time declaration activity.
25520611,Low,0.0,0.1637821223523204,Shipment characteristics align with normal operational and behavioral patterns.
82445056,Low,0.0,0.1064930322384481,Shipment characteristics align with normal operational and behavioral patterns.
81445445,Low,0.03,0.0611792217297837,Container monitored due to night-time declaration activity.
94912028,Low,0.03,0.1712016733170308,Container monitored due to night-time declaration activity.
64623625,Low,0.0,0.1023164528025418,Shipment characteristics align with normal operational and behavioral patterns.
15993890,Low,0.0,0.1398665567053202,Shipment characteristics align with normal operational and behavioral patterns.
31283773,Medium,0.2,0.1654840203623244,Container flagged for moderate operational risk due to excessive dwell time.
14282941,Medium,0.1,0.1262334610289971,Container flagged for moderate operational risk due to limited importer shipment history.
57407515,Low,0.0,0.1648017504848605,Shipment characteristics align with normal operational and behavioral patterns.
66058466,Low,0.0,0.0953515492171993,Shipment characteristics align with normal operational and behavioral patterns.
73205324,Medium,0.2,0.1611638657830434,Container flagged for moderate operational risk due to excessive dwell time.
83547091,Low,0.0,0.1357137512626577,Shipment characteristics align with normal operational and behavioral patterns.
91945932,Critical,0.43,0.093588825896787,"Container classified as Critical Risk due to abnormal weight discrepancy, excessive dwell time, night-time declaration activity."
47706875,Medium,0.1999999999999999,0.0867376544956642,Container flagged for moderate operational risk due to abnormal weight discrepancy.
94482951,Medium,0.1,0.170770818072477,Container flagged for moderate operational risk due to limited importer shipment history.
58879167,Low,0.0,0.0900749249478292,Shipment characteristics align with normal operational and behavioral patterns.
25203890,Low,0.03,0.1980878397843957,Container monitored due to night-time declaration activity.
20624280,Medium,0.1666666666666666,0.1142946711868051,Container flagged for moderate operational risk due to high cargo value.
87258305,Low,0.0,0.1778249653600842,Shipment characteristics align with normal operational and behavioral patterns.
73649426,Low,0.0,0.1888649879023324,Shipment characteristics align with normal operational and behavioral patterns.
32362496,Medium,0.2,0.1298262103048139,Container flagged for moderate operational risk due to excessive dwell time.
30113289,Low,0.0,0.1553837868938044,Shipment characteristics align with normal operational and behavioral patterns.
99958165,Low,0.0,0.1817975527794207,Shipment characteristics align with normal operational and behavioral patterns.
64503769,Low,0.0,0.186391034118599,Shipment characteristics align with normal operational and behavioral patterns.
37512142,Low,0.0,0.1682208086476825,Shipment characteristics align with normal operational and behavioral patterns.
69860749,Low,0.03,0.1690719452281203,Container monitored due to night-time declaration activity.
58182381,Low,0.0,0.1773300310583316,Shipment characteristics align with normal operational and behavioral patterns.
68445861,Low,0.0,0.0762090421553698,Shipment characteristics align with normal operational and behavioral patterns.
19502627,Low,0.0,0.1485234154182013,Shipment characteristics align with normal operational and behavioral patterns.
43523841,Low,0.0,0.2119417355099889,Shipment characteristics align with normal operational and behavioral patterns.
45526293,Low,0.0,0.1767087054715687,Shipment characteristics align with normal operational and behavioral patterns.
18164465,Low,0.0,0.1918747794033987,Shipment characteristics align with normal operational and behavioral patterns.
89094074,Low,0.0,0.1773400663852363,Shipment characteristics align with normal operational and behavioral patterns.
64784121,Low,0.03,0.1486696371634795,Container monitored due to night-time declaration activity.
52079771,Low,0.0,0.2033220378621664,Shipment characteristics align with normal operational and behavioral patterns.
78489482,Low,0.03,0.1333882831192071,Container monitored due to night-time declaration activity.
15297427,Low,0.0,0.0278892771777078,Shipment characteristics align with normal operational and behavioral patterns.
88054303,Medium,0.1,0.1060414881674868,Container flagged for moderate operational risk due to limited importer shipment history.
25452109,Low,0.0,0.1254890258054902,Shipment characteristics align with normal operational and behavioral patterns.
46875416,Low,0.0,0.1764949504116613,Shipment characteristics align with normal operational and behavioral patterns.
19339498,Low,0.0,0.2003868535602089,Shipment characteristics align with normal operational and behavioral patterns.
10820880,Medium,0.1966666666666666,0.0904169441356435,"Container flagged for moderate operational risk due to high cargo value, night-time declaration activity."
97269949,Low,0.03,0.1661962013140837,Container monitored due to night-time declaration activity.
57499400,Low,0.0,0.1915393653974999,Shipment characteristics align with normal operational and behavioral patterns.
96997729,Low,0.0,0.1778377170234514,Shipment characteristics align with normal operational and behavioral patterns.
90790230,Low,0.0,0.1957944198121159,Shipment characteristics align with normal operational and behavioral patterns.
99008623,Medium,0.13,0.1583794050115904,"Container flagged for moderate operational risk due to night-time declaration activity, limited importer shipment history."
62306247,Low,0.03,0.1319288600803316,Container monitored due to night-time declaration activity.
36644953,Medium,0.2,0.1295861110730807,Container flagged for moderate operational risk due to excessive dwell time.
11226898,Low,0.0,0.1465564712886455,Shipment characteristics align with normal operational and behavioral patterns.
13152409,Critical,0.5,0.0147626905973431,"Container classified as Critical Risk due to abnormal weight discrepancy, excessive dwell time, limited importer shipment history."
73876016,Low,0.0,0.1701340606447358,Shipment characteristics align with normal operational and behavioral patterns.
79095223,Low,0.0,0.1446758070981539,Shipment characteristics align with normal operational and behavioral patterns.
94892638,Low,0.0,0.1738629936879215,Shipment characteristics align with normal operational and behavioral patterns.
69009218,Medium,0.1966666666666666,0.0239939737178597,"Container flagged for moderate operational risk due to extremely high cargo value, night-time declaration activity."
80655028,Medium,0.13,0.1407270167428689,"Container flagged for moderate operational risk due to night-time declaration activity, limited importer shipment history."
43476742,Low,0.0,0.106975094195638,Shipment characteristics align with normal operational and behavioral patterns.
68652711,Medium,0.1666666666666666,0.0940639174255623,Container flagged for moderate operational risk due to high cargo value.
53807501,Low,0.03,0.1466247430214478,Container monitored due to night-time declaration activity.
74749447,Medium,0.2,0.1229247982767771,Container flagged for moderate operational risk due to excessive dwell time.
99979216,Low,0.0,0.1403344569136321,Shipment characteristics align with normal operational and behavioral patterns.
36729898,Low,0.0,0.1356679533526064,Shipment characteristics align with normal operational and behavioral patterns.
60956055,Low,0.0,0.1924659748906665,Shipment characteristics align with normal operational and behavioral patterns.
58431963,Low,0.03,0.1619687090291219,Container monitored due to night-time declaration activity.
46003153,Critical,0.33,0.1385804779892457,"Container classified as Critical Risk due to excessive dwell time, night-time declaration activity, limited importer shipment history."
54738649,Low,0.0,0.2007760895859893,Shipment characteristics align with normal operational and behavioral patterns.
55592362,Low,0.0,0.0921613766237791,Shipment characteristics align with normal operational and behavioral patterns.
65706214,Medium,0.2,0.08057808166315,Container flagged for moderate operational risk due to excessive dwell time.
78564641,Low,0.0,0.169195965080275,Shipment characteristics align with normal operational and behavioral patterns.
13866980,Low,0.0,0.2044193774060304,Shipment characteristics align with normal operational and behavioral patterns.
13864496,Low,0.0,0.1796840418101444,Shipment characteristics align with normal operational and behavioral patterns.
57197578,Low,0.0,0.0727031408006509,Shipment characteristics align with normal operational and behavioral patterns.
39869107,Low,0.0,0.1955956574568921,Shipment characteristics align with normal operational and behavioral patterns.
14663410,Medium,0.1666666666666666,0.0912215489499075,Container flagged for moderate operational risk due to extremely high cargo value.
53923731,Low,0.0,0.2138625467323835,Shipment characteristics align with normal operational and behavioral patterns.
71162758,Low,0.0,0.1078219021852998,Shipment characteristics align with normal operational and behavioral patterns.
29005691,Low,0.03,0.1568623978859812,Container monitored due to night-time declaration activity.
39150469,Medium,0.1,0.1680044633811953,Container flagged for moderate operational risk due to limited importer shipment history.
95182189,Low,0.0,0.2050823846464416,Shipment characteristics align with normal operational and behavioral patterns.
98082580,Low,0.03,0.1466844709391996,Container monitored due to night-time declaration activity.
94483305,Low,0.0,0.1629394965726325,Shipment characteristics align with normal operational and behavioral patterns.
61853993,Low,0.03,0.0650914443599365,Container monitored due to night-time declaration activity.
54989908,Medium,0.2,0.1095798867104211,Container flagged for moderate operational risk due to excessive dwell time.
38841921,Low,0.03,0.1161668489974508,Container monitored due to night-time declaration activity.
53047952,Low,0.0,0.0391215095925266,Shipment characteristics align with normal operational and behavioral patterns.
96218277,Low,0.0,0.1471800653353082,Shipment characteristics align with normal operational and behavioral patterns.
95143052,Low,0.0,0.1738148751146007,Shipment characteristics align with normal operational and behavioral patterns.
89594662,Low,0.03,-0.0015836837979188,"Container monitored due to high anomaly score, night-time declaration activity."
63704418,Low,0.0,0.1697508557186975,Shipment characteristics align with normal operational and behavioral patterns.
66694333,Low,0.03,0.1638812687662876,Container monitored due to night-time declaration activity.
99450447,Low,0.0,0.1515161925657737,Shipment characteristics align with normal operational and behavioral patterns.
19511786,Low,0.0,0.1645009968474194,Shipment characteristics align with normal operational and behavioral patterns.
55439261,Low,0.0,0.1230433316262935,Shipment characteristics align with normal operational and behavioral patterns.
94534455,Low,0.0,0.2036328777210352,Shipment characteristics align with normal operational and behavioral patterns.
31214790,Low,0.03,0.0872347348006796,Container monitored due to night-time declaration activity.
17614180,Low,0.0,0.1373174342048257,Shipment characteristics align with normal operational and behavioral patterns.
11290008,Low,0.03,0.1728354543760657,Container monitored due to night-time declaration activity.
30242189,Low,0.0,0.1442351553085857,Shipment characteristics align with normal operational and behavioral patterns.
98182411,Low,0.0,0.0965476127764174,Shipment characteristics align with normal operational and behavioral patterns.
40410465,Low,0.0,0.1168161493792349,Shipment characteristics align with normal operational and behavioral patterns.
66585800,Low,0.0,0.1628892212020819,Shipment characteristics align with normal operational and behavioral patterns.
38632619,Low,0.0,0.1655665983995562,Shipment characteristics align with normal operational and behavioral patterns.
73017083,Low,0.0,0.1330366030355491,Shipment characteristics align with normal operational and behavioral patterns.
71336428,Low,0.03,0.1845531742659469,Container monitored due to night-time declaration activity.
86582535,Low,0.0,0.1985718785709517,Shipment characteristics align with normal operational and behavioral patterns.
73093488,Low,0.0,0.1684057347490639,Shipment characteristics align with normal operational and behavioral patterns.
31558925,Low,0.03,0.1026278329536437,Container monitored due to night-time declaration activity.
45761656,Low,0.0,0.0799651606151902,Shipment characteristics align with normal operational and behavioral patterns.
16300432,Medium,0.1,0.1488643542318571,Container flagged for moderate operational risk due to limited importer shipment history.
58836616,Low,0.03,0.1462654047543377,Container monitored due to night-time declaration activity.
53741878,Low,0.02,0.0219163554953082,Shipment characteristics align with normal operational and behavioral patterns.
58649620,Low,0.0,0.1940148941501895,Shipment characteristics align with normal operational and behavioral patterns.
75486601,Low,0.0,0.1318304903340326,Shipment characteristics align with normal operational and behavioral patterns.
72414242,Low,0.03,0.1589580428211397,Container monitored due to night-time declaration activity.
44925976,Low,0.0,0.1280518387134374,Shipment characteristics align with normal operational and behavioral patterns.
38973636,Low,0.03,0.1173095486151354,Container monitored due to night-time declaration activity.
70974965,Critical,0.3666666666666667,0.0530838478194038,"Container classified as Critical Risk due to high cargo value, excessive dwell time."
29921161,Low,0.0,0.1775634162077978,Shipment characteristics align with normal operational and behavioral patterns.
94934062,Medium,0.1,0.1849541970622573,Container flagged for moderate operational risk due to limited importer shipment history.
21575863,Critical,0.3,0.145334394981288,"Container classified as Critical Risk due to excessive dwell time, limited importer shipment history."
87724231,Low,0.0,0.1499688321492414,Shipment characteristics align with normal operational and behavioral patterns.
13691199,Low,0.0,-0.0124577992686538,Container monitored due to high anomaly score.
88434734,Low,0.0,0.1536920770458538,Shipment characteristics align with normal operational and behavioral patterns.
80000725,Low,0.03,0.1332498614435855,Container monitored due to night-time declaration activity.
67487450,Medium,0.1,0.0863862050634492,Container flagged for moderate operational risk due to limited importer shipment history.
36363152,Low,0.0,0.1531234870409643,Shipment characteristics align with normal operational and behavioral patterns.
57541750,Low,0.0,0.174812409409363,Shipment characteristics align with normal operational and behavioral patterns.
46720218,Medium,0.2,0.1595255016200601,Container flagged for moderate operational risk due to excessive dwell time.
96081095,Low,0.03,0.1818833749624381,Container monitored due to night-time declaration activity.
79791519,Low,0.0,0.1354788358401329,Shipment characteristics align with normal operational and behavioral patterns.
38886094,Low,0.0,0.188729423758506,Shipment characteristics align with normal operational and behavioral patterns.
78686090,Low,0.0,0.167644450322475,Shipment characteristics align with normal operational and behavioral patterns.
45396019,Low,0.0,0.1240008224381745,Shipment characteristics align with normal operational and behavioral patterns.
62440219,Low,0.0,0.1828496783734124,Shipment characteristics align with normal operational and behavioral patterns.
29686850,Low,0.0,0.1591026607498633,Shipment characteristics align with normal operational and behavioral patterns.
88020615,Low,0.03,0.1461806650041325,Container monitored due to night-time declaration activity.
40054182,Low,0.0,0.1318218531331347,Shipment characteristics align with normal operational and behavioral patterns.
39115326,Low,0.03,0.1273157782373989,Container monitored due to night-time declaration activity.
37565390,Medium,0.1,0.172277887283844,Container flagged for moderate operational risk due to limited importer shipment history.
45258785,Low,0.0,0.1477523340565322,Shipment characteristics align with normal operational and behavioral patterns.
24258563,Low,0.03,0.1434509997834224,Container monitored due to night-time declaration activity.
42922952,Low,0.0,0.1445861060348934,Shipment characteristics align with normal operational and behavioral patterns.
20833188,Low,0.0,0.2037865080419004,Shipment characteristics align with normal operational and behavioral patterns.
74203069,Low,0.0,0.2061855167942094,Shipment characteristics align with normal operational and behavioral patterns.
87066761,Medium,0.2,0.1514610175118997,Container flagged for moderate operational risk due to excessive dwell time.
16501872,Low,0.03,0.149046274560826,Container monitored due to night-time declaration activity.
52083910,Low,0.0,0.1532281998702105,Shipment characteristics align with normal operational and behavioral patterns.
52356257,Low,0.0,0.0354159879536977,Shipment characteristics align with normal operational and behavioral patterns.
12280249,Medium,0.13,0.1562620097257818,"Container flagged for moderate operational risk due to night-time declaration activity, limited importer shipment history."
50073417,Low,0.0,0.2073587685476291,Shipment characteristics align with normal operational and behavioral patterns.
45597480,Low,0.0,0.0896663172280137,Shipment characteristics align with normal operational and behavioral patterns.
71714627,Low,0.03,-0.0009871393021404,"Container monitored due to high anomaly score, night-time declaration activity."
20471747,Low,0.0,0.1700476272202876,Shipment characteristics align with normal operational and behavioral patterns.
63762006,Low,0.0,0.1505378995993483,Shipment characteristics align with normal operational and behavioral patterns.
20203553,Medium,0.2,0.0803822669761554,Container flagged for moderate operational risk due to excessive dwell time.
95834054,Low,0.0,-0.0267321320441181,Container monitored due to high anomaly score.
16580164,Low,0.0,0.199812855096743,Shipment characteristics align with normal operational and behavioral patterns.
61377486,Low,0.03,0.1951078476777402,Container monitored due to night-time declaration activity.
72454216,Low,0.0,0.1931479040867678,Shipment characteristics align with normal operational and behavioral patterns.
61070410,Medium,0.1966666666666666,0.1407262689465458,"Container flagged for moderate operational risk due to high cargo value, night-time declaration activity."
96116188,Low,0.0,0.1939279556537088,Shipment characteristics align with normal operational and behavioral patterns.
46451467,Low,0.0,0.184488734364697,Shipment characteristics align with normal operational and behavioral patterns.
72253182,Low,0.03,0.1688898707130293,Container monitored due to night-time declaration activity.
18662709,Medium,0.1666666666666666,0.1270913560941489,Container flagged for moderate operational risk due to high cargo value.
98714233,Low,0.03,0.1517918251818079,Container monitored due to night-time declaration activity.
48814103,Low,0.0,0.1276811927499401,Shipment characteristics align with normal operational and behavioral patterns.
27751056,Low,0.0,0.1803505021832832,Shipment characteristics align with normal operational and behavioral patterns.
49159469,Low,0.0,0.1259185848819292,Shipment characteristics align with normal operational and behavioral patterns.
17690996,Low,0.0,0.1995316483563882,Shipment characteristics align with normal operational and behavioral patterns.
60161559,Low,0.0,0.1612133854968748,Shipment characteristics align with normal operational and behavioral patterns.
94760032,Low,0.03,0.1407553261216869,Container monitored due to night-time declaration activity.
81355256,Low,0.0,0.1701340121526985,Shipment characteristics align with normal operational and behavioral patterns.
99159489,Medium,0.1666666666666666,0.1068010061269539,Container flagged for moderate operational risk due to high cargo value.
29106519,Low,0.03,0.1411869683102737,Container monitored due to night-time declaration activity.
87497683,Low,0.03,0.1290548133915717,Container monitored due to night-time declaration activity.
26380846,Low,0.0,0.1648931025832306,Shipment characteristics align with normal operational and behavioral patterns.
38386746,Low,0.0,0.1312988834164503,Shipment characteristics align with normal operational and behavioral patterns.
49839375,Low,0.03,0.1322234670395485,Container monitored due to night-time declaration activity.
65300511,Low,0.0,0.2131355844974831,Shipment characteristics align with normal operational and behavioral patterns.
74790794,Low,0.0,0.1327778363790707,Shipment characteristics align with normal operational and behavioral patterns.
11432804,Low,0.03,0.1273278278808003,Container monitored due to night-time declaration activity.
13258469,Low,0.0,0.1784350835457738,Shipment characteristics align with normal operational and behavioral patterns.
25593072,Low,0.0,0.1921821982208446,Shipment characteristics align with normal operational and behavioral patterns.
66014985,Low,0.0,0.1952787373210548,Shipment characteristics align with normal operational and behavioral patterns.
12801505,Low,0.0,0.1617701762771605,Shipment characteristics align with normal operational and behavioral patterns.
55546741,Low,0.03,0.0529993881734313,Container monitored due to night-time declaration activity.
10823123,Low,0.03,-0.0395234358637228,"Container monitored due to high anomaly score, night-time declaration activity."
13715298,Low,0.03,0.1932335375645273,Container monitored due to night-time declaration activity.
41058378,Low,0.0,0.1162304062422174,Shipment characteristics align with normal operational and behavioral patterns.
94143209,Low,0.0,0.198896574924163,Shipment characteristics align with normal operational and behavioral patterns.
47313292,Low,0.0,0.1037898787706294,Shipment characteristics align with normal operational and behavioral patterns.
63702287,Low,0.0,0.156197239141683,Shipment characteristics align with normal operational and behavioral patterns.
23364120,Low,0.0,-0.0671465752516173,Container monitored due to high anomaly score.
65353390,Medium,0.2,0.0814305796111204,Container flagged for moderate operational risk due to excessive dwell time.
67662085,Low,0.03,0.1675465886350891,Container monitored due to night-time declaration activity.
84684736,Low,0.0,0.2011784367190212,Shipment characteristics align with normal operational and behavioral patterns.
78319637,Medium,0.3,0.0725438805624917,"Container flagged for moderate operational risk due to abnormal weight discrepancy, limited importer shipment history."
57470973,Medium,0.1,0.1442856755618726,Container flagged for moderate operational risk due to limited importer shipment history.
25512370,Low,0.0,0.0717129816007352,Shipment characteristics align with normal operational and behavioral patterns.
71284836,Low,0.0,0.1650158108192612,Shipment characteristics align with normal operational and behavioral patterns.
76600458,Low,0.03,0.1173265027013244,Container monitored due to night-time declaration activity.
60446843,Medium,0.1966666666666666,0.0324502069031008,"Container flagged for moderate operational risk due to high cargo value, night-time declaration activity."
67425159,Low,0.03,0.1813802149983189,Container monitored due to night-time declaration activity.
76124615,Low,0.0,0.1706139271466691,Shipment characteristics align with normal operational and behavioral patterns.
67218551,Low,0.03,0.1878761356350311,Container monitored due to night-time declaration activity.
47151516,Low,0.03,0.117113441081901,Container monitored due to night-time declaration activity.
13880283,Critical,0.4,0.0286966546157875,"Container classified as Critical Risk due to abnormal weight discrepancy, excessive dwell time."
14396104,Low,0.0,0.1867798207904174,Shipment characteristics align with normal operational and behavioral patterns.
50582810,Low,0.0,0.1713548839597513,Shipment characteristics align with normal operational and behavioral patterns.
93079719,Low,0.0,0.2007445728120302,Shipment characteristics align with normal operational and behavioral patterns.
60244936,Low,0.0,0.158597980192889,Shipment characteristics align with normal operational and behavioral patterns.
87025238,Low,0.03,0.1685794664730429,Container monitored due to night-time declaration activity.
56934959,Low,0.03,0.1792187062793906,Container monitored due to night-time declaration activity.
42933239,Low,0.0,0.1597766614704557,Shipment characteristics align with normal operational and behavioral patterns.
48212878,Low,0.0,0.1208184663339185,Shipment characteristics align with normal operational and behavioral patterns.
60038099,Low,0.0,0.1208645445896696,Shipment characteristics align with normal operational and behavioral patterns.
62285248,Low,0.03,0.188868131768153,Container monitored due to night-time declaration activity.
34983672,Low,0.0,0.1038131401779737,Shipment characteristics align with normal operational and behavioral patterns.
82771571,Medium,0.2966666666666666,0.0814537940173478,"Container flagged for moderate operational risk due to high cargo value, night-time declaration activity, limited importer shipment history."
92302526,Low,0.0,0.1973168316134751,Shipment characteristics align with normal operational and behavioral patterns.
70766675,Low,0.0,0.1885840484357357,Shipment characteristics align with normal operational and behavioral patterns.
63059576,Low,0.0,0.2076585050262585,Shipment characteristics align with normal operational and behavioral patterns.
52786280,Low,0.03,0.1450987722459102,Container monitored due to night-time declaration activity.
12665932,Low,0.0,0.1987112400851492,Shipment characteristics align with normal operational and behavioral patterns.
47309585,Low,0.03,0.0906631226333574,Container monitored due to night-time declaration activity.
46686976,Low,0.0,0.1986364527157619,Shipment characteristics align with normal operational and behavioral patterns.
71021413,Medium,0.1,0.1412094308441745,Container flagged for moderate operational risk due to limited importer shipment history.
88438973,Low,0.03,0.1560038373054685,Container monitored due to night-time declaration activity.
68338178,Low,0.0,0.1337242311010073,Shipment characteristics align with normal operational and behavioral patterns.
32584282,Low,0.03,0.0938791860452006,Container monitored due to night-time declaration activity.
16167266,Low,0.0,0.15532251369409,Shipment characteristics align with normal operational and behavioral patterns.
81880523,Low,0.03,0.1710584161594533,Container monitored due to night-time declaration activity.
51155563,Low,0.03,0.1914444076114995,Container monitored due to night-time declaration activity.
41614617,Low,0.0,0.1604460400869138,Shipment characteristics align with normal operational and behavioral patterns.
87927159,Low,0.0,0.1953448666647955,Shipment characteristics align with normal operational and behavioral patterns.
70439736,Low,0.03,0.0909985622368137,Container monitored due to night-time declaration activity.
42741535,Low,0.03,0.1222967265394187,Container monitored due to night-time declaration activity.
60989257,Low,0.0,0.0733501245528656,Shipment characteristics align with normal operational and behavioral patterns.
13053814,Low,0.03,0.0409462451683918,Container monitored due to night-time declaration activity.
58421238,Critical,0.4,0.0373113259619334,"Container classified as Critical Risk due to abnormal weight discrepancy, extreme port dwell duration."
66504544,Low,0.03,0.1869678661697345,Container monitored due to night-time declaration activity.
61946022,Low,0.0,0.1788912130300175,Shipment characteristics align with normal operational and behavioral patterns.
26567096,Low,0.0,0.1461331588288157,Shipment characteristics align with normal operational and behavioral patterns.
76712156,Low,0.0,0.1900726952776064,Shipment characteristics align with normal operational and behavioral patterns.
61763649,Low,0.03,0.1620368373523279,Container monitored due to night-time declaration activity.
26109204,Low,0.0,0.1425291326005401,Shipment characteristics align with normal operational and behavioral patterns.
76838458,Medium,0.1966666666666666,0.1186385590591699,"Container flagged for moderate operational risk due to high cargo value, night-time declaration activity."
78922411,Low,0.03,0.1047828617334803,Container monitored due to night-time declaration activity.
29494504,Medium,0.23,0.0707174300164903,"Container flagged for moderate operational risk due to excessive dwell time, night-time declaration activity."
85810528,Critical,0.32,-0.1134581442817711,"Container classified as Critical Risk due to high anomaly score, severe weight discrepancy."
15220055,Medium,0.2,0.0936904469120673,Container flagged for moderate operational risk due to excessive dwell time.
74469599,Low,0.0,0.1580346705460286,Shipment characteristics align with normal operational and behavioral patterns.
54823743,Medium,0.1,0.1676645586340863,Container flagged for moderate operational risk due to limited importer shipment history.
51766581,Low,0.0,0.2092267694663743,Shipment characteristics align with normal operational and behavioral patterns.
89941994,Medium,0.1,0.1771671244545858,Container flagged for moderate operational risk due to limited importer shipment history.
62681957,Medium,0.1,0.1802471401653527,Container flagged for moderate operational risk due to limited importer shipment history.
54570776,Medium,0.1,0.149913269182875,Container flagged for moderate operational risk due to limited importer shipment history.
65606039,Low,0.0,0.1580876653371493,Shipment characteristics align with normal operational and behavioral patterns.
76484102,Low,0.0,0.1751274766095383,Shipment characteristics align with normal operational and behavioral patterns.
62994597,Low,0.03,0.1435273567337134,Container monitored due to night-time declaration activity.
27243206,Low,0.0,0.1565915604199794,Shipment characteristics align with normal operational and behavioral patterns.
45582090,Low,0.0,0.1742384527669487,Shipment characteristics align with normal operational and behavioral patterns.
52035538,Low,0.03,0.1281556172453628,Container monitored due to night-time declaration activity.
73452214,Low,0.0,0.1531119794853482,Shipment characteristics align with normal operational and behavioral patterns.
31288381,Low,0.0,0.1352954486549917,Shipment characteristics align with normal operational and behavioral patterns.
65171255,Low,0.0,0.1365496527128424,Shipment characteristics align with normal operational and behavioral patterns.
84184656,Low,0.0,0.1889838366925987,Shipment characteristics align with normal operational and behavioral patterns.
15702637,Low,0.0,0.2040817800201669,Shipment characteristics align with normal operational and behavioral patterns.
16717854,Low,0.03,0.1538702923311805,Container monitored due to night-time declaration activity.
54078550,Low,0.0,0.1387010267615043,Shipment characteristics align with normal operational and behavioral patterns.
62502597,Low,0.0,0.1310691951646579,Shipment characteristics align with normal operational and behavioral patterns.
22906909,Low,0.0,0.0125348817118789,Shipment characteristics align with normal operational and behavioral patterns.
91957534,Low,0.0,0.1892486882931499,Shipment characteristics align with normal operational and behavioral patterns.
64055869,Low,0.0,0.0177247856681262,Shipment characteristics align with normal operational and behavioral patterns.
68958165,Low,0.03,0.1789128956146528,Container monitored due to night-time declaration activity.
81016018,Medium,0.2,0.1490571509429063,Container flagged for moderate operational risk due to excessive dwell time.
94270045,Low,0.03,0.1960655176949787,Container monitored due to night-time declaration activity.
82856441,Low,0.0,0.1819956979701599,Shipment characteristics align with normal operational and behavioral patterns.
99069687,Medium,0.1,0.1200173336797417,Container flagged for moderate operational risk due to limited importer shipment history.
73764907,Low,0.0,0.0737367460802474,Shipment characteristics align with normal operational and behavioral patterns.
48310247,Medium,0.1966666666666666,0.0762506238315006,"Container flagged for moderate operational risk due to extremely high cargo value, night-time declaration activity."
99417724,Medium,0.1,0.1712120806390201,Container flagged for moderate operational risk due to limited importer shipment history.
78069992,Medium,0.1,0.1714119377567878,Container flagged for moderate operational risk due to limited importer shipment history.
91204113,Medium,0.1,0.1351924203885842,Container flagged for moderate operational risk due to limited importer shipment history.
47289452,Low,0.03,0.1855195920053203,Container monitored due to night-time declaration activity.
61080826,Critical,0.53,0.0374039053686913,"Container classified as Critical Risk due to abnormal weight discrepancy, excessive dwell time, night-time declaration activity."
27785822,Medium,0.1666666666666666,0.1438187883123801,Container flagged for moderate operational risk due to high cargo value.
20121897,Low,0.03,0.1789391146506975,Container monitored due to night-time declaration activity.
86350579,Low,0.03,0.1857000751488347,Container monitored due to night-time declaration activity.
54130898,Low,0.03,0.1784182233244067,Container monitored due to night-time declaration activity.
39865992,Low,0.0,0.0408583278100581,Shipment characteristics align with normal operational and behavioral patterns.
89012744,Low,0.0,0.197014863724131,Shipment characteristics align with normal operational and behavioral patterns.
30347355,Low,0.0,0.1343331309685086,Shipment characteristics align with normal operational and behavioral patterns.
61988712,Medium,0.1666666666666666,0.1189839000985865,Container flagged for moderate operational risk due to high cargo value.
36445516,Low,0.0,0.1222472847998448,Shipment characteristics align with normal operational and behavioral patterns.
30619319,Low,0.0,0.1891116117968725,Shipment characteristics align with normal operational and behavioral patterns.
41488216,Low,0.0,0.0428524895878392,Shipment characteristics align with normal operational and behavioral patterns.
76316347,Low,0.0,0.1910281851512297,Shipment characteristics align with normal operational and behavioral patterns.
20099910,Low,0.0,0.1955889293359043,Shipment characteristics align with normal operational and behavioral patterns.
16272655,Low,0.03,0.1305743567866816,Container monitored due to night-time declaration activity.
16711299,Low,0.0,0.1723647864092207,Shipment characteristics align with normal operational and behavioral patterns.
20411375,Low,0.0,0.2045061981095104,Shipment characteristics align with normal operational and behavioral patterns.
90416880,Low,0.0,0.1761682125212784,Shipment characteristics align with normal operational and behavioral patterns.
96407235,Low,0.03,0.1152977368383854,Container monitored due to night-time declaration activity.
99619298,Critical,0.32,-0.0831068965298793,"Container classified as Critical Risk due to high anomaly score, severe weight discrepancy."
79184810,Low,0.03,0.150779592851994,Container monitored due to night-time declaration activity.
20669284,Low,0.0,0.1854237850462833,Shipment characteristics align with normal operational and behavioral patterns.
30353551,Low,0.0,0.1969286674518447,Shipment characteristics align with normal operational and behavioral patterns.
65234277,Low,0.0,0.2078893272249808,Shipment characteristics align with normal operational and behavioral patterns.
41365716,Medium,0.2,0.1218621273646139,Container flagged for moderate operational risk due to excessive dwell time.
69590307,Low,0.0,0.1948806398446139,Shipment characteristics align with normal operational and behavioral patterns.
19023643,Low,0.0,0.1464837218695263,Shipment characteristics align with normal operational and behavioral patterns.
94323615,Low,0.0,0.1822922609267999,Shipment characteristics align with normal operational and behavioral patterns.
22010606,Low,0.0,0.1878185755469986,Shipment characteristics align with normal operational and behavioral patterns.
14747486,Low,0.0,0.1887186026288255,Shipment characteristics align with normal operational and behavioral patterns.
76896819,Low,0.03,0.1286482326603234,Container monitored due to night-time declaration activity.
66616924,Low,0.0,0.1589855456424273,Shipment characteristics align with normal operational and behavioral patterns.
96157068,Low,0.0,0.1499135160014627,Shipment characteristics align with normal operational and behavioral patterns.
65183094,Low,0.0,0.2066839376695622,Shipment characteristics align with normal operational and behavioral patterns.
90251832,Low,0.0,0.1951759906794085,Shipment characteristics align with normal operational and behavioral patterns.
85026943,Low,0.0,0.1594537284039451,Shipment characteristics align with normal operational and behavioral patterns.
57829042,Medium,0.1,0.1319269925926979,Container flagged for moderate operational risk due to limited importer shipment history.
65312388,Low,0.0,0.1627378641817015,Shipment characteristics align with normal operational and behavioral patterns.
38249823,Low,0.03,0.1704783470881883,Container monitored due to night-time declaration activity.
61306113,Low,0.03,0.1622339615956451,Container monitored due to night-time declaration activity.
27276590,Low,0.0,0.133954475617016,Shipment characteristics align with normal operational and behavioral patterns.
35812366,Low,0.0,0.1645285746888228,Shipment characteristics align with normal operational and behavioral patterns.
75765869,Low,0.03,0.1300013774517284,Container monitored due to night-time declaration activity.
