Container_ID,Declaration_Date (YYYY-MM-DD),Declaration_Time,Trade_Regime (Import / Export / Transit),Origin_Country,Destination_Port,Destination_Country,HS_Code,Importer_ID,Exporter_ID,Declared_Value,Declared_Weight,Measured_Weight,Shipping_Line,Dwell_Time_Hours,Clearance_Status
97061800,2020-01-01,20:16:40,Import,BE,PORT_30,UG,440890,QLRUBN9,0VKY2BR,372254.4,108.0,106.51,LINE_MODE_10,37.6,Clear
85945189,2020-01-01,09:43:49,Import,CN,PORT_40,CA,690722,7JD1S2X,8WDKMC6,375751.2,11352.0,11541.578,LINE_MODE_40,51.7,Clear
77854751,2020-01-01,06:15:11,Import,CN,PORT_20,BA,620822,WI9O3I5,4DT3246,5353.02,20.7,20.404,LINE_MODE_40,31.3,Clear
46925060,2020-01-01,04:04:20,Import,VN,PORT_40,MN,940350,6LI9721,PKUOG2P,1477645.4,9218.0,8814.252,LINE_MODE_40,11.8,Clear
34131149,2020-01-01,03:36:29,Import,VN,PORT_20,LV,071080,RZ871V1,1HMVIVH,6364800.0,24000.0,24880.8,LINE_MODE_10,70.9,Clear
38459034,2020-01-01,23:27:54,Import,CN,PORT_40,CR,851712,2EIESGV,WLTGD61,29078.8,2.0,2.412,LINE_MODE_10,98.9,Low Risk
69602841,2020-01-01,02:43:21,Import,DE,PORT_40,RS,391000,US268D0,BXMTYM2,10765.0,25.0,24.768,LINE_MODE_40,34.6,Clear
94070719,2020-01-01,08:49:19,Import,CN,PORT_10,CR,220870,EAPRJGG,NTDG5EH,78900.0,500.0,500.85,LINE_W6UCD9,41.8,Clear
28079013,2020-01-01,03:31:33,Import,US,PORT_13,HU,853670,OQGTRGJ,B6KLLXR,241.58,0.2,0.201,LINE_HE8ATP,43.8,Clear
66853714,2020-01-01,01:32:34,Import,CN,PORT_30,SI,940180,FI22XB4,BXMTYM2,2463.6,2053.0,2010.298,LINE_MODE_40,27.0,Clear
19246049,2020-01-01,08:51:29,Import,IT,PORT_20,SI,220429,NM5XD6W,3QHJOHO,3151.61,7.7,7.598,LINE_MODE_10,37.9,Clear
14879976,2020-01-01,06:55:36,Import,CN,PORT_30,EC,851762,KRQQAFQ,HXEPMFC,153294.0,1057.2,1055.297,LINE_MODE_10,45.5,Clear
58493150,2020-01-01,15:25:50,Import,CN,PORT_20,PY,854442,I6ZZMA2,K76UOWY,2547.36,14.4,13.086,LINE_MODE_10,17.6,Low Risk
43035997,2020-01-01,23:18:37,Import,CN,PORT_30,CR,851660,4IDKLYQ,S7GIAHP,2359189.8,5346.0,5413.894,LINE_MODE_40,49.1,Clear
35204875,2020-01-01,14:47:55,Import,ID,PORT_62,JP,441231,44A9O7H,SLE6478,2594851.2,45684.0,46766.711,LINE_B7S0RD,62.3,Clear
47555392,2020-01-01,15:41:52,Import,JP,PORT_20,TH,842952,H5ELQX1,DHZWEP3,1084552.0,1712.0,1695.222,LINE_W6UCD9,34.2,Clear
54770090,2020-01-01,17:14:50,Import,US,PORT_20,JP,821300,IKARAKA,10T1QG8,1620.5,5.0,4.956,LINE_MODE_40,34.9,Clear
91408622,2020-01-01,01:49:02,Import,CN,PORT_40,PL,852580,Y87ZITA,BXMTYM2,50127.0,110.0,114.567,LINE_MODE_40,99.0,Low Risk
55920693,2020-01-01,09:19:33,Import,CN,PORT_50,CL,420292,PK9KAKW,LBW8NB5,189.6,316.0,304.845,LINE_A5IT1U,19.4,Clear
57409866,2020-01-01,02:47:06,Import,CN,PORT_30,UG,481950,EJBNJ7G,AE0JJD2,95.55,24.5,24.578,LINE_MODE_10,48.8,Clear
24077377,2020-01-01,17:01:37,Import,CN,PORT_20,PG,950300,CJ6ZCGQ,SPNQCD4,716565.9,10711.0,10954.14,LINE_MODE_40,55.7,Clear
19201172,2020-01-01,02:11:32,Import,CN,PORT_40,ZZ,200599,Q8MAKJD,KILND1W,4575904.0,48320.0,48329.664,LINE_MODE_10,46.8,Clear
25886903,2020-01-01,05:56:23,Import,CA,PORT_20,PG,851762,EHXQG9A,W3K0JC6,13320.27,14.1,14.237,LINE_MODE_10,53.1,Clear
64705381,2020-01-01,16:59:01,Import,DE,PORT_30,HU,732690,Y3QS787,KQ8UJP7,33.0,22.0,22.455,LINE_MODE_10,60.4,Clear
51313213,2020-01-01,20:08:13,Import,GB,PORT_16,SI,391190,TM6WOEY,G15KUZ2,10106.25,24.5,28.406,LINE_MWIDNS,45.0,Low Risk
21073696,2020-01-01,02:04:16,Import,NP,PORT_70,EC,920600,55BH1VM,OOZO637,3486.0,60.0,62.292,LINE_MODE_10,71.9,Clear
38525083,2020-01-02,05:52:43,Import,CN,PORT_40,UG,401699,EM2E4JI,NL4ITTS,72.4,4.0,4.079,LINE_MODE_10,59.7,Clear
47431706,2020-01-02,04:24:26,Import,US,PORT_30,KR,392690,4P7B5G1,DLZIJEQ,136.92,228.2,203.865,LINE_MODE_10,34.6,Low Risk
83743051,2020-01-02,11:13:31,Import,CN,PORT_40,PY,620462,2P3V50X,O6JLM7J,30866.0,220.0,227.854,LINE_MODE_10,70.3,Clear
63617737,2020-01-02,16:27:37,Import,CN,PORT_40,TT,610990,AGE39KK,ZHR1CC1,1250.0,20.0,20.854,LINE_MODE_40,68.9,Clear
32708224,2020-01-02,06:41:04,Import,CN,PORT_40,MT,392690,C156PIZ,DWNJQL8,9.3,15.5,15.1,LINE_MWIDNS,29.7,Clear
94748548,2020-01-02,18:30:28,Import,CN,PORT_20,BA,950300,708A72F,N1MU33Y,28930.0,110.0,150.264,LINE_MODE_10,142.5,Critical
38543102,2020-01-02,12:57:02,Import,NI,PORT_30,IL,630790,35QPBS0,QDA3U8T,690.0,300.0,329.112,LINE_MODE_10,36.2,Low Risk
57728656,2020-01-02,16:00:16,Import,CN,PORT_40,ZZ,640299,1E7DTR5,1DKNO2M,514.0,5.0,4.791,LINE_MODE_10,19.1,Clear
40371610,2020-01-02,23:00:10,Import,TR,PORT_40,LV,250810,9RMD0T5,YFEUVQC,64568.84,2819.6,2907.572,LINE_W6UCD9,67.3,Clear
73126688,2020-01-02,03:06:08,Import,US,PORT_20,LV,392690,MJZO983,E3Q8ABV,9.48,0.3,0.313,LINE_VZIZJJ,74.5,Clear
24697408,2020-01-02,11:51:28,Import,VN,PORT_10,CA,940490,SKDR671,MM7MN4S,21053.34,911.4,895.177,LINE_MODE_10,34.9,Clear
95975634,2020-01-02,00:17:54,Import,DE,PORT_30,GU,390950,28OZXXF,42VLJD6,110175.0,250.0,301.46,LINE_MODE_10,98.9,Low Risk
46824398,2020-01-02,18:54:38,Import,CN,PORT_10,GU,940360,ZYVOW2Z,XVKXZOK,70290.0,9900.0,10268.28,LINE_MODE_10,71.2,Clear
93188371,2020-01-02,18:55:31,Import,CN,PORT_40,BR,620463,F3XOF3E,U69S3XW,403485.6,6132.0,5982.992,LINE_MODE_10,30.7,Clear
27330422,2020-01-02,10:19:02,Import,CN,PORT_40,IL,841320,6JZPZ3O,V9GO1VJ,44082.72,3643.2,3735.009,LINE_MODE_10,63.3,Clear
84902588,2020-01-02,06:11:08,Import,IT,PORT_10,AM,841459,037VMHI,NNBIK6P,25152.84,392.4,389.339,LINE_MODE_10,41.5,Clear
57565526,2020-01-02,23:21:26,Import,VN,PORT_30,UG,640299,N6CG9ZF,EKEWR8W,359100.96,3493.2,3399.582,LINE_MODE_10,29.0,Clear
73045847,2020-01-02,08:02:47,Import,CN,PORT_20,SD,850519,U89JAWF,PUR3454,218.0,5.0,5.188,LINE_MODE_40,65.6,Clear
98752699,2020-01-02,01:22:19,Import,DE,PORT_30,HN,330499,YFDPPDW,5WRJWBD,67678.0,380.0,384.446,LINE_MODE_10,54.4,Clear
88268883,2020-01-02,20:56:03,Import,CN,PORT_40,RS,610910,EKI0ID0,CXC3E7O,624.0,40.0,48.298,LINE_MODE_40,93.4,Low Risk
35053269,2020-01-02,14:25:09,Import,JP,PORT_40,HU,310100,MODEXI2,R6OX3Y9,4712130.0,127700.0,124724.59,LINE_MWIDNS,25.3,Clear
51770822,2020-01-02,07:19:02,Import,TW,PORT_40,BA,940290,NMF3ARJ,FDS7TF3,22570.0,14.8,15.173,LINE_EIZP3I,57.3,Clear
39894127,2020-01-02,04:34:07,Import,VN,PORT_20,HN,940169,0NBY50H,IHDE3DP,258480.0,3600.0,3591.72,LINE_MODE_40,39.2,Clear
65839607,2020-01-02,14:18:47,Import,DE,PORT_20,LV,392690,J4HE1D5,TJ5LQYN,60.0,100.0,95.77,LINE_MODE_10,18.8,Clear
50196114,2020-01-02,19:45:54,Import,JP,PORT_20,GU,071290,QBIH1EB,Z7DI1C1,81170.0,100.0,97.92,LINE_MODE_10,33.0,Clear
23794696,2020-01-02,21:54:16,Import,VN,PORT_30,JP,160419,ETURNFG,AM05MDE,252150.0,500.0,519.1,LINE_MODE_10,71.9,Clear
65637572,2020-01-02,13:11:32,Import,CN,PORT_20,UG,901910,GR4J0RB,SB737F4,6630.0,1275.0,1275.255,LINE_MODE_10,46.8,Clear
78327056,2020-01-02,04:26:56,Import,CN,PORT_20,SV,200599,7OUO7H7,IJ8KT4I,385200.0,6000.0,5749.2,LINE_MODE_10,19.1,Clear
11817825,2020-01-02,13:43:45,Import,JP,PORT_16,CR,844180,EXV87PQ,AWI1M30,1121380.0,24700.0,24667.89,LINE_MODE_40,39.8,Clear
14504852,2020-01-02,09:39:32,Import,CN,PORT_62,CR,851829,BLZGA7I,P5KJOIV,722568.0,7590.0,7287.918,LINE_MODE_40,14.4,Clear
60904587,2020-01-02,10:08:27,Import,CH,PORT_20,LR,910229,T9K1CH7,L5GONLU,57.22,0.2,0.194,LINE_MODE_10,25.4,Clear
52259628,2020-01-02,21:21:48,Import,IT,PORT_20,NO,420330,K475220,VVFLVNF,1712.0,5.0,4.861,LINE_MODE_10,28.3,Clear
53200097,2020-01-02,13:20:17,Import,US,PORT_40,MG,853690,RVKGBFV,DYE3F4N,156.8,4.0,3.631,LINE_MODE_40,12.5,Low Risk
92603662,2020-01-02,03:06:22,Import,DE,PORT_20,SI,853710,MRAROIU,UVKG8JK,180.3,0.6,0.603,LINE_MODE_10,50.1,Clear
84067615,2020-01-02,23:46:55,Import,MY,PORT_40,PY,261900,O6AMSF7,L04YPY8,1215840.0,202640.0,193257.768,LINE_MWIDNS,10.1,Clear
84059707,2020-01-02,12:47:07,Import,US,PORT_20,PL,400911,FBKWIIB,WCKFJ61,725.76,1.6,1.612,LINE_MODE_10,51.8,Clear
21143403,2020-01-02,06:58:03,Import,CN,PORT_40,DJ,851829,NB7S8YQ,OJSCAW7,8377.6,88.0,80.063,LINE_MODE_10,16.7,Low Risk
54838489,2020-01-02,20:58:49,Import,US,PORT_20,AT,630710,LHMZ0BH,LQIJWPR,6534.84,920.4,889.751,LINE_MODE_10,24.7,Clear
56747478,2020-01-02,01:59:18,Import,IT,PORT_20,AM,680291,Y6R9IMD,Y1DIJHP,1173600.0,24000.0,23932.8,LINE_MODE_10,44.8,Clear
97878449,2020-01-02,19:11:29,Import,CN,PORT_20,PG,560391,GNTQ01X,NH38CYF,47023.8,543.0,535.778,LINE_MODE_10,37.9,Clear
65547224,2020-01-02,03:17:44,Import,FR,PORT_40,DJ,851822,LLOUM5I,H0YUACY,7095.0,50.0,48.71,LINE_MODE_10,29.7,Clear
91910410,2020-01-02,19:20:10,Import,MY,PORT_40,HN,401519,8V7MR0F,MEIP9W0,401265.0,7230.0,7455.576,LINE_MODE_40,61.3,Clear
55296135,2020-01-02,21:02:15,Import,PL,PORT_20,SD,620462,AY89LH5,YVRA5HF,14030.0,100.0,99.37,LINE_MODE_40,36.5,Clear
29892142,2020-01-02,15:14:22,Import,CN,PORT_40,OM,961800,22JV8UE,9BL24RS,16042.53,55.3,53.376,LINE_MODE_10,23.7,Clear
92537849,2020-01-02,23:41:29,Import,CN,PORT_40,PG,854370,VIXK8AG,U3GCVEO,3830.32,330.2,325.808,LINE_MODE_40,31.9,Clear
33419521,2020-01-02,10:28:01,Import,VN,PORT_20,UG,620343,PCSBCXW,PF56GPT,592800.0,3000.0,2852.1,LINE_MODE_10,14.2,Clear
90239614,2020-01-02,13:37:34,Import,DE,PORT_80,GG,842199,3Z5L1PO,Y03WKJU,1786.4,308.0,316.994,LINE_MODE_40,60.0,Clear
79755031,2020-01-02,11:26:31,Import,GB,PORT_40,UG,852329,2D2MYTA,46C5OXJ,144800.77,5.3,5.542,LINE_MODE_10,10.9,Clear
90985933,2020-01-02,00:20:13,Import,US,PORT_40,KR,830250,LMC03UW,B1875BL,126.7,1.0,1.045,LINE_MODE_40,4.2,Clear
29121654,2020-01-02,17:44:54,Import,CN,PORT_62,FJ,850490,N2WHDTJ,20P79IP,104965.5,435.0,439.002,LINE_2SP9SH,46.8,Clear
39996759,2020-01-02,17:36:39,Import,CN,PORT_13,NO,650691,BMH6J4M,1QSWF8K,194567.76,597.2,586.271,LINE_MODE_10,34.6,Clear
65153144,2020-01-02,21:49:44,Import,TW,PORT_20,HN,854239,0LICM7E,IU5QO7Q,522.5,12.5,12.678,LINE_MODE_10,56.1,Clear
55355481,2020-01-02,05:07:21,Import,CN,PORT_40,FJ,391990,HXRYQ4U,V4Z5Z2K,3.0,30.0,27.063,LINE_MODE_10,23.1,Low Risk
37082229,2020-01-02,02:01:09,Import,CN,PORT_20,BR,392690,30TFI2G,LICIJAN,108.0,180.0,204.091,LINE_MODE_10,44.9,Low Risk
13844785,2020-01-02,19:26:25,Import,CN,PORT_40,LR,871200,5VOMCFU,U0867HI,1676759.75,4953.5,5965.203,LINE_VZIZJJ,92.4,Low Risk
70709940,2020-01-02,21:39:00,Import,DE,PORT_30,IL,841940,DMW06JW,F5O2DK0,266362.46,154.7,157.206,LINE_MODE_40,51.4,Clear
51502279,2020-01-02,00:15:19,Import,TH,PORT_20,BR,392062,V7AX5I3,57M3YAH,299886.1,20681.8,21130.595,LINE_EIZP3I,61.0,Clear
48433537,2020-01-02,14:37:37,Import,CN,PORT_40,CA,902490,GG8BN7J,0FWK4FA,2911.5,15.0,15.64,LINE_EIZP3I,74.9,Clear
27142667,2020-01-02,05:09:47,Import,CN,PORT_40,PY,611011,HW96MLB,Y7GUHAF,188.79,0.7,0.719,LINE_W6UCD9,59.0,Clear
20824144,2020-01-02,09:33:04,Import,TW,PORT_40,BR,848190,BGXLMKK,V7U393R,87.8,2.0,2.028,LINE_MODE_10,56.1,Clear
48809614,2020-01-02,17:17:34,Import,MY,PORT_40,HU,370130,HK4G0IL,B2R58DL,138142.4,44.0,45.285,LINE_MODE_10,66.0,Clear
66009718,2020-01-02,01:29:58,Import,CN,PORT_20,RS,940169,L26HSGE,OAXQLRN,116890.4,1628.0,1590.882,LINE_MODE_10,31.6,Clear
33127022,2020-01-02,04:29:02,Import,CN,PORT_30,ES,940490,IITU56C,KGLU4BG,13349.49,577.9,592.463,LINE_MODE_10,63.3,Clear
32069865,2020-01-02,15:17:45,Import,CN,PORT_20,PY,630622,5PE4M24,A7POIBB,7140.0,1020.0,914.44,LINE_MODE_40,25.2,Low Risk
62040320,2020-01-02,22:45:20,Import,VN,PORT_13,CR,230990,HJAXBP3,96QVZP3,3252600.0,46800.0,48026.16,LINE_MODE_10,64.0,Clear
15851969,2020-01-02,02:03:29,Import,JP,PORT_20,SV,390290,F3LYP3T,U8M4Z4C,840480.0,2400.0,2464.08,LINE_MODE_10,64.3,Clear
26796424,2020-01-02,04:31:04,Import,TH,PORT_30,LV,392062,TP13DDU,UQHMADE,299886.1,20681.8,20148.21,LINE_MODE_10,29.7,Clear
32843831,2020-01-02,23:13:11,Import,KR,PORT_40,JP,847790,YHZF1M5,ZX33IL2,8080.2,67.0,71.979,LINE_MODE_10,8.6,Low Risk
46259371,2020-01-02,07:05:31,Import,CN,PORT_39,CA,620640,8OK2G0F,NWB76BS,687.6,36.0,35.125,LINE_988GCP,30.7,Clear
36201135,2020-01-02,04:52:15,Import,CN,PORT_20,ES,392690,C778XGM,BVU01MU,30.6,51.0,50.679,LINE_MODE_10,42.5,Clear
15655053,2020-01-02,08:25:33,Import,CN,PORT_30,PG,720221,FM24UMT,OMBWJUK,7572000.0,20000.0,19694.0,LINE_MODE_10,36.6,Clear
37204442,2020-01-02,13:06:02,Import,VN,PORT_40,GN,620292,H3KPREH,5VUE8VT,710446.68,505.8,513.488,LINE_MODE_40,50.7,Clear
30390132,2020-01-02,08:54:12,Import,US,PORT_20,TT,903010,YPAL7B4,26DPZC6,27030.64,2.6,2.653,LINE_MODE_10,60.0,Clear
34512418,2020-01-02,00:14:58,Import,CN,PORT_40,MT,950300,HESM5N3,R3UQ8GB,333041.58,4978.2,5113.607,LINE_VZIZJJ,58.6,Clear
74483829,2020-01-02,07:21:09,Import,TH,PORT_20,UZ,210690,3UGLL4I,5LPVHRD,5882250.0,46500.0,46346.55,LINE_MODE_10,44.5,Clear
17476981,2020-01-02,01:59:01,Import,DE,PORT_40,BR,121190,30EZMVX,69RSNY6,18.12,0.3,0.306,LINE_MWIDNS,54.4,Clear
65912175,2020-01-02,17:56:15,Import,CN,PORT_40,NG,940180,E808G5S,LP6EWRR,7257.84,6048.2,5889.132,LINE_MODE_10,29.3,Clear
91007101,2020-01-02,11:01:01,Import,CN,PORT_20,IL,650500,YC583OE,XE2UJGU,732.6,198.0,190.219,LINE_MODE_10,20.8,Clear
54007502,2020-01-02,04:37:02,Import,CN,PORT_20,BR,940540,HZ768MN,1XUHGU5,26368.0,2560.0,2808.422,LINE_MWIDNS,36.2,Low Risk
80451343,2020-01-02,08:03:43,Import,CN,PORT_20,MN,620442,1F28A1Z,XXPRVGD,11660.0,200.0,197.94,LINE_MODE_10,39.9,Clear
65531568,2020-01-02,00:00:48,Import,FI,PORT_30,EC,681182,TQEVPHY,Z2JP4ZG,1070.0,10.0,10.022,LINE_MODE_10,48.1,Clear
88467426,2020-01-02,13:53:06,Import,GB,PORT_30,PG,382200,1OQ5SZB,VO9L3NH,917.43,0.3,0.307,LINE_MODE_10,62.0,Clear
29537685,2020-01-02,11:54:45,Import,CN,PORT_20,PL,071080,J986ETI,V7P5ZIU,2694147.0,11010.0,10665.387,LINE_MODE_10,26.0,Clear
43802671,2020-01-02,16:40:31,Import,CA,PORT_40,FJ,870324,1UP3S1C,6WQKYWD,15540.8,1766.0,1840.737,LINE_W6UCD9,99.5,Low Risk
23304760,2020-01-02,12:12:40,Import,US,PORT_20,UG,481149,9AG8233,I6HZCKT,11690.0,700.0,704.34,LINE_MODE_10,50.8,Clear
41792613,2020-01-02,04:51:33,Import,IT,PORT_20,CL,420292,2TSD24C,W5WQQV8,0.6,1.0,1.005,LINE_MODE_40,43.8,Clear
64496769,2020-01-02,21:10:09,Import,CN,PORT_16,ES,841459,O64BOMR,YN3O2G6,609591.0,9510.0,9763.917,LINE_MODE_40,58.3,Clear
99343212,2020-01-02,18:32:12,Import,CN,PORT_16,TT,732690,LDUEBK6,8PDKYER,99.0,66.0,64.693,LINE_MODE_10,33.6,Clear
99562790,2020-01-02,07:39:50,Import,SE,PORT_40,RS,901839,MQF0P6B,BCTIFJS,1630.5,5.0,5.206,LINE_MODE_40,67.9,Clear
58095731,2020-01-02,09:38:11,Import,JP,PORT_40,BG,950631,MQ8UVBH,7G104PH,12975.0,30.0,29.871,LINE_MODE_40,37.9,Clear
72377348,2020-01-02,22:57:08,Import,CN,PORT_40,CR,950300,KZQQLLU,YZLV2C4,196480.0,1600.0,1619.52,LINE_77BN4M,48.7,Clear
38958183,2020-01-02,23:31:03,Import,JP,PORT_20,TT,392690,TJ0SUA2,E0OSKO6,0.3,0.5,0.485,LINE_MODE_10,26.7,Clear
26613376,2020-01-02,04:52:16,Import,CN,PORT_40,RS,611030,L47OGO7,MU7NSIW,5837.12,62.9,62.787,LINE_MWIDNS,39.5,Clear
46835605,2020-01-02,19:33:25,Import,CH,PORT_20,IR,910219,S0XK6J5,X3S3PP4,315.54,0.1,0.101,LINE_MODE_10,52.4,Clear
37738859,2020-01-02,07:44:59,Import,CN,PORT_30,ZZ,901910,OT1NUHM,REPR4IS,946.4,182.0,187.769,LINE_MODE_40,61.6,Clear
48558371,2020-01-02,08:22:11,Import,ID,PORT_20,SV,401699,K69MR49,H40BV8D,126428.5,6985.0,6815.264,LINE_MODE_10,30.7,Clear
93938093,2020-01-02,23:02:53,Import,DE,PORT_40,PY,842199,U71WUN6,6QOKZS1,319.0,55.0,53.058,LINE_MODE_40,17.4,Clear
93098019,2020-01-02,19:57:39,Import,TH,PORT_20,IL,853641,64IKMJ1,OZB7KED,16053.75,1284.3,1222.268,LINE_MODE_10,14.8,Clear
79556341,2020-01-02,06:15:01,Import,CN,PORT_20,MN,091011,VZ8JFY8,39N2UXR,4512000.0,24000.0,24976.8,LINE_MODE_10,73.6,Clear
78991990,2020-01-02,18:53:10,Import,JP,PORT_20,KE,350691,OS43ICR,HV1AB1L,310.22,0.2,0.208,LINE_MODE_10,73.9,Clear
27310746,2020-01-02,01:55:06,Import,CN,PORT_40,SD,392690,CGN27K6,P9HG2N4,302.4,504.0,485.453,LINE_MODE_40,16.4,Clear
92210701,2020-01-02,17:21:01,Import,VN,PORT_20,PL,845150,PMEDQJ8,E44MM7Y,601200.0,1800.0,1729.26,LINE_MODE_10,20.8,Clear
19036276,2020-01-02,00:07:16,Import,NL,PORT_40,OM,392690,3GQAOA4,7TKBH6M,18.96,0.6,0.629,LINE_MODE_40,6.5,Clear
55100851,2020-01-02,07:03:31,Import,CN,PORT_20,CR,071080,S2VGP2T,8QESJW5,31824000.0,120000.0,124284.0,LINE_MODE_10,70.3,Clear
39065187,2020-01-02,15:38:27,Import,CN,PORT_20,RS,210390,KYY9NKU,AVOO0AW,486000.0,18000.0,17418.6,LINE_MODE_40,19.4,Clear
21827031,2020-01-02,13:39:51,Import,US,PORT_20,MT,330499,C2NJUKR,LX077P8,43447.71,162.3,169.717,LINE_W6UCD9,10.9,Clear
26076545,2020-01-02,19:49:05,Import,IT,PORT_40,NG,640399,2Z2POPJ,MSX9L0Y,1257.0,5.0,5.194,LINE_MODE_40,66.2,Clear
27008836,2020-01-02,06:43:16,Import,CN,PORT_40,MN,382499,5C2RPY6,DH4O31M,125000.0,10000.0,9038.6,LINE_MODE_10,21.7,Low Risk
55933132,2020-01-02,02:50:52,Import,SG,PORT_40,BG,732690,M1KRMOQ,LSITAA8,0.6,0.4,0.408,LINE_MODE_10,60.0,Clear
43497534,2020-01-02,03:02:54,Import,FR,PORT_20,MG,300630,KHZY7FK,QXPOJKV,1097.02,0.2,0.181,LINE_MODE_10,22.3,Low Risk
74776612,2020-01-02,05:08:52,Import,CN,PORT_40,WS,540761,E0BIR2P,PF1L1IG,16722.2,691.0,677.318,LINE_MODE_40,27.6,Clear
14935873,2020-01-02,15:19:13,Import,CN,PORT_120,ZZ,293139,L31A15G,584WE73,870300.0,1500.0,1462.05,LINE_KJ8YGQ,30.0,Clear
89262639,2020-01-02,14:34:39,Import,CN,PORT_40,CA,610910,5KVVCF1,5PDPMM1,624.0,40.0,42.717,LINE_MODE_40,115.8,Low Risk
42185163,2020-01-02,03:54:03,Import,CN,PORT_40,HU,940161,BSUHCD2,HV1AB1L,83797.6,5513.0,5401.086,LINE_MODE_40,27.3,Clear
55295049,2020-01-02,01:08:09,Import,CN,PORT_40,MT,070320,MV2TS4B,2162JQU,11649600.0,48000.0,47361.6,LINE_MODE_10,37.9,Clear
15510874,2020-01-02,19:38:34,Import,ES,PORT_30,PG,711311,ZG0M4ST,0XNKP0S,29.05,0.1,0.114,LINE_MODE_10,46.8,Low Risk
92700589,2020-01-02,14:13:49,Import,CN,PORT_40,LV,960310,JKWLP5F,7J9O5M7,8100.0,20.0,20.334,LINE_MODE_40,51.7,Clear
44059036,2020-01-02,06:53:16,Import,JP,PORT_16,LR,711719,IIX3C8X,CCZWU53,15.6,0.5,0.452,LINE_MODE_10,21.7,Low Risk
38614674,2020-01-02,02:41:54,Import,CN,PORT_16,GG,391810,PWNE9N4,6LCB8O7,21117753.6,108019.2,123340.643,LINE_MODE_10,46.8,Low Risk
73148389,2020-01-02,15:03:49,Import,CN,PORT_13,CA,551512,M5KYBBQ,BDHIVEX,1007.5,775.0,787.942,LINE_MODE_10,57.7,Clear
69898565,2020-01-02,20:36:05,Import,IT,PORT_40,JP,392410,GVRV184,8Y1PKR0,83.86,59.9,61.619,LINE_MODE_10,65.6,Clear
35185413,2020-01-02,09:31:33,Import,US,PORT_20,BR,382200,2Q61RC8,GFE4F5Y,20007.0,5.0,5.023,LINE_MODE_40,43.8,Clear
81166116,2020-01-02,15:44:36,Import,KR,PORT_30,OM,730721,ABC5TTW,6Y7C50F,2210.0,34.0,35.575,LINE_MODE_10,108.1,Low Risk
60596783,2020-01-02,07:34:23,Import,CN,PORT_20,BG,850511,H8JRSLI,MHL4F2V,5399.2,34.0,32.97,LINE_MODE_10,26.7,Clear
97788341,2020-01-02,01:21:41,Import,CN,PORT_20,MN,071080,P1TZXEU,UQT91IP,14073600.0,48000.0,49953.6,LINE_MODE_10,73.6,Clear
82390812,2020-01-02,13:32:12,Import,CN,PORT_16,HN,392690,E970KIJ,GGEFVY8,270.0,450.0,441.09,LINE_MODE_10,33.6,Clear
17795503,2020-01-02,03:39:43,Import,JP,PORT_140,PL,390710,SOJIKWS,YHJZ6P7,66898.0,332.0,335.22,LINE_MODE_10,53.1,Clear
43947541,2020-01-02,18:55:01,Import,CN,PORT_30,LB,071080,9ISMYBS,R4ZGF06,25194000.0,95000.0,101300.4,LINE_MODE_40,114.8,Low Risk
77786590,2020-01-02,12:03:10,Import,CN,PORT_30,MN,900211,EKTUG9G,RZM2Z77,2518.14,0.3,0.312,LINE_MODE_10,73.9,Clear
73776041,2020-01-02,07:16:41,Import,RU,PORT_20,ZZ,400231,O6A9WFE,3AUYF9E,196669620.0,204120.0,202221.684,LINE_MODE_10,40.6,Clear
82760341,2020-01-02,08:15:01,Import,US,PORT_30,OM,390230,BNKZU99,QU5WXTF,715400.0,3500.0,3642.45,LINE_MODE_10,73.6,Clear
34402386,2020-01-02,03:49:06,Import,CN,PORT_30,GU,850440,GGYZ5JZ,0IYY5O6,5907.8,27.1,28.271,LINE_MODE_10,75.2,Clear
11945430,2020-01-02,00:10:30,Import,CN,PORT_20,AT,620453,COVEFBY,3T5GEL3,2280.0,57.0,58.208,LINE_MODE_10,60.7,Clear
84170957,2020-01-02,04:21:17,Import,CN,PORT_40,IR,460211,O3T6YR6,INKZ5TX,1244.4,3.0,3.161,LINE_MODE_10,112.6,Low Risk
14511374,2020-01-02,04:40:14,Import,DE,PORT_20,PY,940389,FT3RAPQ,EBAHJLA,128.44,16.9,17.731,LINE_MODE_10,13.2,Clear
24359899,2020-01-02,08:42:19,Import,TW,PORT_20,NG,853340,AI1JGDK,37OCYAL,2302.5,1.0,1.182,LINE_MODE_10,56.3,Low Risk
86232348,2020-01-02,18:13:48,Import,JP,PORT_40,SV,950631,AV73P2C,0LWHLAN,25085.0,58.0,58.708,LINE_MWIDNS,48.7,Clear
10957814,2020-01-02,01:34:14,Import,RU,PORT_40,ZZ,210690,J37IKI5,DWNJQL8,82882.8,655.2,686.597,LINE_MWIDNS,103.1,Low Risk
54764652,2020-01-02,11:36:12,Import,CN,PORT_12,MG,392690,7TXA94X,GTTZC39,141984.0,1160.0,1054.974,LINE_B12OMY,11.0,Low Risk
29865321,2020-01-02,04:31:21,Import,JP,PORT_40,TH,880330,GSRPMYQ,ZBFN1VW,141492.78,59.8,56.852,LINE_MODE_40,8.2,Clear
40101451,2020-01-02,16:33:31,Import,NL,PORT_20,ZZ,851810,LASEQ2U,1CN7YRL,709.6,4.0,4.143,LINE_MODE_10,70.3,Clear
37260544,2020-01-02,07:13:04,Import,DE,PORT_20,NG,870323,ETFXTYP,S68QCAE,20127.5,2075.0,2468.918,LINE_MODE_10,93.8,Low Risk
23751881,2020-01-02,07:40:41,Import,US,PORT_10,CA,732690,D37MMAC,0H0CD3P,1.5,1.0,0.971,LINE_MODE_10,27.4,Clear
49200345,2020-01-02,13:45:45,Import,CN,PORT_121,UZ,700719,2GP42KA,O9KP52G,745.6,32.0,33.238,LINE_MODE_10,72.2,Clear
78420622,2020-01-02,15:22:22,Import,CN,PORT_13,HN,200899,N3BAC1Z,H1NXRII,961605.0,22950.0,23528.34,LINE_EIZP3I,63.3,Clear
93225831,2020-01-02,22:39:51,Import,GB,PORT_20,GN,701400,VHKN6JF,X89KW4V,21231.0,4.5,4.706,LINE_MODE_10,10.9,Clear
31625754,2020-01-02,13:19:54,Import,JP,PORT_20,LV,610910,P1Z8YE9,YRBDV0L,18.72,1.2,1.151,LINE_MODE_40,13.8,Clear
58991766,2020-01-02,14:12:06,Import,KR,PORT_80,SI,852869,NPFGI4O,RCUOKCG,7989.0,30.0,27.431,LINE_LC6XBR,13.0,Low Risk
10681065,2020-01-02,17:57:45,Import,TW,PORT_13,ES,853710,ZCP3HAI,4WSXDSK,51.6,2.0,1.793,LINE_MODE_10,31.2,Low Risk
84376314,2020-01-02,10:15:54,Import,CN,PORT_30,ES,620462,P8TSNHG,EKQ44YE,841.8,6.0,5.875,LINE_MODE_10,33.0,Clear
48281246,2020-01-02,20:23:26,Import,JP,PORT_40,GG,854370,H27ZHR5,REPR4IS,73529.4,250.1,253.401,LINE_MODE_10,55.4,Clear
23294817,2020-01-02,12:58:57,Import,CN,PORT_30,KR,070690,EC2A9OK,5VHPPAP,490960.0,1700.0,1704.59,LINE_MODE_10,48.5,Clear
51745607,2020-01-02,11:18:47,Import,KR,PORT_20,IL,390799,GHABQIR,1VRR8DV,19562.5,625.0,569.506,LINE_MODE_10,15.6,Low Risk
33812925,2020-01-02,15:28:45,Import,CN,PORT_30,OM,831000,PEJIV28,1NYE9WJ,62096.9,613.0,642.853,LINE_MODE_10,12.8,Clear
90009033,2020-01-02,18:18:33,Import,CZ,PORT_40,CA,853690,V9QJCEU,TBYU8IT,1545.46,8.3,8.256,LINE_MODE_10,43.2,Clear
84181532,2020-01-02,04:17:32,Import,CN,PORT_20,DJ,760692,52V8T8F,3EVLVZQ,13220623.8,19177.0,19564.375,LINE_MODE_10,60.0,Clear
79899680,2020-01-02,23:41:20,Import,CN,PORT_20,OM,620640,ZMZCHLV,4BJHN79,171.9,9.0,9.416,LINE_MODE_10,11.2,Clear
43855359,2020-01-02,17:26:39,Import,CN,PORT_30,UZ,621220,30IRK3W,9JRW3LC,27780.0,150.0,147.255,LINE_MODE_40,28.6,Clear
62289056,2020-01-02,13:26:56,Import,KR,PORT_16,AT,853710,B4CSXED,6WOOZSN,152.22,5.9,5.653,LINE_MODE_10,19.1,Clear
22097948,2020-01-02,00:27:08,Import,CN,PORT_12,FJ,392690,JMNZG20,GFV6951,24.48,40.8,48.284,LINE_MODE_10,56.7,Low Risk
84586715,2020-01-02,06:38:35,Import,TH,PORT_40,PL,691200,XAI29G0,902LILY,83525.02,827.8,830.863,LINE_MODE_40,43.1,Clear
55821771,2020-01-02,20:38:51,Import,DE,PORT_40,RS,680430,OPEXSZZ,67JQL56,618.1,7.0,6.83,LINE_MODE_10,30.7,Clear
92413517,2020-01-02,13:57:17,Import,GB,PORT_13,MG,621420,STESSHT,AA99GQK,1254.0,11.0,10.48,LINE_MWIDNS,9.5,Clear
29406412,2020-01-02,18:18:52,Import,IT,PORT_30,DJ,691390,CJ5H6X5,2PTXT45,27111.0,2582.0,2312.078,LINE_MODE_10,32.4,Low Risk
90076906,2020-01-02,07:37:46,Import,GB,PORT_131,FJ,220300,MUQ0FWO,4840UHS,1597.2,6.0,5.899,LINE_MODE_40,29.6,Clear
86170627,2020-01-02,15:09:07,Import,US,PORT_40,UZ,292121,2U8BLA7,LA199B6,9769968.0,9360.0,9806.472,LINE_MODE_10,12.2,Clear
21855508,2020-01-02,10:26:28,Import,CN,PORT_20,SD,850440,1ZNY80M,BBSMXYJ,15718.0,580.0,598.676,LINE_MODE_10,67.9,Clear
30569491,2020-01-02,16:47:31,Import,CN,PORT_40,HN,850519,TA0OJMW,T92NP86,1133.6,26.0,31.061,LINE_W6UCD9,95.3,Low Risk
94759552,2020-01-02,15:57:52,Import,CN,PORT_30,BG,940540,7QZWAW1,WA1B6MU,51.5,5.0,5.051,LINE_MODE_40,47.4,Clear
23331378,2020-01-02,19:44:18,Import,KR,PORT_20,NO,848690,SDHPMEN,TSKBFXJ,18336.0,32.0,34.455,LINE_MODE_50,5.5,Low Risk
28215396,2020-01-02,11:12:36,Import,CN,PORT_20,PG,854370,V8504BG,CSJ76A5,8.8,4.0,3.953,LINE_MODE_40,32.9,Clear
90331145,2020-01-02,12:19:05,Import,TH,PORT_30,HU,560391,7RZ1GGF,I72VWHG,243363.32,2810.2,2918.955,LINE_MODE_10,72.2,Clear
84906093,2020-01-02,20:49:33,Import,CN,PORT_20,HU,391890,D7D6GN8,DV61O8W,464.1,357.0,344.398,LINE_MODE_10,23.4,Clear
78224743,2020-01-02,13:33:43,Import,ID,PORT_20,UZ,401699,ZZVKMLD,9UP4MN8,126428.5,6985.0,6913.054,LINE_MODE_10,39.9,Clear
96607064,2020-01-02,23:01:44,Import,AU,PORT_16,PL,330499,0LK7J58,C0Q9IQC,17970.29,100.9,96.279,LINE_EIZP3I,10.5,Clear
84290152,2020-01-02,19:47:52,Import,CN,PORT_20,OM,960350,CKDMVA5,FG66YE1,63252.0,210.0,212.142,LINE_MODE_10,53.4,Clear
12607138,2020-01-02,11:26:58,Import,JP,PORT_20,TT,870340,414VU6J,I7YSPVY,10965040.0,1640.0,1586.208,LINE_MODE_10,25.0,Clear
85089225,2020-01-02,06:53:45,Import,CN,PORT_40,NO,482090,S95RAMD,OA2DR8O,1909.0,46.0,59.609,LINE_MODE_40,114.7,Critical
36460631,2020-01-02,11:53:11,Import,PL,PORT_40,LV,610990,HEUWBPW,5V7SNRW,622.2,3.0,3.137,LINE_MODE_40,4.9,Clear
44394688,2020-01-02,03:19:28,Import,CN,PORT_30,BA,821520,CGN97KB,6UFXB0N,426405.0,1050.0,1094.31,LINE_MODE_10,74.5,Clear
64642906,2020-01-02,22:37:46,Import,JP,PORT_20,HN,846693,7NM3239,2OQZJ37,431.94,13.8,13.568,LINE_MODE_10,35.6,Clear
24213348,2020-01-02,22:43:48,Import,BW,PORT_20,IR,710231,MTMOGMM,584WE73,371604.69,0.1,0.101,LINE_MODE_40,48.7,Clear
20174676,2020-01-02,01:40:36,Import,KR,PORT_10,BG,620469,66SGXCN,IWSDF6W,1916.8,4.0,4.073,LINE_MODE_10,10.1,Low Risk
43189016,2020-01-02,19:52:56,Import,CN,PORT_20,RS,851821,9KQBFDU,OLE92T7,390.0,30.0,29.346,LINE_MODE_10,32.3,Clear
85470631,2020-01-02,07:06:31,Import,BD,PORT_20,OM,610910,KWPWA4D,Z64QME2,109722.6,7033.5,7354.931,LINE_MODE_10,10.9,Clear
40135903,2020-01-02,09:19:43,Import,CN,PORT_30,OM,392690,TAIDJF6,1DWRP58,20.34,33.9,34.229,LINE_MODE_10,53.1,Clear
48232526,2020-01-02,22:51:26,Import,US,PORT_40,LV,901832,5C7NES7,86EQFBX,1357.08,4.3,4.185,LINE_MODE_40,23.0,Clear
73208902,2020-01-02,07:40:22,Import,IN,PORT_20,BA,853120,0FWF6T5,SHOW6QB,1636.7,2.6,2.852,LINE_MODE_10,36.2,Low Risk
26531862,2020-01-02,07:09:42,Import,CN,PORT_16,DJ,620630,4C6HKFI,W155IEF,8619.0,39.0,39.203,LINE_5V1OQR,50.1,Clear
51094986,2020-01-02,16:39:06,Import,CN,PORT_30,GU,670290,S3ZBMRH,5B17QOR,14727.51,506.1,527.964,LINE_MODE_10,75.2,Clear
27011547,2020-01-02,19:24:27,Import,MY,PORT_20,BG,850870,M31ALET,818J1DT,756.56,9.8,10.829,LINE_W6UCD9,32.1,Low Risk
77015642,2020-01-02,23:46:02,Import,CN,PORT_40,SV,950300,4643MYS,PUSWJI5,10575.6,84.0,85.277,LINE_EIZP3I,50.7,Clear
76891913,2020-01-02,03:59:53,Import,CN,PORT_41,JP,820590,D9O1GBD,OQGDWWP,256.8,4.0,3.819,LINE_MODE_40,10.8,Clear
57443469,2020-01-02,17:55:09,Import,CN,PORT_40,SD,291570,FS9CIUS,MJS3DUQ,8351.95,0.5,0.488,LINE_MWIDNS,25.3,Clear
99983786,2020-01-02,10:12:26,Import,CN,PORT_20,CA,860900,S9HPE7A,GU7LTCL,3042.0,260.0,271.232,LINE_MODE_10,75.2,Clear
17145583,2020-01-02,07:07:43,Import,US,PORT_40,GU,847989,SAD6I5L,OQY4ZUC,5428.5,2585.0,2506.674,LINE_MODE_40,20.7,Clear
88332449,2020-01-02,15:31:29,Import,VN,PORT_40,PG,630790,ZOTO4JM,7A58KST,8.74,3.8,3.749,LINE_MODE_40,31.9,Clear
58710148,2020-01-02,23:50:28,Import,JP,PORT_13,NG,310100,X0RGKP1,9TP2GES,206400.0,6000.0,6073.2,LINE_MODE_10,54.7,Clear
32424192,2020-01-02,01:55:12,Import,CN,PORT_30,WS,620463,R91R3MT,TVT2OXL,6580.0,100.0,99.02,LINE_MODE_10,40.2,Clear
91707442,2020-01-02,06:09:22,Import,CN,PORT_40,IL,392690,ALS1ANL,PF1L1IG,144.0,240.0,243.648,LINE_MWIDNS,50.7,Clear
48105176,2020-01-02,17:28:56,Import,CN,PORT_20,JP,870899,AABBL65,GLV0FEA,315.0,45.0,51.239,LINE_MODE_40,40.0,Low Risk
89117728,2020-01-02,10:23:28,Import,LB,PORT_10,HU,760200,SVC4RKJ,7I7DD3F,270872.0,27640.0,28253.608,LINE_MODE_40,55.3,Clear
48536614,2020-01-02,05:27:34,Import,JP,PORT_20,MN,382590,CT4P9GH,1VRR8DV,9672.0,1860.0,1914.312,LINE_MODE_10,66.0,Clear
44066821,2020-01-02,12:03:01,Import,NL,PORT_20,AM,010619,I4KZXAF,H3MBN3A,3312992.0,320.0,320.224,LINE_MODE_10,47.2,Clear
28077352,2020-01-02,13:07:52,Import,JP,PORT_10,GG,871410,W5UV7W8,PALC9H5,2654.1,27.0,27.275,LINE_MODE_10,53.4,Clear
30036648,2020-01-02,04:18:48,Import,CN,PORT_40,AT,630790,W70HNG8,Z2I27J4,12.65,5.5,5.292,LINE_MODE_40,15.7,Clear
63616168,2020-01-02,14:37:28,Import,IT,PORT_20,FJ,640399,9GY5EGD,1VRR8DV,452.52,1.8,1.804,LINE_MODE_10,48.1,Clear
16604624,2020-01-02,00:07:44,Import,MY,PORT_40,DJ,854110,ZD1VF2O,XE14BM6,5790.9,58.2,52.36,LINE_MODE_40,21.8,Low Risk
38335000,2020-01-02,03:16:40,Import,CN,PORT_30,SD,611030,B4CSXED,P4S65J3,1299.2,14.0,13.807,LINE_MODE_10,37.6,Clear
10467487,2020-01-02,22:30:07,Import,EE,PORT_40,KR,440910,1OLM1E6,0OD711C,15295430.0,61700.0,62792.09,LINE_MODE_10,58.4,Clear
92144635,2020-01-03,15:23:55,Import,TW,PORT_30,GU,950300,T248XWP,PQHBOD5,58.8,98.0,104.97,LINE_MODE_10,73.5,Low Risk
14809441,2020-01-03,09:00:01,Import,TW,PORT_40,BA,851762,17PXB26,4VQJR65,24485.49,0.9,1.003,LINE_H35Z1A,34.3,Low Risk
20176543,2020-01-03,17:03:43,Import,US,PORT_20,KR,732690,DTBL7MH,V7U393R,1.65,1.1,1.089,LINE_MODE_10,39.9,Clear
46105133,2020-01-03,00:06:53,Import,DE,PORT_40,HN,300490,ANR8FQL,67R6AK9,22240.0,80.0,83.576,LINE_A5IT1U,4.2,Clear
73143749,2020-01-03,00:26:29,Import,CN,PORT_30,BR,560749,AFIOC3F,1DWRP58,184.0,2.0,2.073,LINE_MODE_40,64.9,Clear
97103775,2020-01-03,02:16:15,Import,CN,PORT_20,CA,842230,H8JRSLI,52EEJFQ,1400.6,47.0,45.764,LINE_MODE_10,29.3,Clear
70318088,2020-01-03,22:56:08,Import,CN,PORT_20,MT,621430,1UVRL3Y,E6PSKLI,9621.0,90.0,93.798,LINE_MODE_10,74.5,Clear
67924555,2020-01-03,07:35:55,Import,US,PORT_20,PY,490199,XHV11Q2,7JUUMOF,14.76,4.1,4.033,LINE_MODE_40,29.9,Clear
73255665,2020-01-03,07:47:45,Import,IT,PORT_40,IR,854460,W512Z31,G9NJANK,5341833.5,1985.0,1779.572,LINE_MODE_40,25.2,Low Risk
95329118,2020-01-03,12:26:38,Import,CN,PORT_20,CL,291990,A0SQ37Q,LTMCLCO,66864000.0,80000.0,78176.0,LINE_MODE_10,31.6,Clear
47897240,2020-01-03,22:07:20,Import,JP,PORT_40,HU,490290,QBIH1EB,IWSDF6W,187.32,0.3,0.29,LINE_MODE_10,24.4,Clear
14394398,2020-01-03,02:34:38,Import,US,PORT_40,SV,940540,PPSJGCS,BXMTYM2,59.74,5.8,6.016,LINE_MODE_40,65.2,Clear
26835591,2020-01-03,04:55:51,Import,SK,PORT_40,BG,180690,V4QWYCI,PZUJ0PF,3690.0,20.0,18.112,LINE_MODE_40,14.2,Low Risk
53805030,2020-01-03,03:50:30,Import,CN,PORT_40,FJ,830610,BES92ZL,8AUO3AT,27410.2,62.0,63.314,LINE_MODE_40,54.7,Clear
17352633,2020-01-03,11:58:33,Import,TW,PORT_30,BA,290539,FNU2PV2,6PJNE6G,4064000.0,16000.0,15915.2,LINE_MODE_10,43.2,Clear
33444563,2020-01-03,05:17:23,Import,CN,PORT_30,SI,911490,XCRQXOK,23RIU88,329.6,16.0,15.675,LINE_MODE_10,33.3,Clear
76409975,2020-01-03,11:19:35,Import,PL,PORT_30,UG,940490,U11YGMA,EE250R0,2797.41,121.1,117.915,LINE_MODE_10,29.3,Clear
65478982,2020-01-03,20:28:22,Import,CN,PORT_40,JP,392690,PY5GV7G,VMC3S6R,4.2,7.0,7.316,LINE_MODE_10,10.5,Clear
44904565,2020-01-03,11:09:25,Import,CN,PORT_40,IL,420292,5IPYRXS,9AU45GN,828.0,1380.0,1419.606,LINE_MODE_40,59.6,Clear
80341420,2020-01-03,19:43:40,Import,CN,PORT_40,IR,853650,ZA552GP,OJSCAW7,3074.4,252.0,246.002,LINE_EIZP3I,25.0,Clear
63787515,2020-01-03,07:45:15,Import,CN,PORT_20,GN,071080,6XKEQIG,EFJR7PT,14073600.0,48000.0,48177.6,LINE_MODE_10,49.1,Clear
93798909,2020-01-03,20:39:09,Import,IT,PORT_20,WS,220299,F8LKAA7,7CAQKTO,999339.12,15421.9,14754.132,LINE_MODE_40,12.1,Clear
36618722,2020-01-03,18:24:02,Import,CN,PORT_20,NO,854390,H6TIJBY,WBQKENF,33904.92,1873.2,1826.745,LINE_MODE_10,30.3,Clear
95462959,2020-01-03,19:33:19,Import,CN,PORT_21,PY,281121,NSO2KFH,6MT71FG,3105423.36,16588.8,16285.225,LINE_MAD31N,28.6,Clear
82250704,2020-01-03,16:29:04,Import,CN,PORT_20,UZ,620469,EVN40SJ,T49KX8D,335.44,0.7,0.724,LINE_MODE_10,69.3,Clear
49232341,2020-01-03,22:55:01,Import,CN,PORT_30,UG,392690,GKVI35P,P75IAMO,61.2,102.0,106.151,LINE_MODE_10,73.6,Clear
66329066,2020-01-03,13:40:26,Import,KR,PORT_30,BR,848210,EEQGYJQ,C0VTB1Z,8.19,0.3,0.301,LINE_MODE_40,42.8,Clear
31347148,2020-01-03,23:00:28,Import,US,PORT_40,SV,392690,CX8LOPF,DWNJQL8,1.8,3.0,3.037,LINE_MODE_40,48.7,Clear
36222091,2020-01-03,18:57:31,Import,CN,PORT_20,IL,640299,9FDNQWE,7PN0VA5,118528.4,1153.0,1377.42,LINE_MODE_10,95.3,Low Risk
18148187,2020-01-03,10:41:47,Import,CO,PORT_20,ES,060312,P12ECLQ,W5WQQV8,65560.0,50.0,48.385,LINE_VZIZJJ,19.4,Clear
45784881,2020-01-03,10:37:21,Import,IT,PORT_40,GG,420221,NKD4MGK,MNPLCHZ,1386.0,45.0,43.682,LINE_MODE_10,27.4,Clear
21219698,2020-01-03,06:29:38,Import,CN,PORT_40,TH,120190,4LXL03W,4LLCH3T,8580000.0,20000.0,19744.0,LINE_MODE_40,32.2,Clear
16316084,2020-01-03,03:58:44,Import,CN,PORT_40,PY,851770,PT98SSF,9SZTR8D,111.06,0.6,0.643,LINE_W6UCD9,67.8,Low Risk
96837367,2020-01-03,22:08:07,Import,PH,PORT_40,AM,853939,VPJEDVV,L2SX065,23315.2,32.0,31.286,LINE_MODE_40,26.0,Clear
47215882,2020-01-03,15:23:22,Import,CN,PORT_40,FJ,640192,EVV1CFG,3BNTRKZ,301755.2,452.0,449.83,LINE_MODE_40,37.5,Clear
63846467,2020-01-03,00:39:47,Import,US,PORT_20,MG,470720,P9O480R,L2SX065,2534553.2,32831.0,33740.419,LINE_MODE_10,65.0,Clear
10967019,2020-01-03,13:47:39,Import,US,PORT_30,EC,253090,XUFYI6X,FYYNMB9,18360.0,612.0,582.44,LINE_MODE_10,14.8,Clear
65694383,2020-01-03,07:34:23,Import,CN,PORT_40,TH,950300,SEQG8MG,PIO268D,77604.0,1160.0,1124.852,LINE_MODE_40,20.7,Clear
80483668,2020-01-03,00:02:28,Import,CN,PORT_20,IL,620892,1GI3ZG9,7YVV2EU,826.0,10.0,9.151,LINE_MODE_10,12.4,Low Risk
21300918,2020-01-03,03:43:18,Import,CN,PORT_30,NO,700719,SOO5K5K,MN6GUJK,104.85,4.5,4.397,LINE_MODE_10,31.6,Clear
41054204,2020-01-03,11:40:44,Import,KR,PORT_40,KZ,720410,0MDP1LN,0KYIOTQ,138128.0,14240.0,15576.282,LINE_MODE_10,35.4,Low Risk
44899332,2020-01-03,15:14:12,Import,CN,PORT_20,BG,070310,ZAGEEFD,IN763PF,1136400.0,12000.0,12242.4,LINE_MODE_10,60.0,Clear
87612160,2020-01-03,11:22:40,Import,DE,PORT_40,OM,870899,LMCLCME,AFYKNKR,71.4,10.2,10.263,LINE_MODE_40,44.8,Clear
74111719,2020-01-03,16:39:19,Import,IT,PORT_23,TH,732690,M3TTHJ4,BU3MEX3,300.0,200.0,200.34,LINE_MODE_50,43.8,Clear
30885481,2020-01-03,02:34:01,Import,CN,PORT_20,PG,640291,F6874AN,YDJDL79,415450.4,1262.0,1225.023,LINE_MODE_10,27.4,Clear
14270176,2020-01-03,16:12:16,Import,US,PORT_30,MG,640299,MXK5ZVH,64431AT,1201.05,4.5,5.82,LINE_MODE_10,119.8,Critical
29052183,2020-01-03,15:51:03,Import,TH,PORT_40,UG,030751,8QRFOJL,RGS85YY,8046.0,3.0,2.909,LINE_MODE_40,20.7,Clear
55482855,2020-01-03,16:54:15,Import,JP,PORT_20,EC,320890,NZS7IF6,BVU01MU,812664.84,2432.4,2566.474,LINE_MODE_10,113.7,Low Risk
20853959,2020-01-03,09:29:59,Import,IN,PORT_13,AM,350400,6BSNH2Y,67F0O6D,1474120.0,400.0,392.68,LINE_MODE_10,34.6,Clear
74101037,2020-01-03,15:09:17,Import,CN,PORT_20,KR,630790,P4JZFV9,UNCISOP,289.8,126.0,125.08,LINE_MODE_40,35.9,Clear
52092452,2020-01-03,10:39:32,Import,CN,PORT_39,MT,070310,LGPOEPF,V6A1WBG,2272800.0,24000.0,23044.8,LINE_VZIZJJ,14.4,Clear
41190664,2020-01-03,18:55:04,Import,CN,PORT_20,BR,300510,488Z71H,30KWO4D,1025329.5,663.0,605.757,LINE_MODE_10,13.6,Low Risk
38679712,2020-01-03,06:13:52,Import,CN,PORT_10,NO,611030,XMVP2OB,SS29G39,61712.0,665.0,697.931,LINE_MODE_10,110.1,Low Risk
49404961,2020-01-03,10:52:01,Import,JP,PORT_40,GN,620343,KY6DLPY,9HLWQO6,434.72,2.2,2.268,LINE_EIZP3I,61.0,Clear
44290528,2020-01-03,14:23:28,Import,CN,PORT_56,NG,851762,J2TXALG,BW2K6ZS,957.53,0.7,0.716,LINE_LC6XBR,55.3,Clear
73453349,2020-01-03,14:26:29,Import,CN,PORT_41,BR,230310,GVX9234,ZQ5VJ3S,4970000.0,50000.0,51835.0,LINE_MODE_10,70.9,Clear
30354658,2020-01-03,13:18:58,Import,CN,PORT_40,NG,950300,YQP2SA7,Z64QME2,45362.32,369.4,372.06,LINE_MODE_40,45.4,Clear
98361527,2020-01-03,16:10:47,Import,CN,PORT_40,MT,670210,USZKXON,CZXGQEJ,20059.0,7715.0,8772.264,LINE_W6UCD9,45.7,Low Risk
12474680,2020-01-03,22:31:20,Import,GB,PORT_40,LB,701400,FTCY5U1,4KM1XJD,21231.0,4.5,4.708,LINE_MODE_40,5.2,Clear
70376112,2020-01-03,08:07:12,Import,TW,PORT_40,FJ,850152,CPRKW7S,KJUQKOC,298.92,21.2,21.84,LINE_MODE_40,60.6,Clear
52282463,2020-01-03,18:02:23,Import,CN,PORT_13,CL,844399,4RL6DKJ,L8H4Y78,2660.0,40.0,41.949,LINE_I4FFXR,109.6,Low Risk
66690742,2020-01-03,21:04:22,Import,BA,PORT_30,GU,621149,UYM9MVA,ZU3599W,261.2,2.0,1.812,LINE_MODE_40,13.9,Low Risk
34373341,2020-01-03,23:25:01,Import,IE,PORT_40,JP,382499,YBBG8OD,ZZPCNEC,19985.0,1598.8,1663.871,LINE_H35Z1A,67.6,Clear
42320973,2020-01-03,23:37:33,Import,CN,PORT_39,GG,391810,KTISDC6,JZLMP6Q,4745.0,50.0,52.036,LINE_MODE_10,104.5,Low Risk
38618961,2020-01-03,04:05:21,Import,US,PORT_20,MT,853710,MNY8XSB,ZYZ8542,15.48,0.6,0.618,LINE_FIE6KV,61.0,Clear
21183143,2020-01-03,19:20:23,Import,DE,PORT_62,CL,870340,1IDNEDO,FUIKBJ6,3537275.0,2050.0,2028.885,LINE_MODE_10,39.9,Clear
34066690,2020-01-03,07:38:10,Import,JP,PORT_20,BA,848690,TVIMF51,1DAO67Z,6899.2,14.0,13.877,LINE_MODE_10,40.9,Clear
40795408,2020-01-03,11:31:28,Import,CN,PORT_33,BR,853890,X1FP5YG,F2SD6OI,46756.17,141.3,138.785,LINE_MODE_10,34.9,Clear
17348426,2020-01-03,07:56:26,Import,RO,PORT_40,FJ,420231,5P44PNC,RV8UVD7,1248.7,1.0,1.023,LINE_MWIDNS,56.0,Clear
72518694,2020-01-03,08:28:54,Import,CA,PORT_20,TT,853710,EPIIL7G,QQCZLLU,769069.65,2559.3,2531.66,LINE_MODE_10,39.6,Clear
48727617,2020-01-03,13:38:57,Import,CN,PORT_20,HN,621710,4YYQLMO,8FQMKT5,7.5,5.0,5.014,LINE_MODE_10,48.5,Clear
88186439,2020-01-03,08:57:59,Import,CN,PORT_40,BR,702000,URF2YG7,UR5KXFP,4280.0,100.0,106.792,LINE_W6UCD9,115.8,Low Risk
38083516,2020-01-03,11:01:16,Import,CN,PORT_30,UG,950790,N22SE2Z,HGOZVPV,2904.0,120.0,125.558,LINE_MWIDNS,102.1,Low Risk
80270017,2020-01-03,18:05:37,Import,JP,PORT_20,GN,330499,I9O7ECO,WJDBGJ1,1338.5,5.0,5.014,LINE_MODE_10,48.5,Clear
97010856,2020-01-03,05:03:36,Import,US,PORT_40,BR,847160,FKI38G6,ZNA4205,1920.98,13.9,13.319,LINE_MODE_40,13.1,Clear
43450942,2020-01-03,21:34:22,Import,DE,PORT_20,JP,870332,S43PZ2R,9056PRZ,10308614.4,1776.0,1714.195,LINE_MODE_10,23.7,Clear
75263350,2020-01-03,07:09:10,Import,CN,PORT_20,MN,321310,ANR8FQL,9UP4MN8,218587.6,6644.0,5552.789,LINE_MODE_10,18.9,Critical
11343784,2020-01-03,08:07:04,Import,CN,PORT_40,KR,902580,3TPN032,OZB7KED,57570.38,32.2,36.252,LINE_W6UCD9,37.0,Low Risk
99724341,2020-01-03,13:48:21,Import,CN,PORT_40,RS,392690,EZ2NVHR,AP43H42,6.0,10.0,10.663,LINE_MWIDNS,114.8,Low Risk
30401386,2020-01-03,07:05:46,Import,CN,PORT_16,WS,392690,VYMPHU3,2J22LO0,79.5,132.5,138.224,LINE_MODE_10,75.2,Clear
22746704,2020-01-03,10:15:44,Import,CN,PORT_16,IR,854370,8LI0YX1,D2KXK7Z,5007780.0,1800.0,1861.56,LINE_MODE_40,63.3,Clear
25933971,2020-01-03,06:28:51,Import,CN,PORT_40,BA,560311,EZAQHIU,584WE73,19320.0,100.0,97.57,LINE_MODE_10,30.7,Clear
92308827,2020-01-03,21:32:27,Import,CN,PORT_40,PL,600621,V0UTN69,XE14BM6,3739.5,15.0,15.716,LINE_MODE_40,6.2,Clear
45914717,2020-01-03,01:37:17,Import,US,PORT_30,IR,621149,2ECFR8P,NGQTKZ0,130.6,1.0,0.953,LINE_MODE_40,9.5,Clear
39997723,2020-01-03,22:56:43,Import,CN,PORT_20,BA,321290,V5XGXT2,IRVP0EW,7393230.0,12780.0,12776.166,LINE_MODE_10,46.5,Clear
67397768,2020-01-03,03:44:08,Import,CN,PORT_40,EC,848320,PVXH6XX,PF1L1IG,3185.5,5.0,5.011,LINE_MODE_40,42.1,Clear
55295708,2020-01-03,06:03:08,Import,CN,PORT_20,AT,871680,3WDK65Q,TNBC1SB,104897.1,4389.0,4530.326,LINE_MODE_10,67.9,Clear
68926358,2020-01-03,22:20:38,Import,DE,PORT_16,MG,902750,ZVF9SKN,51PVQF9,184096.8,108.0,98.448,LINE_MODE_10,15.3,Low Risk
98768529,2020-01-03,21:06:09,Import,VN,PORT_62,SI,030389,7WN32S6,6RJ73N8,728611.2,3888.0,4183.177,LINE_MODE_50,5.2,Low Risk
53665802,2020-01-03,01:42:02,Import,IL,PORT_40,PL,170260,Q3XFI0F,530LFCI,9553950.0,18900.0,19565.28,LINE_MODE_40,63.9,Clear
27769522,2020-01-03,21:37:22,Import,CN,PORT_20,LB,620462,RS1056O,U3EY1VG,14030.0,100.0,97.52,LINE_MODE_10,30.3,Clear
13561370,2020-01-03,02:22:50,Import,CA,PORT_30,AT,970300,138KM8T,XDHNXJT,550.0,10.0,9.512,LINE_MODE_10,14.5,Clear
94362439,2020-01-03,01:51:19,Import,DE,PORT_40,CA,870332,MUMWHS0,IS1YATG,10308614.4,1776.0,1850.059,LINE_MWIDNS,68.2,Clear
40307197,2020-01-03,09:18:37,Import,CN,PORT_20,GG,732690,H7EJVG8,41W8AHR,1.5,1.0,1.185,LINE_MODE_40,51.1,Low Risk
14578348,2020-01-03,21:00:28,Import,CN,PORT_20,TH,854442,PAK8E37,7FXU7LM,56.81,1.9,1.923,LINE_MODE_10,54.7,Clear
98052257,2020-01-03,00:16:17,Import,US,PORT_20,DJ,720890,RQKL0U3,6VO7JPR,295848.0,2348.0,2098.431,LINE_MODE_40,28.3,Low Risk
51658849,2020-01-03,17:44:49,Import,CN,PORT_20,GN,851712,LM2WHLI,H7G7RL6,43618200.0,3000.0,2960.1,LINE_MODE_10,37.9,Clear
46017138,2020-01-03,09:20:18,Import,CN,PORT_20,PG,950490,OOQSBKL,OPHEOYO,1467.75,28.5,25.78,LINE_MODE_10,21.1,Low Risk
64115119,2020-01-03,15:49:19,Import,CN,PORT_20,NG,071080,HS68S6Z,74I92YB,26520000.0,100000.0,100170.0,LINE_MODE_10,47.8,Clear
85229923,2020-01-03,11:26:43,Import,CN,PORT_39,CL,711719,AOFDT3U,HHP9YCV,312.0,10.0,9.997,LINE_VZIZJJ,40.5,Clear
35882915,2020-01-03,05:48:35,Import,CN,PORT_20,HN,121190,T2X45B6,F4RJ458,163080.0,2700.0,2709.99,LINE_MODE_10,49.1,Clear
64148409,2020-01-03,04:24:09,Import,JP,PORT_10,MN,392330,LDWHUFW,3L4N43S,48.48,4.8,4.832,LINE_W6UCD9,47.1,Clear
23972747,2020-01-03,04:37:47,Import,JP,PORT_16,LR,848790,PS93ZDU,J65XC6Z,477.6,1.0,0.988,LINE_MODE_10,38.6,Clear
33987698,2020-01-04,17:09:38,Import,CN,PORT_20,GN,630710,KDFEUV4,IAYRECO,56800.0,8000.0,7897.6,LINE_MODE_10,38.2,Clear
39756329,2020-01-04,18:09:29,Import,CH,PORT_30,AM,847990,ZS3SNS5,ZIEW69Y,1410399.3,6249.0,6540.828,LINE_MODE_40,5.5,Clear
79435996,2020-01-04,01:49:16,Import,CN,PORT_20,LR,610832,A43RAKG,DIRZ642,174812.24,346.3,342.214,LINE_MODE_10,38.9,Clear
47195087,2020-01-04,11:16:47,Import,VN,PORT_33,UG,853400,HS68S6Z,G08G1SQ,68.2,2.2,2.239,LINE_MODE_50,54.4,Clear
94359915,2020-01-04,12:05:15,Import,CN,PORT_20,SD,120799,U96B9MG,7WZLDU4,35512650.0,47700.0,47876.49,LINE_MODE_40,43.1,Clear
33155803,2020-01-04,10:24:43,Import,CA,PORT_40,NO,120190,JW050ZI,DE68XNG,44279215.0,158650.0,152256.405,LINE_MODE_10,20.1,Clear
86497916,2020-01-04,14:07:56,Import,CN,PORT_40,SV,392610,708A72F,O9BOQPF,359.73,2.1,2.159,LINE_MODE_10,65.3,Clear
65292912,2020-01-04,12:07:12,Import,IL,PORT_40,PY,900190,BJB9V1T,UX4NJ8S,36.12,0.4,0.412,LINE_H35Z1A,66.6,Clear
39796703,2020-01-04,13:46:23,Import,DE,PORT_20,RS,691390,D2D2PYB,OA2DR8O,24.15,2.3,2.322,LINE_MODE_10,53.1,Clear
79355417,2020-01-04,22:42:17,Import,CN,PORT_16,PY,071080,SEFR2W3,A2N40WL,7183400.0,24500.0,24566.15,LINE_MODE_10,48.5,Clear
73695249,2020-01-04,16:18:09,Import,DE,PORT_20,PG,870830,9F3QJHL,JTNY3VW,611865.6,5952.0,5872.838,LINE_MODE_10,37.9,Clear
12827065,2020-01-04,00:44:25,Import,CN,PORT_20,LB,950631,7T8RJ42,VPTCMWE,14705.0,34.0,33.276,LINE_MODE_40,26.6,Clear
52210778,2020-01-04,07:07:38,Import,CH,PORT_62,CR,850990,V8XLCEA,IIWKQTD,3.22,1.4,1.466,LINE_BYQQ2F,5.8,Clear
61395455,2020-01-05,16:37:35,Import,PK,PORT_30,NG,901849,51SH41B,Q76GSBR,65340.0,150.0,155.055,LINE_MODE_10,68.9,Clear
84393073,2020-01-05,04:59:13,Import,CN,PORT_40,BA,294190,Z19EZE9,WKHBNJB,759.03,0.1,0.097,LINE_XBN95M,24.0,Clear
70687235,2020-01-05,17:40:35,Import,US,PORT_30,NO,850440,7DWBR9U,06UC9UN,2529.96,5.8,6.053,LINE_MODE_10,75.5,Clear
69373231,2020-01-05,23:36:31,Import,CA,PORT_20,EC,470790,A8OA6KX,CRN9KR0,592800.0,76000.0,79473.2,LINE_MODE_10,10.9,Clear
59485908,2020-01-05,12:39:48,Import,PR,PORT_20,IL,901839,YLY7WIH,GQYT6GB,356.5,2.5,2.58,LINE_MODE_40,61.9,Clear
65920127,2020-01-05,04:40:47,Import,CN,PORT_40,IL,320411,Q6JBF3M,I65WF9G,651525.0,1750.0,1745.975,LINE_MODE_10,45.2,Clear
56184246,2020-01-05,10:20:06,Import,CH,PORT_30,MT,901850,CPY0O19,V3N2APV,3197.28,0.6,0.608,LINE_MODE_10,55.4,Clear
54409623,2020-01-05,11:35:03,Import,JP,PORT_41,UZ,390440,M3CVDBZ,G2Y1HV8,3965010.0,23900.0,25087.83,LINE_OY910J,9.5,Clear
54732257,2020-01-05,06:56:17,Import,DE,PORT_40,NO,940360,W5M1HP6,EA7FKZ3,681.6,96.0,85.796,LINE_MODE_10,34.3,Low Risk
61266020,2020-01-05,03:40:20,Import,CN,PORT_16,UG,621710,2PFPAVE,CK29GEY,180.0,120.0,107.791,LINE_MODE_10,29.3,Low Risk
44725348,2020-01-05,11:10:28,Import,CN,PORT_10,MT,071190,B9OUTCW,PFZ71IL,2502400.0,34000.0,34414.8,LINE_MODE_50,50.7,Clear
87281600,2020-01-05,18:13:20,Import,JP,PORT_20,LV,960830,N808ZK0,E3HZLCE,5797.0,10.0,9.862,LINE_MODE_40,31.6,Clear
74011039,2020-01-05,20:41:19,Import,CN,PORT_13,EC,070320,CGYT6GN,ODW2L91,5824800.0,24000.0,25630.08,LINE_MODE_10,121.8,Low Risk
78682427,2020-01-05,17:45:47,Import,CN,PORT_30,ZZ,640299,74BUTSY,FWI4OC7,40835.7,153.0,160.298,LINE_MODE_40,6.2,Clear
65890927,2020-01-05,09:54:07,Import,KR,PORT_30,CR,900120,7GQ4J6F,MM2STTN,896.22,2.6,2.594,LINE_MODE_40,39.2,Clear
88374724,2020-01-05,17:36:04,Import,RU,PORT_10,CR,270111,PRCHNGI,9B08URL,630810000.0,16300000.0,16694460.0,LINE_MODE_10,62.7,Clear
88776339,2020-01-05,03:29:39,Import,CN,PORT_30,JP,854370,QB63PP8,7R46TCK,380.52,15.1,14.975,LINE_MODE_30,37.2,Clear
95616652,2020-01-05,10:02:52,Import,CN,PORT_40,UZ,611596,0JEG678,99ZG2WK,1112.52,76.2,73.167,LINE_MODE_40,14.4,Clear
48560343,2020-01-05,18:47:03,Import,KR,PORT_30,HU,901812,Z603EM8,S16GKIV,4748.5,1.0,0.99,LINE_MODE_40,33.9,Clear
22403367,2020-01-06,23:21:27,Import,CN,PORT_30,SI,847180,R6PB354,IXONETF,2862.92,3.8,3.409,LINE_MODE_10,30.5,Low Risk
24601692,2020-01-06,09:00:12,Import,IT,PORT_20,MT,853710,FT54KKZ,1DFQU9H,636606.0,180.0,191.794,LINE_MODE_40,114.3,Low Risk
61600943,2020-01-06,06:30:23,Import,CN,PORT_20,UZ,611780,N775WEM,HATEZM8,7552.0,118.0,116.785,LINE_MODE_10,39.9,Clear
10808195,2020-01-06,00:36:35,Import,CN,PORT_20,MT,392310,FX18CFK,2QGMN6N,0.64,0.2,0.193,LINE_MWIDNS,22.7,Clear
53765873,2020-01-06,12:05:53,Import,CN,PORT_14,CR,841459,WF24276,QVWM9ZU,23204.2,362.0,291.794,LINE_MODE_10,40.0,Critical
73735220,2020-01-06,03:20:20,Import,CN,PORT_40,MG,391190,S5NMKYO,KWWYNXR,7095000.0,17200.0,16790.64,LINE_MODE_10,31.0,Clear
98874535,2020-01-06,16:48:55,Import,CN,PORT_40,AM,640299,UMB4N64,4YNG3MB,2669.0,10.0,9.937,LINE_MODE_10,42.5,Clear
75047786,2020-01-06,03:32:26,Import,CN,PORT_40,TH,850440,JDFIERP,LHHSM96,2181.0,5.0,5.352,LINE_MODE_10,87.4,Low Risk
90767388,2020-01-06,13:57:48,Import,SK,PORT_20,GU,820559,LUECPT8,XUR1GYY,2096.5,119.8,134.109,LINE_MODE_10,41.5,Low Risk
11267025,2020-01-06,04:43:45,Import,CN,PORT_20,LB,391690,3BFUK83,VVFLVNF,982273.95,1096.9,1250.729,LINE_MODE_10,46.4,Low Risk
69132398,2020-01-06,15:34:38,Import,CN,PORT_40,NO,950670,QD86XU7,43MSLZK,358530.0,570.0,591.204,LINE_MODE_10,71.2,Clear
51010701,2020-01-06,02:14:21,Import,US,PORT_40,MT,810890,BMUEU6V,1VV0DY9,617589.0,210.0,201.747,LINE_MODE_10,20.8,Clear
17577906,2020-01-06,18:21:06,Import,CN,PORT_30,BG,392690,NCZMDTX,YTDLKQI,141984.0,1160.0,1036.298,LINE_MODE_40,28.6,Low Risk
24441403,2020-01-06,21:44:43,Import,CN,PORT_33,RS,252520,TV5N0YB,Z9NWUE5,4071000.0,30000.0,28791.0,LINE_MODE_40,14.1,Clear
75470606,2020-01-06,12:59:26,Import,CN,PORT_40,MT,851762,NKE45NQ,UM0A3XS,63.84,0.7,0.723,LINE_MODE_10,68.6,Clear
26412064,2020-01-06,01:45:04,Import,CN,PORT_40,DJ,732189,1ST6R17,8HJMI9Z,8550.0,500.0,477.1,LINE_MODE_40,10.5,Clear
69720614,2020-01-06,04:34:14,Import,CN,PORT_40,SD,392640,JZUMDAD,RZM2Z77,7.02,1.8,1.853,LINE_MODE_40,60.0,Clear
60815918,2020-01-06,01:26:38,Import,CN,PORT_20,GG,950699,2QL9CAP,GFVFFGL,51109.8,849.0,829.643,LINE_MODE_10,31.6,Clear
43262253,2020-01-06,13:05:33,Import,HU,PORT_40,PL,841459,EMK8NJ5,UNCISOP,32.05,0.5,0.492,LINE_MODE_10,36.6,Clear
51893192,2020-01-06,15:18:32,Import,CN,PORT_20,BR,340590,AGYJXK2,ESXC0VA,13370.5,85.0,94.608,LINE_77BN4M,40.0,Low Risk
86841405,2020-01-06,17:36:45,Import,TW,PORT_40,MG,390690,ZNOKRZT,Y9H9POV,325920.0,5600.0,5648.72,LINE_MODE_40,46.4,Clear
34368201,2020-01-06,07:19:21,Import,CN,PORT_30,GU,071080,3GBOOWX,DV61O8W,1326000.0,5000.0,5053.5,LINE_MODE_10,53.8,Clear
43502794,2020-01-06,03:10:34,Import,KR,PORT_40,ZZ,590390,JDYKXA6,DCNCHEK,144552.24,4489.2,4665.177,LINE_MODE_40,66.6,Clear
49241212,2020-01-06,23:58:52,Import,CN,PORT_20,MN,401699,LH8Q1WL,0FN66PF,35077.8,1938.0,1735.401,LINE_MODE_10,32.4,Low Risk
75312706,2020-01-06,18:27:46,Import,CN,PORT_40,NG,420292,MVT99X6,T92NP86,828.0,1380.0,1356.816,LINE_MODE_40,29.6,Clear
73849772,2020-01-06,06:21:32,Import,NL,PORT_33,MG,853710,C71QWW2,AUPGABD,601.0,2.0,2.0,LINE_MODE_10,46.8,Clear
19198712,2020-01-06,05:30:32,Import,VN,PORT_20,GG,853400,C15EYER,P5KJOIV,160217.5,95.0,97.869,LINE_MODE_40,60.6,Clear
93793978,2020-01-06,03:20:58,Import,CN,PORT_40,HU,071080,9Z2H1D6,2FZMZJH,15912000.0,60000.0,62832.0,LINE_MODE_10,11.8,Clear
15657278,2020-01-06,17:22:38,Import,JP,PORT_30,LR,847480,2X3D9AP,VIV9J0N,22623.6,17.0,16.952,LINE_MODE_10,44.8,Clear
67637098,2020-01-06,09:32:58,Import,CN,PORT_20,FJ,490199,EZDRBIB,26JHGAT,1085.4,6.7,7.393,LINE_MODE_10,37.7,Low Risk
98794104,2020-01-06,17:12:24,Import,US,PORT_10,HU,200931,J4HE1D5,CHCPKIS,1034280.0,1800.0,1861.56,LINE_MODE_10,69.3,Clear
99552271,2020-01-06,22:40:31,Import,CN,PORT_40,OM,440890,IA65996,KWWYNXR,36025753.5,17985.0,18447.214,LINE_MWIDNS,57.7,Clear
27999217,2020-01-06,02:25:37,Import,CN,PORT_40,GN,902830,7P7XOD4,73Q1QQE,83500.0,125.0,125.337,LINE_VZIZJJ,42.5,Clear
48251471,2020-01-06,07:07:11,Import,NI,PORT_20,CL,630790,FSSTFL5,7J9YYY7,690.0,300.0,312.696,LINE_MODE_10,105.5,Low Risk
91529570,2020-01-06,20:12:50,Import,JP,PORT_40,LV,392620,G7Y6O4H,7PN0VA5,1892.0,40.0,38.048,LINE_MODE_40,8.5,Clear
65816938,2020-01-06,07:56:58,Import,CN,PORT_16,MN,392690,WGMVYON,22A36WL,14.64,24.4,23.6,LINE_MODE_10,25.0,Clear
94688477,2020-01-06,05:53:17,Import,MM,PORT_16,BA,620293,GSU69M8,ODFBJ7P,367022.88,4854.8,4372.767,LINE_MODE_90,20.3,Low Risk
32496572,2020-01-06,15:21:32,Import,CN,PORT_20,CL,071080,VS1F8PW,OCSVMK0,7036800.0,24000.0,24004.8,LINE_MODE_10,46.8,Clear
47489996,2020-01-06,18:35:56,Import,KR,PORT_40,BG,850300,AJEETSS,XGHLZ3E,1485.12,2.1,2.075,LINE_MODE_10,38.9,Clear
36286526,2020-01-06,08:31:26,Import,GB,PORT_30,AT,392099,PATH1MD,02HLI7F,6272.0,35.0,31.513,LINE_MODE_40,18.6,Low Risk
85990270,2020-01-06,10:51:10,Import,CN,PORT_39,RS,392640,FH5U2CT,J3IQ5Y8,705.9,181.0,181.217,LINE_MODE_40,41.5,Clear
69556009,2020-01-06,05:10:49,Import,US,PORT_20,BA,750890,WI0ONFF,OLLTQ28,1982.2,1.0,1.007,LINE_MODE_10,51.1,Clear
57203997,2020-01-06,04:11:57,Import,CN,PORT_30,BG,950691,MK7CEGQ,6DUFUK1,1904.0,140.0,165.906,LINE_MODE_10,57.1,Low Risk
29228936,2020-01-06,06:04:56,Import,VN,PORT_16,AT,481920,FBGJ3DT,QDA7QLN,42.0,70.0,71.274,LINE_MODE_10,58.7,Clear
12028171,2020-01-06,10:25:31,Import,US,PORT_20,PL,420299,1GZBEVE,BUSF98I,350.17,36.1,35.223,LINE_MODE_10,30.7,Clear
43371918,2020-01-06,22:33:18,Import,CN,PORT_40,TT,392690,GN564D7,TGINJXC,632.0,20.0,19.544,LINE_MODE_40,25.6,Clear
41899009,2020-01-06,02:40:49,Import,CN,PORT_40,MG,392690,ZMNHDL8,ZJRXYGF,110.4,184.0,185.233,LINE_MODE_10,51.1,Clear
77572421,2020-01-06,17:49:41,Import,IT,PORT_20,AM,940360,ZRC5L3Q,TYPPLMV,355.0,50.0,50.035,LINE_MODE_10,47.2,Clear
65224344,2020-01-06,20:16:24,Import,VN,PORT_33,IL,610910,IG4I3ZW,4K4PV9F,1240.2,79.5,94.592,LINE_MODE_40,87.8,Low Risk
81429191,2020-01-06,15:09:11,Import,JP,PORT_40,IR,340220,QDGZL8E,DWNJQL8,7600.0,200.0,193.14,LINE_MWIDNS,18.1,Clear
47490370,2020-01-06,16:26:10,Import,CN,PORT_30,IL,392330,FMNCBE7,XGQYKRL,454.5,45.0,42.804,LINE_MODE_10,14.5,Clear
73120694,2020-01-06,05:02:14,Import,IN,PORT_20,TT,842123,9RUY3WI,RZM2Z77,492460.8,2496.0,2469.043,LINE_MODE_40,33.6,Clear
97917372,2020-01-06,14:28:12,Import,CN,PORT_20,NO,071080,YLMDDPF,C75HQ6O,1856400.0,7000.0,7001.4,LINE_MODE_10,46.8,Clear
87364805,2020-01-06,08:20:05,Import,GB,PORT_40,LV,220870,G4K8BDH,6IV15GL,18936.0,120.0,121.044,LINE_MODE_10,52.4,Clear
19486293,2020-01-06,00:39:33,Import,CN,PORT_20,BA,392610,ARPX25X,58TMWK4,233824.5,1365.0,1316.816,LINE_MODE_10,23.4,Clear
95949293,2020-01-06,21:42:53,Import,CN,PORT_40,PL,848079,AELWR84,SRG4OGH,9230.0,650.0,627.055,LINE_MODE_10,23.4,Clear
82266693,2020-01-06,15:39:33,Import,GB,PORT_20,PL,847150,AWOL80N,7JUUMOF,1995.3,9.0,8.682,LINE_MODE_10,23.4,Clear
68555310,2020-01-06,21:08:30,Import,NZ,PORT_20,SI,350220,696WJYB,SQ5F10B,12627840.0,9600.0,9419.52,LINE_MODE_10,34.3,Clear
38631262,2020-01-06,02:46:22,Import,DE,PORT_20,SV,847160,1I4Z34P,16AKU04,151.36,8.6,8.645,LINE_MODE_10,50.1,Clear
75038745,2020-01-06,23:05:45,Import,CN,PORT_20,OM,940190,I6ZZMA2,BR4BBTT,7299.62,203.9,211.791,LINE_MODE_10,72.2,Clear
69152188,2020-01-06,12:24:28,Import,IT,PORT_30,BR,420221,TX7RN6O,8VVA71V,554.4,18.0,20.15,LINE_MODE_40,35.5,Low Risk
95553334,2020-01-06,09:39:34,Import,DE,PORT_16,MG,901920,Z5AD160,U4PXFYX,1790.75,0.5,0.485,LINE_MODE_40,20.4,Clear
97507612,2020-01-06,23:18:52,Import,CN,PORT_80,ZZ,340490,1SOR6LL,J8BDQH4,5967600.0,12000.0,11762.4,LINE_MWIDNS,33.6,Clear
13568709,2020-01-06,14:29:09,Import,CN,PORT_33,MT,620640,N969S0Q,2PNN1LA,651.31,34.1,32.623,LINE_MODE_10,18.1,Clear
53970404,2020-01-06,07:30:44,Import,CN,PORT_16,GG,620463,MM30K4Q,6PO6A1K,1546.3,23.5,23.129,LINE_MODE_40,30.3,Clear
38384933,2020-01-06,15:36:53,Import,DE,PORT_20,ES,382499,LNM0AUX,7UXMIRC,47250.0,3780.0,4054.882,LINE_MODE_10,8.0,Low Risk
55710329,2020-01-06,01:49:29,Import,CZ,PORT_40,DJ,440323,92X3AXX,2QRESAX,10164048.0,114460.0,119805.282,LINE_MODE_40,5.5,Clear
51614419,2020-01-06,19:24:19,Import,CN,PORT_40,CA,620821,L5P86AU,DWNJQL8,543.0,3.0,2.855,LINE_MODE_40,8.8,Clear
98550491,2020-01-06,23:04:11,Import,JP,PORT_40,ZZ,151800,3MZGXM1,1CJKNEM,15357909.0,81130.0,82403.741,LINE_MODE_10,57.1,Clear
58174369,2020-01-06,19:36:49,Import,JP,PORT_30,HU,847150,E236XBG,3YNTXOU,4101.45,18.5,18.994,LINE_MODE_40,58.3,Clear
91914467,2020-01-06,13:19:47,Import,US,PORT_20,LR,560312,SCB8TNM,ESJBS85,280007.04,2134.2,2193.317,LINE_MODE_50,61.0,Clear
70494695,2020-01-06,16:11:35,Import,JP,PORT_40,BG,210390,9UBMHV5,3U8ZYJU,1620.0,60.0,60.822,LINE_MODE_40,49.7,Clear
60955487,2020-01-06,01:36:47,Import,CN,PORT_20,MN,391910,Y7K2P0D,5ICCHNF,1641.25,131.3,157.697,LINE_MODE_40,91.3,Low Risk
40984583,2020-01-06,23:44:23,Import,CN,PORT_20,LB,680293,I8E3QYY,U5MOB1O,263520.0,24400.0,23660.68,LINE_MODE_10,26.7,Clear
28887027,2020-01-06,04:22:27,Import,VN,PORT_40,CA,650500,NI0BC3U,UNCISOP,118.4,32.0,33.526,LINE_MODE_40,6.2,Clear
45661849,2020-01-06,23:54:49,Import,CN,PORT_33,MN,420229,E7MGTOA,2OQZJ37,6000.0,150.0,148.005,LINE_MODE_40,31.9,Clear
85792720,2020-01-06,09:58:40,Import,CN,PORT_20,SI,340540,632PMSO,XNI2J29,1009400.0,1000.0,1043.12,LINE_MODE_10,106.0,Low Risk
97108428,2020-01-06,23:21:48,Import,CN,PORT_30,SI,950510,AUC3VAW,249LO7A,330209.1,3295.5,2969.443,LINE_W6UCD9,24.0,Low Risk
54278685,2020-01-06,20:24:45,Import,JP,PORT_20,PG,711719,P1HG15N,NZYZ967,744.28,9.2,8.912,LINE_MODE_40,20.0,Clear
35143786,2020-01-06,12:25:46,Import,IT,PORT_20,TH,420231,6CVCQ1P,FOSYTA1,2497.4,2.0,2.086,LINE_MODE_40,69.2,Clear
85458557,2020-01-06,18:01:17,Import,AE,PORT_40,HU,210690,VGD9C3S,JQT3R2K,37.95,0.3,0.31,LINE_MODE_40,62.3,Clear
59219841,2020-01-06,06:33:21,Import,DE,PORT_40,BA,391732,BK6UO0X,69Z0KLV,464.48,1.6,1.585,LINE_MODE_10,40.6,Clear
86880892,2020-01-06,07:26:52,Import,CN,PORT_40,ES,701349,8069BH4,8QOEWI1,20438.4,96.0,99.859,LINE_MODE_10,73.2,Clear
86217803,2020-01-06,08:31:23,Import,CN,PORT_30,NO,850750,W91PYW1,T5MCXQ2,1860.9,3.0,2.729,LINE_MODE_10,16.7,Low Risk
94036828,2020-01-06,12:48:28,Import,CN,PORT_39,WS,482010,BWV2VBP,5AC97MB,1.93,0.1,0.097,LINE_MODE_10,28.3,Clear
48116690,2020-01-06,01:04:50,Import,CN,PORT_20,AM,850440,TOOEFIB,41W8AHR,51884.0,238.0,265.665,LINE_MODE_10,40.7,Low Risk
19457037,2020-01-06,14:55:57,Import,VN,PORT_30,CL,611212,2ZAYKSK,GCPNHU7,5601283.2,4128.0,4097.866,LINE_MODE_10,41.9,Clear
12972138,2020-01-06,06:10:18,Import,JP,PORT_30,SD,291612,VMYQOE5,63S4PED,12920000.0,16000.0,15475.2,LINE_MODE_10,25.0,Clear
15571094,2020-01-06,03:02:14,Import,CN,PORT_30,MN,847180,66KN9IB,ZKTF3JA,15972.08,21.2,23.529,LINE_MODE_10,39.2,Low Risk
52499756,2020-01-06,18:11:56,Import,CN,PORT_40,MG,732490,X93RCW4,SDNLETA,42208.32,342.6,345.409,LINE_MWIDNS,46.1,Clear
12613907,2020-01-06,09:23:47,Import,JP,PORT_121,GG,711719,R3GSSYM,RBHC5EX,3.42,1.9,1.915,LINE_W6UCD9,51.8,Clear
40619937,2020-01-06,09:30:57,Import,JP,PORT_40,AT,830210,KAPOTF0,80S7A6S,711.18,16.2,17.326,LINE_MODE_40,116.8,Low Risk
94443173,2020-01-06,19:20:53,Import,DE,PORT_30,ES,850440,IS4169O,L2SX065,218.1,0.5,0.512,LINE_MODE_10,63.0,Clear
90388384,2020-01-06,12:57:04,Import,HU,PORT_20,SV,830990,EPIIL7G,23RIU88,76652.63,69.1,77.796,LINE_MODE_10,43.0,Low Risk
58605407,2020-01-06,20:48:47,Import,MY,PORT_13,SV,321490,X9QL4ZP,C8P9UW5,2472286.03,20482.9,19616.473,LINE_YNWUVP,18.8,Clear
93682515,2020-01-06,23:55:15,Import,CN,PORT_40,CR,960810,191PYC1,8PVT5ZY,26889.1,2513.0,2522.298,LINE_MODE_40,43.1,Clear
56200205,2020-01-06,07:30:05,Import,US,PORT_16,BG,732690,BLMTYER,NAY7DAZ,3.0,2.0,2.017,LINE_MODE_10,52.4,Clear
96488331,2020-01-06,04:54:51,Import,US,PORT_20,GG,853710,FKPMBX3,OE2JR3A,1262.1,4.2,4.749,LINE_MODE_10,44.1,Low Risk
45417187,2020-01-06,22:45:07,Import,CN,PORT_40,LV,854390,KZ017NA,LA175FB,977.4,54.0,48.827,LINE_MODE_40,15.4,Low Risk
42225665,2020-01-06,09:41:05,Import,CN,PORT_20,IL,870899,0QBKQW0,PB2ZRR6,560.0,80.0,71.721,LINE_MODE_10,31.2,Low Risk
33361097,2020-01-06,14:30:17,Import,CN,PORT_40,MN,846789,SMQDSXA,4QC013K,1760184.0,1080.0,1039.716,LINE_MODE_10,22.1,Clear
20846278,2020-01-06,08:05:58,Import,CN,PORT_30,UG,482190,D39JGPS,RKHR2IK,606.0,20.0,19.944,LINE_MODE_10,44.8,Clear
98022974,2020-01-06,10:20:14,Import,CN,PORT_20,DJ,901910,7SRYH6O,8OASP7C,665.6,128.0,134.298,LINE_MODE_40,7.2,Clear
83480374,2020-01-06,16:03:34,Import,CN,PORT_10,DJ,392690,8DMECVY,1DKOFDH,18.0,30.0,31.476,LINE_MODE_10,13.2,Clear
81886860,2020-01-06,06:21:00,Import,CN,PORT_20,GN,200811,X7S8OR4,LB1421N,667800.0,3000.0,2868.6,LINE_MODE_10,17.8,Clear
28232787,2020-01-06,06:38:27,Import,CN,PORT_30,SV,091011,PFEUYW2,2OQZJ37,4512000.0,24000.0,23224.8,LINE_MODE_10,25.4,Clear
23986018,2020-01-06,04:14:58,Import,CN,PORT_40,MT,160559,KAJKIQF,TZM515V,47121600.0,24000.0,24652.8,LINE_MODE_10,64.6,Clear
44735055,2020-01-06,07:24:15,Import,JP,PORT_20,IR,590390,OIDFF3V,BZLLPIN,2273.32,70.6,72.979,LINE_MODE_40,62.9,Clear
13460915,2020-01-06,09:28:35,Import,DE,PORT_20,SI,870323,7KGLWW5,KQN5R0O,20370.0,2100.0,2107.77,LINE_MODE_10,49.1,Clear
93924771,2020-01-06,12:48:51,Import,CN,PORT_40,PG,590310,QNHJ2S4,PF1L1IG,4304.0,40.0,39.028,LINE_MODE_40,24.7,Clear
86316263,2020-01-06,23:52:23,Import,CN,PORT_20,EC,960910,GQVBM58,20P79IP,20091.3,347.0,357.306,LINE_MODE_10,66.3,Clear
28131450,2020-01-06,12:17:30,Import,CN,PORT_20,FJ,560312,KZQQLLU,NPTBMDV,653507.2,4981.0,5036.787,LINE_MODE_10,54.1,Clear
63289878,2020-01-06,03:19:18,Import,US,PORT_40,SD,870324,KKOEWTV,B1B2YOM,16060.0,1825.0,1819.89,LINE_NKOQIL,44.8,Clear
86570073,2020-01-06,07:02:33,Import,US,PORT_30,BG,732690,TK95X5S,SOMS4EJ,3.0,2.0,1.949,LINE_MODE_10,30.0,Clear
94453722,2020-01-06,06:20:42,Import,CN,PORT_40,NO,847190,PCJHSM1,ZS710C6,8487.93,18.7,16.811,LINE_MODE_10,28.6,Low Risk
51719366,2020-01-06,23:25:26,Import,JP,PORT_20,EC,391000,5XUU4XV,PG2NVI4,196023.6,204.0,194.453,LINE_MODE_10,15.8,Clear
85652301,2020-01-06,16:54:21,Import,CN,PORT_20,WS,760711,59ZC463,2FZMZJH,3386331.2,7352.0,7063.066,LINE_MODE_10,20.8,Clear
43170815,2020-01-06,18:13:35,Import,CN,PORT_40,SV,392310,XD54EY2,PPV74V1,268.8,84.0,80.111,LINE_W6UCD9,10.1,Clear
45946935,2020-01-06,16:02:15,Import,CN,PORT_20,MT,732690,PL7Y2DQ,PF1L1IG,2688.3,1792.2,1780.909,LINE_MODE_10,42.5,Clear
84498498,2020-01-06,10:36:18,Import,CN,PORT_40,TH,560312,OPZ15EP,AX4CW6G,84886.4,647.0,713.926,LINE_MWIDNS,31.7,Low Risk
77350304,2020-01-06,01:55:44,Import,JP,PORT_20,NG,440799,W18N36J,UNCISOP,80301.0,2130.0,2202.846,LINE_MODE_10,69.3,Clear
46573818,2020-01-06,03:58:18,Import,US,PORT_33,DJ,390120,VFZI607,PF1L1IG,11840400.0,66000.0,67795.2,LINE_MODE_40,58.6,Clear
45708150,2020-01-06,02:42:30,Import,CN,PORT_20,CL,940560,YXDPU5O,MOUEHRE,145050.0,1500.0,1363.14,LINE_MODE_10,17.6,Low Risk
23507873,2020-01-06,07:05:53,Import,CN,PORT_20,RS,200599,PXURPAB,7RMBDCN,284100.0,3000.0,2924.1,LINE_MODE_10,30.0,Clear
73356415,2020-01-06,16:26:55,Import,VN,PORT_33,CR,640419,ONSZ6W0,E859KYY,268335.6,1002.0,915.838,LINE_MODE_10,13.3,Low Risk
76506613,2020-01-06,02:18:13,Import,JP,PORT_20,MG,848690,2ZAQHXZ,0ETQNWH,6899.2,14.0,14.066,LINE_MODE_10,49.8,Clear
21043640,2020-01-06,18:47:20,Import,CN,PORT_30,WS,621139,I2OP67N,GSGQ40Q,2223.76,3.8,3.44,LINE_MODE_40,14.5,Low Risk
70491798,2020-01-06,19:51:18,Import,CN,PORT_30,CR,853931,4XQ1RQC,V2KCOV7,9193490.64,8846.7,9175.797,LINE_MODE_10,71.2,Clear
49267121,2020-01-06,07:14:41,Import,CN,PORT_30,PG,854442,0JSXPN0,82R3EBG,8970.0,300.0,285.21,LINE_MODE_10,14.2,Clear
11737942,2020-01-06,04:24:22,Import,CN,PORT_20,HN,842230,H6DDPZF,M31P0RQ,1400.6,47.0,45.364,LINE_MODE_10,23.7,Clear
91792247,2020-01-06,15:22:47,Import,MX,PORT_20,BR,853669,4EHR4QW,H6OKKYO,14.02,0.2,0.208,LINE_MODE_10,71.6,Clear
59503406,2020-01-06,09:39:26,Import,CN,PORT_40,CR,940490,H2N59SS,HJ6TSKK,231.0,10.0,10.332,LINE_MODE_40,62.6,Clear
39472092,2020-01-06,03:40:12,Import,JP,PORT_30,SD,846729,82KPG0Y,NPKQ6XY,131554.48,134.9,140.323,LINE_MODE_40,67.2,Clear
83466907,2020-01-06,00:07:07,Import,JP,PORT_20,ES,950300,4WGYEGA,YGQ1ELO,1.32,2.2,2.217,LINE_MODE_10,51.8,Clear
95609944,2020-01-06,07:23:04,Import,CN,PORT_20,UZ,854442,2U2G1N7,UTNPOCA,687.7,23.0,23.327,LINE_MODE_40,50.1,Clear
66098024,2020-01-06,12:17:44,Import,US,PORT_20,TH,200811,RSO6QEN,8AZBNVI,12621.42,56.7,55.237,LINE_MODE_50,25.7,Clear
42009077,2020-01-06,20:43:17,Import,JP,PORT_16,NG,392350,J9ROZJL,F463TSU,45.6,6.0,5.404,LINE_MODE_40,18.3,Low Risk
24188033,2020-01-06,12:01:53,Import,CN,PORT_40,HN,630790,CGATIVA,N6FFLO5,736.0,320.0,318.304,LINE_MODE_10,43.2,Clear
17883591,2020-01-06,22:15:51,Import,JP,PORT_40,MN,340319,5P44PNC,DWNJQL8,935616.0,1920.0,1738.771,LINE_MODE_40,14.2,Low Risk
59166065,2020-01-06,03:21:05,Import,SK,PORT_40,PG,870350,7YG9JKH,ETKKUYX,30575875.8,2339.0,2289.179,LINE_MODE_40,26.6,Clear
51774059,2020-01-06,10:24:59,Import,JP,PORT_10,ZZ,851410,YW4NJJB,HHR9JIP,5795400.0,6500.0,6706.05,LINE_MODE_10,67.6,Clear
79359239,2020-01-06,04:57:59,Import,VN,PORT_20,AT,732399,R8IOJ7C,HLYJR44,87.52,1.6,1.667,LINE_MODE_10,74.2,Clear
89486201,2020-01-06,11:12:41,Import,DE,PORT_40,SV,850151,KH39Z8W,5JVKX6N,213.0,10.0,10.107,LINE_MODE_40,47.8,Clear
17720145,2020-01-06,05:15:45,Import,ES,PORT_20,HN,080510,U2PK219,HHR9JIP,6362763.4,19754.0,20518.48,LINE_MODE_40,66.2,Clear
35872214,2020-01-06,02:14:14,Import,US,PORT_40,SI,820420,O15NJO1,VIBGD9F,607.36,1.6,1.647,LINE_MODE_40,60.0,Clear
79830142,2020-01-06,06:54:22,Import,JP,PORT_30,KR,720449,MHMXI2W,B7ODDGY,2700621.0,1000230.0,965421.996,LINE_MODE_10,23.7,Clear
33500181,2020-01-06,02:12:21,Import,CN,PORT_20,WS,630231,4W9QXVX,FJW0GJJ,2682760.0,4700.0,4797.29,LINE_MODE_10,60.4,Clear
27527370,2020-01-06,12:29:30,Import,CN,PORT_40,HN,640520,1ZNY80M,XXOOUGQ,378.8,1.0,0.951,LINE_MODE_10,14.5,Clear
94770688,2020-01-06,12:39:28,Import,FR,PORT_20,GU,330499,LQIJ1I2,4U9QNHT,17810.0,100.0,104.22,LINE_MODE_10,74.5,Clear
78755466,2020-01-06,12:07:06,Import,CN,PORT_20,MN,420292,QGQCFQM,JZOJERU,300.0,500.0,577.32,LINE_MODE_10,49.8,Low Risk
29981694,2020-01-06,16:38:54,Import,US,PORT_40,AT,848690,6SMSLB9,GU7LTCL,10219.38,69.9,69.145,LINE_MODE_40,33.6,Clear
17409010,2020-01-06,04:30:10,Import,CN,PORT_20,AT,442110,SM0MRFA,VFZOUUJ,352575.24,2198.1,2266.681,LINE_MODE_40,61.3,Clear
30462415,2020-01-06,05:26:55,Import,CN,PORT_40,TT,852580,5RYZMVO,4YJMNDP,659477.94,270.3,257.785,LINE_MODE_40,10.1,Clear
22332773,2020-01-06,12:40:53,Import,KR,PORT_40,PY,330499,WSYPXUV,N4UQ2R6,53.54,0.2,0.205,LINE_MODE_10,63.0,Clear
86540798,2020-01-06,19:14:38,Import,VN,PORT_30,AT,845190,RI4OZLC,41W8AHR,168300.0,2200.0,2281.84,LINE_MODE_40,65.2,Clear
42594849,2020-01-06,17:18:09,Import,KH,PORT_20,ZZ,620520,J4TJI97,PPFLSOA,32739.48,411.3,405.83,LINE_MODE_10,37.9,Clear
99414434,2020-01-06,16:51:14,Import,US,PORT_20,GN,853710,BE697VZ,G4PRSTV,300.5,1.0,1.019,LINE_MODE_10,59.4,Clear
40399213,2020-01-06,20:28:13,Import,JP,PORT_20,GN,843149,WL4HQ2I,NPTBMDV,39090.0,300.0,301.41,LINE_MODE_10,49.8,Clear
25487584,2020-01-06,08:57:04,Import,DK,PORT_30,BG,848291,JJXR2GB,FF5DOMH,110.25,0.5,0.563,LINE_MODE_10,43.0,Low Risk
11644408,2020-01-06,02:01:28,Import,CN,PORT_30,NO,391990,AT7EKVB,WHG1JCP,1.2,12.0,11.786,LINE_MODE_10,34.9,Clear
75332966,2020-01-06,14:45:26,Import,CN,PORT_30,SV,910910,HCX6OZ2,8ALM0H1,773756.0,190.0,181.108,LINE_MODE_10,15.8,Clear
52140624,2020-01-06,17:54:24,Import,TW,PORT_40,LV,871499,1E7DTR5,ORZ3TWD,485.75,72.5,70.63,LINE_W6UCD9,23.7,Clear
37564723,2020-01-06,11:06:43,Import,KR,PORT_20,IL,853224,NI3DKR6,4LLCH3T,651193.1,117.1,117.065,LINE_MODE_10,46.5,Clear
30975420,2020-01-06,08:17:00,Import,CN,PORT_20,BA,071080,H920U30,2OQZJ37,4722710.0,19300.0,18840.66,LINE_MODE_10,31.0,Clear
37626425,2020-01-06,12:07:05,Import,MY,PORT_20,CR,491199,D0OFQWQ,34B6CX7,5.4,2.0,1.997,LINE_MODE_10,45.8,Clear
79269044,2020-01-06,02:54:44,Import,CN,PORT_40,CR,401699,XS9UCGK,LV9K5DL,54.3,3.0,2.893,LINE_MODE_10,23.1,Clear
50463625,2020-01-06,15:20:25,Import,CN,PORT_20,GG,610910,YPAL7B4,4UZMXV4,165.36,10.6,10.586,LINE_MODE_10,45.8,Clear
62486939,2020-01-06,10:12:59,Import,CN,PORT_40,SD,030743,AHY5BBU,NW3HKTU,765120.0,3200.0,3173.44,LINE_MODE_40,35.2,Clear
57286314,2020-01-06,21:15:54,Import,DK,PORT_40,ES,940179,U1FP0BM,HKS703G,215320.0,400.0,391.68,LINE_MODE_10,33.0,Clear
98560287,2020-01-06,10:03:27,Import,CN,PORT_20,AT,851762,5SLZWNP,AUFG631,8502.3,9.0,10.809,LINE_MODE_10,97.3,Low Risk
25040727,2020-01-06,11:57:27,Import,CN,PORT_53,GU,270400,GXH32T7,DP88D8C,70100976.0,567160.0,565855.532,LINE_MODE_10,45.2,Clear
29688411,2020-01-06,17:22:51,Import,CN,PORT_10,UG,392690,BGOS1BN,7YGXRT2,1264.0,40.0,38.228,LINE_B12OMY,17.5,Clear
21763925,2020-01-06,09:52:05,Import,CN,PORT_30,AM,961590,CVO8HR4,IUW8U8Z,40.9,1.0,1.049,LINE_MODE_40,6.8,Clear
99973934,2020-01-06,08:16:14,Import,CN,PORT_40,IL,740911,QQ8JG1S,UKWGKPZ,5628261.6,1532.0,1484.814,LINE_MODE_10,26.4,Clear
10249759,2020-01-06,05:13:19,Import,CN,PORT_152,GU,853710,YZ3Z9HP,U8S5E35,1560196.0,5192.0,5096.986,LINE_2SP9SH,30.6,Clear
60207507,2020-01-06,00:30:27,Import,VN,PORT_20,GN,940169,CMHWKLQ,RFQRLES,276358.2,3849.0,3878.637,LINE_MODE_10,51.8,Clear
83031862,2020-01-06,00:16:22,Import,US,PORT_30,SI,870324,L26HSGE,9UP4MN8,11000.0,1250.0,1256.5,LINE_MODE_40,44.1,Clear
29040339,2020-01-06,10:09:39,Import,CN,PORT_62,RS,442199,EVN40SJ,H3N0TY3,19600.0,24500.0,24296.65,LINE_MODE_10,41.2,Clear
79749626,2020-01-06,05:36:26,Import,CN,PORT_30,MN,847180,JHEHLCS,WF0BBUG,6780.6,9.0,10.968,LINE_MODE_10,103.0,Low Risk
68824448,2020-01-06,16:02:08,Import,CN,PORT_40,MG,852713,83GM6ED,41W8AHR,224637.78,142.6,137.21,LINE_MODE_40,15.7,Clear
97492983,2020-01-06,03:11:03,Import,MY,PORT_16,GG,290545,226U6NN,K6KHC41,8455392.0,56520.0,54807.444,LINE_MODE_40,20.7,Clear
33587944,2020-01-06,03:03:04,Import,US,PORT_40,WS,854390,7Z4YB4T,KILND1W,144.8,8.0,8.114,LINE_MODE_10,56.1,Clear
50281324,2020-01-06,20:06:04,Import,JP,PORT_20,IR,340700,KS95WDI,U8M4Z4C,12514.32,10.4,10.652,LINE_MODE_10,62.7,Clear
92795555,2020-01-06,14:52:35,Import,ES,PORT_20,UG,200897,XWQ2L6E,BV2458P,8728624.8,15876.0,15617.221,LINE_MODE_10,35.9,Clear
75784659,2020-01-06,18:41:39,Import,CN,PORT_30,KR,620412,ZPBKBPA,6X6SMWT,15797.6,12.4,12.793,LINE_MODE_10,67.6,Clear
46908929,2020-01-06,20:59:29,Import,CN,PORT_30,CA,761699,0PHEDAO,G9G9F13,5775.0,462.0,497.075,LINE_MODE_10,9.2,Low Risk
30282345,2020-01-06,14:45:45,Import,CN,PORT_20,GN,950699,X9IMQQG,TL0DC1P,3732.4,62.0,65.913,LINE_MODE_10,118.8,Low Risk
30431206,2020-01-06,11:22:46,Import,US,PORT_20,MN,841451,WYRKHJU,6KT20NS,85736.64,211.8,226.499,LINE_MODE_40,170.5,Critical
63001666,2020-01-06,22:43:46,Import,CN,PORT_20,JP,850440,PPE1LI9,MO5FQNI,4878.0,180.0,237.463,LINE_MODE_10,127.9,Critical
84719657,2020-01-06,16:46:17,Import,CN,PORT_40,GN,901910,OXBATPR,XGI0V6N,3900.0,750.0,737.025,LINE_MODE_40,29.3,Clear
50722847,2020-01-06,15:12:47,Import,CN,PORT_20,OM,420222,QW7G3YB,8NB0Y0O,752.64,78.4,83.223,LINE_MODE_10,117.7,Low Risk
46361130,2020-01-06,12:05:30,Import,CN,PORT_56,PY,841510,LWXRX7T,2KSTYW1,21806200.0,6500.0,6312.8,LINE_MODE_50,23.7,Clear
89719590,2020-01-06,12:06:30,Import,CN,PORT_20,OM,730840,9IBALT8,MWBZIBD,2127960.0,25700.0,26758.84,LINE_MODE_40,67.9,Clear
37095639,2020-01-06,11:44:39,Import,JP,PORT_40,NG,210390,X9IMQQG,WCKFJ61,93555.0,3465.0,3609.491,LINE_W6UCD9,68.2,Clear
59759716,2020-01-06,00:11:16,Import,CN,PORT_40,LB,854121,CAUTXKO,RZM2Z77,134652.98,15.4,15.834,LINE_MODE_40,59.3,Clear
74213108,2020-01-06,12:53:08,Import,CN,PORT_30,CL,670290,3BCQJVY,LAJERQZ,1405.53,48.3,49.855,LINE_MODE_40,61.9,Clear
79504385,2020-01-06,20:53:05,Import,CN,PORT_30,NO,071080,MKU34Y6,PBP2MYI,7183400.0,24500.0,24958.15,LINE_MODE_10,59.0,Clear
63082120,2020-01-06,13:28:40,Import,CN,PORT_10,DJ,630900,YT7WQGX,6TSMI0E,68530.0,7700.0,7901.74,LINE_MODE_10,64.0,Clear
48654105,2020-01-06,22:01:45,Import,CN,PORT_10,PY,940540,J654N8F,26RAMJV,61.8,6.0,5.752,LINE_MODE_10,19.4,Clear
86673428,2020-01-06,18:05:08,Import,CN,PORT_40,IR,392690,83WCKKY,Z1P6DVU,2074.8,3458.0,3361.868,LINE_MODE_10,28.3,Clear
41928676,2020-01-06,23:07:16,Import,JP,PORT_20,GU,711719,JO4QWJF,0T1SMFB,6.48,3.6,3.774,LINE_MODE_10,12.5,Clear
51351532,2020-01-06,10:10:52,Import,KR,PORT_20,GG,950300,OMR7429,S0F9KSQ,6018.0,10.0,10.202,LINE_MODE_10,60.0,Clear
24507565,2020-01-06,01:19:25,Import,JP,PORT_20,MT,902690,JDEP1AU,ZUWRZIF,96.6,21.0,21.603,LINE_MODE_10,65.6,Clear
11492283,2020-01-06,22:06:03,Import,DE,PORT_20,HN,853690,0OT0I9D,PMN0COE,11711.98,62.9,64.139,LINE_MODE_10,59.7,Clear
99185384,2020-01-06,19:13:44,Import,IT,PORT_30,LB,854449,LYIGCDK,ON25ZVF,348380.76,1098.3,1091.93,LINE_MODE_10,42.9,Clear
64510224,2020-01-06,21:54:24,Import,US,PORT_30,FJ,901890,X93RCW4,T9GA6FY,201.51,0.9,0.81,LINE_MODE_10,27.8,Low Risk
47264884,2020-01-06,22:12:04,Import,IT,PORT_20,TH,620520,D5ESSRN,I6HZCKT,15.92,0.2,0.214,LINE_MODE_10,73.8,Low Risk
76314639,2020-01-06,01:54:39,Import,CN,PORT_20,DJ,540490,JQM5MTS,1WK1QW2,174316.64,129.2,134.588,LINE_MODE_10,74.2,Clear
45565016,2020-01-06,07:52:56,Import,CN,PORT_40,SI,481890,LGN9ZMM,B8IYAKM,1140678.72,7971.2,7797.428,LINE_MODE_10,32.3,Clear
95402323,2020-01-06,21:06:43,Import,VN,PORT_20,GG,420299,GAZWHE9,S2RAAW0,174.6,18.0,20.582,LINE_MODE_10,47.2,Low Risk
88570302,2020-01-06,08:03:42,Import,CN,PORT_40,MN,950699,F8SXY87,LYWYZ5S,16856.0,280.0,275.856,LINE_MODE_10,36.9,Clear
52455365,2020-01-06,15:16:05,Import,CN,PORT_30,IL,630493,T7GUNCM,818J1DT,3447.0,45.0,47.12,LINE_MODE_10,108.6,Low Risk
19621047,2020-01-06,02:29:27,Import,CN,PORT_30,BR,940599,JPYWYV1,TFE02OW,23.94,0.7,0.726,LINE_MODE_10,71.6,Clear
82198921,2020-01-06,08:18:01,Import,CN,PORT_40,PY,845150,RMPG3N5,0HC870L,9084800.0,27200.0,25859.04,LINE_MODE_40,8.2,Clear
97488126,2020-01-06,11:38:06,Import,DE,PORT_30,RS,281820,0U1FIG9,LSITAA8,2884560.0,16800.0,16349.76,LINE_MODE_10,29.0,Clear
27137162,2020-01-06,08:38:02,Import,US,PORT_20,AM,392092,FSSTFL5,Q6EFLNC,145737.0,90.0,85.968,LINE_MODE_10,17.1,Clear
71897563,2020-01-06,20:00:43,Import,CN,PORT_30,TH,420299,RQMWCQY,RCP061D,97.0,10.0,9.797,LINE_W6UCD9,33.3,Clear
85203975,2020-01-06,08:46:15,Import,CN,PORT_30,AM,702000,MOCH1X5,IWSDF6W,4280.0,100.0,90.001,LINE_MODE_10,27.4,Low Risk
97852526,2020-01-06,14:11:26,Import,JP,PORT_30,CR,830249,YE7KVZ5,VGHUKZ1,430.6,2.0,1.946,LINE_MODE_10,29.0,Clear
53289815,2020-01-06,05:03:35,Import,IT,PORT_20,JP,600632,4CHYW4P,XWSJEBL,0.0,0.0,0.001,LINE_MODE_10,16.1,Clear
74846566,2020-01-06,12:58:46,Import,CN,PORT_30,PY,690320,UXO7VUP,03V4OAJ,174630.4,448.0,427.034,LINE_MODE_10,15.8,Clear
86628716,2020-01-06,10:27:56,Import,CN,PORT_20,HU,392690,BQBBZAC,2PEH5A8,21.0,35.0,35.987,LINE_MODE_10,65.3,Clear
13440175,2020-01-06,05:02:55,Import,SI,PORT_20,IL,902780,M9TXZMS,W2CGBZM,2672445.0,950.0,925.015,LINE_MODE_10,29.3,Clear
45496694,2020-01-06,03:42:14,Import,CN,PORT_10,LV,611030,ZHH59DR,Z13N8CV,111.36,1.2,1.187,LINE_MODE_10,39.6,Clear
15432208,2020-01-06,14:11:28,Import,PL,PORT_40,MG,851821,57ECW03,4YH99FX,3.9,0.3,0.295,LINE_MWIDNS,28.9,Clear
62139555,2020-01-06,13:59:15,Import,VN,PORT_20,KR,940350,Q1Q9VTH,3HXSRTC,1957263.0,12210.0,12010.977,LINE_MODE_10,35.9,Clear
72833556,2020-01-06,05:08:36,Import,TH,PORT_20,SD,691200,W2MRIVJ,902LILY,83525.02,827.8,834.588,LINE_MODE_10,52.1,Clear
37381658,2020-01-06,15:55:38,Import,CN,PORT_13,ZZ,320611,S92BYUU,I0QOERQ,9952000.0,20000.0,23348.8,LINE_MC8NDR,52.9,Low Risk
49542671,2020-01-06,21:47:11,Import,CN,PORT_40,CR,901910,DK98G4I,EPFEI00,35360.0,6800.0,6974.76,LINE_MODE_50,59.7,Clear
35907401,2020-01-06,08:12:41,Import,JP,PORT_40,LB,961900,MG77MTE,HE0KCKT,3129.19,7.9,7.985,LINE_MODE_10,53.8,Clear
53895789,2020-01-06,00:27:09,Import,JP,PORT_20,SV,382590,R26M7DX,HYIXXVY,9672.0,1860.0,1891.062,LINE_MODE_10,57.7,Clear
75818915,2020-01-06,19:08:35,Import,CN,PORT_20,GN,210390,LWXRX7T,VIV9J0N,81000.0,3000.0,3011.1,LINE_MODE_10,49.1,Clear
63144290,2020-01-06,07:24:50,Import,JP,PORT_30,ES,392310,AQJUJMV,RE0WLJH,19514.88,6098.4,6044.734,LINE_MC8NDR,34.9,Clear
35552936,2020-01-06,02:44:56,Import,JP,PORT_20,MN,901839,1ZNY80M,PMOACH9,196.6,1.0,1.018,LINE_MODE_10,58.7,Clear
40880142,2020-01-06,16:47:42,Import,CN,PORT_40,WS,120740,0N1CS7Z,74FHLEX,26298000.0,36000.0,34747.2,LINE_MODE_40,17.7,Clear
89765425,2020-01-06,04:30:25,Import,CN,PORT_20,JP,420292,UBOFYL0,XFSHAAO,39210.5,659.0,658.143,LINE_MODE_10,45.8,Clear
16521529,2020-01-06,09:22:49,Import,GB,PORT_21,BA,843139,V981F2H,DDKWWQ6,3897.0,18.0,19.367,LINE_MODE_10,9.2,Low Risk
73594182,2020-01-06,16:01:42,Import,CN,PORT_40,BA,630790,2R93HYI,TZ20QZV,363.4,158.0,165.142,LINE_MODE_10,10.5,Clear
77775413,2020-01-06,13:24:53,Import,JP,PORT_20,SI,392410,91ES25W,L23NAS2,123.2,88.0,88.414,LINE_MODE_10,49.8,Clear
46821590,2020-01-06,13:19:50,Import,CN,PORT_16,NO,854449,1WQ1Y1G,GK4ZSGE,4641016.64,14631.2,15234.005,LINE_MODE_40,67.9,Clear
84361459,2020-01-06,19:48:19,Import,CN,PORT_20,HN,200811,P7GIJM2,WA4HMQ7,1335600.0,6000.0,6190.2,LINE_MWIDNS,67.6,Clear
51133591,2020-01-07,05:02:31,Import,CN,PORT_40,NG,292229,JZ7VSIT,B1MRORM,226900.0,200.0,193.14,LINE_MWIDNS,18.1,Clear
63868468,2020-01-07,08:42:28,Import,CN,PORT_40,IL,120799,PCW8KX7,4KMZHME,35512650.0,47700.0,45419.94,LINE_MODE_10,15.1,Clear
65766082,2020-01-07,16:13:22,Import,AT,PORT_30,FJ,300290,MZ687WW,O278XE3,39.03,0.1,0.1,LINE_MODE_10,43.5,Clear
63135229,2020-01-07,09:37:49,Import,CN,PORT_40,CR,611420,F26GCXC,PF1L1IG,1416.1,17.0,16.944,LINE_MODE_40,38.5,Clear
22624895,2020-01-07,23:01:35,Import,CN,PORT_20,TH,520949,B82EQM5,B4JUNPY,204325.0,50.0,59.412,LINE_MODE_10,93.3,Low Risk
94055105,2020-01-07,22:45:05,Import,CN,PORT_40,JP,071331,U0BQ4GJ,GEU6PMB,11592000.0,40000.0,38348.0,LINE_MWIDNS,13.4,Clear
34089830,2020-01-07,04:43:50,Import,FR,PORT_20,LR,711719,TT5NP7I,AXZI2WJ,102.3,1.5,1.532,LINE_MODE_40,54.7,Clear
10998664,2020-01-07,16:15:04,Import,DE,PORT_40,ZZ,870323,8YQUEYT,G9G9F13,6521756.2,1774.0,1692.751,LINE_MODE_10,16.5,Clear
26791568,2020-01-07,04:14:08,Import,CN,PORT_13,RS,920600,UYQBVGQ,MRHJ9NC,1510.6,26.0,29.937,LINE_MODE_40,43.1,Low Risk
30891581,2020-01-07,10:55:41,Import,CN,PORT_16,ES,820840,HGLRN6M,EIDGQYJ,3585478.5,2295.0,3236.501,LINE_MODE_10,156.3,Critical
24002169,2020-01-07,04:40:09,Import,CN,PORT_40,WS,551511,QTPRNFF,YY378RS,6642.4,152.0,156.058,LINE_MODE_40,58.3,Clear
88698235,2020-01-07,10:03:55,Import,CN,PORT_30,LV,901910,9GQ35OB,STU1DKW,35360.0,6800.0,7097.16,LINE_MWIDNS,75.5,Clear
83217064,2020-01-07,04:55:04,Import,CN,PORT_20,MG,701349,0FWF6T5,CQO2XK4,69192.5,325.0,296.94,LINE_MODE_10,13.6,Low Risk
56071680,2020-01-07,15:28:00,Import,JP,PORT_40,MG,720449,CEWTZDM,4LLCH3T,5162400.0,1912000.0,2000334.4,LINE_MODE_90,7.2,Clear
39948717,2020-01-07,03:03:57,Import,IT,PORT_40,KR,420299,7YMNLX8,JIHZF3K,40.74,4.2,4.001,LINE_MODE_40,9.5,Clear
30475718,2020-01-07,13:36:38,Import,CN,PORT_16,SD,701990,QL3OKWZ,2FZMZJH,1997441.1,6129.0,5989.259,LINE_MODE_10,31.6,Clear
63543986,2020-01-07,00:02:26,Import,GB,PORT_40,IR,491199,JF0CFHM,5KOSSQ8,35.37,13.1,13.666,LINE_W5AYVM,69.2,Clear
20227638,2020-01-07,09:35:18,Import,KR,PORT_20,NO,851761,JTN9ZDZ,L1K00L6,12915204.08,839.2,853.634,LINE_MODE_10,58.0,Clear
23674765,2020-01-07,01:59:25,Import,US,PORT_30,KR,848130,ALDBLCI,PIJADFX,898.08,1.6,1.646,LINE_MODE_40,59.6,Clear
67257030,2020-01-07,12:30:30,Import,VN,PORT_16,WS,681510,WIA4XMC,T4Q3F2M,49539.6,556.0,567.787,LINE_MODE_10,60.7,Clear
57240060,2020-01-07,16:01:00,Import,CN,PORT_20,NO,420292,2D4RAHD,6LV96I6,368.4,614.0,587.107,LINE_MODE_10,17.8,Clear
85404520,2020-01-07,14:08:40,Import,CN,PORT_16,SD,420292,A5AW9CR,JXJ0OGA,3877.8,6463.0,6741.685,LINE_MODE_10,106.0,Low Risk
14954269,2020-01-07,18:01:49,Import,CZ,PORT_20,AT,401110,I4B7MV3,23RIU88,262738.0,245.0,239.292,LINE_MODE_40,25.3,Clear
25329034,2020-01-07,02:54:34,Import,CN,PORT_40,HU,851690,M7BJ1XW,YEPOL0U,26.65,20.5,20.894,LINE_VZIZJJ,53.4,Clear
54215433,2020-01-07,19:38:33,Transit,CN,PORT_56,MN,850410,M9V92UG,VJ3H0KT,129860.0,50.0,49.735,LINE_A5IT1U,43.2,Clear
46618940,2020-01-07,07:02:20,Import,US,PORT_40,HN,950440,5HOC3ZP,7WZLDU4,8747.32,57.7,58.635,LINE_MODE_40,51.4,Clear
91109384,2020-01-07,23:53:44,Import,CN,PORT_30,ZZ,711719,YQP5OVC,N550FX7,436.8,14.0,13.919,LINE_MODE_10,42.9,Clear
27269302,2020-01-07,14:40:22,Import,CN,PORT_40,PY,851830,BF41SQQ,ONKQE2Z,5410.0,50.0,49.26,LINE_MODE_40,30.9,Clear
41699171,2020-01-07,15:02:11,Import,CN,PORT_20,UG,392690,HS68S6Z,1HCOTVX,275.4,459.0,447.846,LINE_77BN4M,30.7,Clear
31234286,2020-01-07,21:07:26,Import,MM,PORT_40,LR,621133,A939BKO,5FHJ8RZ,640563.0,3327.6,3304.972,LINE_MODE_50,38.2,Clear
35345859,2020-01-07,17:41:39,Import,DE,PORT_40,RS,902790,LD8GM65,714PEOF,73.18,0.2,0.21,LINE_VZIZJJ,105.6,Low Risk
62488836,2020-01-07,03:36:36,Import,VN,PORT_40,LR,420222,1ZNY80M,MM2STTN,150649.2,444.0,429.881,LINE_MODE_40,19.7,Clear
78499987,2020-01-07,12:25:07,Import,CN,PORT_16,OM,392610,1JAK6BZ,FF72T83,233824.5,1365.0,1320.91,LINE_MODE_40,19.4,Clear
53408225,2020-01-07,11:57:05,Import,US,PORT_40,LR,382499,6LDQOO2,H1I7Z83,226.25,18.1,18.076,LINE_MWIDNS,39.8,Clear
69038467,2020-01-07,00:13:07,Import,CN,PORT_40,LR,392640,PY1TV9Y,LM3UD0W,705.9,181.0,186.014,LINE_MODE_40,59.0,Clear
78885789,2020-01-07,22:07:09,Import,JP,PORT_20,CL,120930,SO9R8N4,3TG6HSX,6412.31,1.9,1.932,LINE_MODE_40,51.7,Clear
24977521,2020-01-07,17:28:01,Import,PT,PORT_30,GN,854370,WJERN9A,D8B0MQR,20.16,0.8,0.733,LINE_MODE_10,11.5,Low Risk
75086830,2020-01-07,22:07:10,Import,NL,PORT_16,TH,490210,INHWY3Z,JTNY3VW,84.93,14.9,15.216,LINE_MODE_40,54.7,Clear
16585885,2020-01-07,16:51:25,Import,CN,PORT_20,TT,870899,BXFI1ME,6IV15GL,441.7,63.1,57.011,LINE_MODE_10,22.0,Low Risk
85163647,2020-01-07,19:26:07,Import,VN,PORT_40,KR,160419,WSRQXAF,A7POIBB,1476625.92,2179.2,2261.356,LINE_MWIDNS,65.6,Clear
45999987,2020-01-07,05:58:27,Import,CN,PORT_20,CR,620640,1FJJJ0E,0BKVV8V,3285.2,172.0,166.444,LINE_MODE_10,25.4,Clear
42838997,2020-01-07,19:15:17,Import,CN,PORT_40,LR,640419,0XPOEWV,8UY29Z9,26780.0,100.0,101.27,LINE_MODE_40,49.1,Clear
73942763,2020-01-07,22:47:23,Import,VN,PORT_40,CR,846019,JBZU4K3,M60DBCO,6379450.0,1100.0,985.391,LINE_MODE_10,32.0,Low Risk
90602852,2020-01-07,11:59:32,Import,DE,PORT_40,UZ,870324,WEOSSOA,JK0XSLK,9438.0,1815.0,1742.763,LINE_MODE_10,20.4,Clear
34090415,2020-01-07,07:53:35,Import,CN,PORT_30,TH,854390,RSEHR00,9JFG2DS,68.78,3.8,3.624,LINE_MODE_10,16.1,Clear
41532783,2020-01-07,10:41:03,Import,PL,PORT_20,GG,880529,AKP9TFK,QANXX3L,108216380.0,1720.0,1552.833,LINE_MODE_10,22.5,Low Risk
37452033,2020-01-07,19:08:33,Import,JP,PORT_30,BG,870840,9HJTAZT,HTX53SG,8168202.6,15523.0,15440.728,LINE_MODE_40,37.2,Clear
38126354,2020-01-07,16:23:14,Import,CN,PORT_20,HN,392690,O359UWS,WRPK1XD,3.0,5.0,4.796,LINE_MODE_10,19.8,Clear
35761753,2020-01-07,08:17:13,Import,DE,PORT_30,GG,853620,FW1OZFA,MBA284N,8470.4,2.0,2.069,LINE_MODE_10,69.6,Clear
99550377,2020-01-07,03:04:57,Import,CN,PORT_39,DJ,852859,XANJ3JW,242CJMQ,16391.4,20.4,24.828,LINE_AT9SIZ,96.4,Low Risk
99196749,2020-01-07,08:03:09,Import,US,PORT_40,CR,880330,USKS5NL,3Z185QT,16562.7,7.0,7.257,LINE_MODE_40,64.9,Clear
95963996,2020-01-07,19:35:56,Import,CN,PORT_20,LB,210390,95KG59H,BHL42J1,27000.0,1000.0,988.2,LINE_MODE_40,32.9,Clear
75406948,2020-01-07,05:50:28,Import,BD,PORT_40,EC,460219,HFVWJ5F,ONKQE2Z,296277.0,305.0,308.721,LINE_MODE_10,54.7,Clear
11021278,2020-01-07,22:55:58,Import,IT,PORT_20,AM,580136,2EL7D5O,YA9R7LY,1401.85,11.5,11.468,LINE_MODE_40,38.8,Clear
84259101,2020-01-07,13:54:21,Import,MY,PORT_30,WS,261900,FMP41DG,9A697XB,1215840.0,202640.0,194676.248,LINE_MODE_10,20.8,Clear
98919495,2020-01-07,18:38:15,Import,PT,PORT_40,MT,611090,52D7CHE,35NHRM0,26.6,7.0,8.318,LINE_MODE_40,87.3,Low Risk
75004460,2020-01-07,11:54:20,Import,DE,PORT_40,FJ,902690,2BS0THX,VSNSUOX,6.9,1.5,1.434,LINE_MODE_10,17.8,Clear
39352739,2020-01-07,00:02:59,Import,CN,PORT_16,WS,420221,YSX3NC7,WACG0YL,153574.72,53.6,53.155,LINE_MODE_40,35.2,Clear
92935726,2020-01-07,13:44:46,Import,MY,PORT_20,EC,700719,0ZSM7JB,OZB7KED,1398.0,60.0,54.022,LINE_MODE_40,18.6,Low Risk
80533811,2020-01-07,02:26:11,Import,CN,PORT_40,CA,841391,8UQ4E87,Z64QME2,118.6,2.0,1.825,LINE_MODE_40,8.4,Low Risk
73041702,2020-01-07,14:33:42,Import,CN,PORT_40,CL,570299,AI1JGDK,7TTJVAJ,11428.0,40.0,39.408,LINE_MODE_40,30.9,Clear
32338384,2020-01-07,15:57:04,Import,CN,PORT_20,SV,900319,VR6LWUR,MRONOXB,36175.14,167.4,166.429,LINE_MODE_10,42.9,Clear
29028035,2020-01-07,13:40:35,Import,CN,PORT_20,GN,090422,2D2MYTA,E08IF6V,2034550.0,3500.0,3748.92,LINE_MODE_10,73.5,Low Risk
28820110,2020-01-07,18:15:10,Import,CN,PORT_40,IR,070310,80SQK2I,F1MQML8,2272800.0,24000.0,23548.8,LINE_MODE_40,28.3,Clear
73507597,2020-01-07,23:38:37,Import,TW,PORT_20,PG,950300,65DA76C,S1N2WHR,3.0,5.0,5.063,LINE_MODE_10,55.1,Clear
36063486,2020-01-07,13:14:06,Import,CN,PORT_40,RS,392321,7OME9ML,7NUNP98,15413.75,2802.5,3146.199,LINE_MODE_40,36.2,Low Risk
95879631,2020-01-07,07:49:51,Import,US,PORT_20,ES,854231,FWVNMKK,TZZCA8K,202.82,0.1,0.105,LINE_MODE_10,10.9,Clear
25106018,2020-01-07,14:01:38,Import,CN,PORT_20,ZZ,620640,P1TZXEU,XCIAAPR,4144.7,217.0,222.902,LINE_VZIZJJ,58.6,Clear
86370977,2020-01-07,19:28:17,Import,CN,PORT_20,MT,390110,OZA9PO8,K3HCKNK,3100000.0,50000.0,51135.0,LINE_MODE_10,61.7,Clear
89774180,2020-01-07,10:36:20,Import,FR,PORT_62,SD,220720,PW2LK1J,51UNCHK,28400.0,400.0,398.48,LINE_MODE_10,44.2,Clear
37913965,2020-01-07,05:19:25,Import,CN,PORT_13,IR,481910,S95RAMD,76OH67K,33.6,14.0,14.402,LINE_30GFAP,59.6,Clear
59104282,2020-01-07,13:43:22,Import,JP,PORT_12,NO,320417,EH1AMEM,MG3DFBS,239.64,0.2,0.226,LINE_MODE_50,39.8,Low Risk
54573491,2020-01-07,15:14:11,Import,DE,PORT_40,EC,850151,ORUKBVJ,6V8QPPW,213.0,10.0,10.157,LINE_MWIDNS,51.1,Clear
67189107,2020-01-07,03:50:27,Import,CN,PORT_40,MT,392640,XRO3X05,OU3TPX6,58.5,15.0,15.116,LINE_MODE_40,45.8,Clear
65117359,2020-01-07,06:13:19,Import,CN,PORT_40,NO,560121,Z87M9KM,43MSLZK,30155.4,198.0,194.377,LINE_EIZP3I,28.6,Clear
15867061,2020-01-07,10:47:01,Import,KR,PORT_40,BR,880330,RHHWF0C,DWNJQL8,300021.48,126.8,124.353,LINE_MWIDNS,28.0,Clear
88903356,2020-01-07,12:58:36,Import,CN,PORT_20,PL,200599,G8AQATA,GCPNHU7,804950.0,8500.0,8569.7,LINE_MODE_40,46.1,Clear
90959901,2020-01-07,11:14:21,Import,CN,PORT_80,SI,950300,7WGISEX,OBRP8T3,4683.0,70.0,67.249,LINE_LC6XBR,16.8,Clear
16351602,2020-01-07,23:18:42,Import,CN,PORT_12,PY,481890,TU5RJ0K,W5WQQV8,1128200.4,7884.0,8161.517,LINE_MODE_40,63.9,Clear
63632968,2020-01-07,11:17:28,Import,US,PORT_40,MN,901850,9UBMHV5,TTSWZF1,36768.72,6.9,6.915,LINE_MODE_40,42.1,Clear
30346387,2020-01-07,04:25:07,Import,US,PORT_20,KR,382200,G8MOR71,1PBKO2S,1613.78,0.7,0.677,LINE_MODE_10,25.4,Clear
33735442,2020-01-07,22:49:22,Import,FR,PORT_30,UG,392330,D2QWIGO,7WBCH7D,151.5,15.0,17.896,LINE_MODE_40,88.8,Low Risk
62824764,2020-01-07,13:43:24,Import,JP,PORT_30,KE,854449,Z2B3BT7,JABE2FY,0.08,0.1,0.1,LINE_MODE_10,49.5,Clear
53141505,2020-01-07,20:31:45,Import,IN,PORT_40,EC,293399,YEWAOBS,LA175FB,18345.0,25.0,23.968,LINE_VZIZJJ,13.4,Clear
77804678,2020-01-07,16:32:38,Import,CN,PORT_16,IR,821490,KWENLY8,4L6HYYQ,1825902.0,884.0,881.525,LINE_MODE_10,44.8,Clear
85055183,2020-01-07,09:34:23,Import,CN,PORT_40,BG,540782,GSZPNXT,HGOZVPV,76582.4,128.0,124.122,LINE_MODE_10,26.7,Clear
38948581,2020-01-07,22:19:01,Import,BR,PORT_20,EC,520100,UU0PRVO,ZX40QCZ,74118844.8,226248.0,230931.334,LINE_MODE_10,60.4,Clear
66055747,2020-01-07,03:41:07,Import,TH,PORT_40,UG,851590,QWIBZ7M,PDBU3OC,689.85,3.5,3.868,LINE_MODE_40,32.1,Low Risk
35220770,2020-01-07,18:52:50,Import,CN,PORT_20,GG,071080,NXZGW6G,IW07OJT,31171608.0,117540.0,111804.048,LINE_MODE_40,8.5,Clear
67444000,2020-01-07,09:06:40,Import,FR,PORT_30,IR,281122,9BHZU4A,S84S11R,8270460.0,19800.0,19526.76,LINE_MODE_40,31.6,Clear
48754302,2020-01-07,12:03:42,Import,US,PORT_16,WS,760200,7NT44EZ,MM2STTN,173362.0,17690.0,17428.188,LINE_MODE_40,30.9,Clear
61284952,2020-01-07,05:27:52,Import,PH,PORT_40,SV,854370,2QWVROQ,7TTJVAJ,758.52,30.1,30.407,LINE_MODE_10,53.4,Clear
41763661,2020-01-07,04:17:01,Import,IT,PORT_20,KR,390690,DCMKD8G,UPHD93Z,434280.0,1200.0,1176.84,LINE_MODE_10,34.0,Clear
59315591,2020-01-07,00:29:11,Import,CN,PORT_30,TH,711719,4BJSP68,MM2STTN,54.0,30.0,27.168,LINE_MODE_40,14.2,Low Risk
36451467,2020-01-07,01:36:27,Import,MG,PORT_40,SI,090510,9U0P78U,S8PE9QE,39902.5,11.0,11.305,LINE_MODE_40,59.0,Clear
65877429,2020-01-07,00:41:09,Import,JP,PORT_20,CL,760200,412G5EV,5ZTLGO5,831432.0,84840.0,84560.028,LINE_MODE_10,44.5,Clear
70851737,2020-01-07,04:34:17,Import,CN,PORT_20,PY,853120,PPA8RFG,NGKJ8TF,19703.35,31.3,33.476,LINE_MODE_40,116.8,Low Risk
67429934,2020-01-07,16:16:14,Import,JP,PORT_33,PG,441239,BW6I6GM,UXX1AJX,5379397.2,20802.0,18787.534,LINE_MODE_10,22.3,Low Risk
37969374,2020-01-07,03:26:54,Import,CN,PORT_40,AT,841490,L5GOGGH,BXAWPQO,50021.4,429.0,436.362,LINE_W6UCD9,4.7,Low Risk
97076479,2020-01-07,11:45:19,Import,VN,PORT_20,SI,190490,TQJ83KI,TOBJ7H7,7122000.0,20000.0,20434.0,LINE_MODE_10,61.0,Clear
97996858,2020-01-07,10:48:58,Import,CN,PORT_54,AT,940591,DJCUDD3,IXHGLHQ,1015317.0,1110.0,1295.858,LINE_NKOQIL,46.9,Low Risk
57066171,2020-01-07,22:18:51,Import,CN,PORT_20,TT,291590,HIW6MYN,9BQ4WDX,1571328.0,3520.0,3434.464,LINE_MODE_10,30.7,Clear
59760689,2020-01-07,22:55:29,Import,CN,PORT_13,MN,940320,Q7HN9WC,00JWVSY,2023.0,238.0,230.075,LINE_MODE_10,24.7,Clear
55793740,2020-01-07,16:55:40,Import,KR,PORT_39,LB,580620,1QPFBVB,N5M13M2,71.1,1.0,1.016,LINE_W6UCD9,51.4,Clear
22459054,2020-01-07,17:41:34,Import,JP,PORT_40,GN,847170,HR70J0M,MN1LPLC,20704.6,7.0,7.064,LINE_MODE_10,52.8,Clear
96780854,2020-01-07,17:18:14,Import,CN,PORT_40,SI,640299,Y15LPCB,XPRX92Y,369709.92,3596.4,3629.487,LINE_MODE_40,46.8,Clear
85831287,2020-01-07,18:13:27,Import,CN,PORT_40,SV,560312,8YQUEYT,Z7GT4JG,999429.12,7617.6,7752.432,LINE_MODE_10,58.4,Clear
77999254,2020-01-07,21:31:34,Import,DE,PORT_30,CR,621510,2IQDC8B,ACHG87U,282.0,0.4,0.404,LINE_MODE_10,52.8,Clear
90528412,2020-01-07,12:38:52,Import,CN,PORT_20,PL,620640,9H897VF,QB67AXB,95.5,5.0,4.901,LINE_W5AYVM,33.6,Clear
46630707,2020-01-07,13:10:27,Import,DE,PORT_40,DJ,300640,99SFLDP,XJYB7QM,414358.0,340.0,342.618,LINE_MODE_40,45.8,Clear
81317878,2020-01-07,21:45:58,Import,CN,PORT_30,SV,210390,3GAV98D,CD1YKQ5,27000.0,1000.0,997.2,LINE_MODE_10,44.8,Clear
23437148,2020-01-07,12:27:08,Import,FR,PORT_40,EC,200819,99SFLDP,96MRW8U,203423.4,313.2,317.021,LINE_MWIDNS,48.7,Clear
87739868,2020-01-07,10:19:08,Import,VN,PORT_40,DJ,300510,7P246I0,QWSAOF1,1025329.5,663.0,631.309,LINE_MODE_10,15.1,Clear
86285254,2020-01-07,11:11:34,Import,VN,PORT_20,PY,940350,TT5NP7I,ANTSGEW,825705.3,5151.0,5198.389,LINE_MODE_10,52.8,Clear
93884468,2020-01-07,21:09:08,Import,JP,PORT_16,RS,590390,0HYRA9B,DQQTUZV,2273.32,70.6,67.225,LINE_MODE_10,15.1,Clear
55106018,2020-01-07,03:21:38,Import,US,PORT_20,HU,853710,76LZDQ7,T961QG3,15025.0,50.0,51.36,LINE_MODE_10,64.6,Clear
32715788,2020-01-07,21:51:08,Import,CN,PORT_40,NG,391690,865S9CD,A0ZY90B,65237.4,81.0,80.368,LINE_MODE_40,35.5,Clear
96429988,2020-01-07,21:34:28,Import,CN,PORT_40,ES,392690,J9JCQHZ,OQY4ZUC,56.4,94.0,93.267,LINE_MODE_40,35.5,Clear
12660051,2020-01-07,15:16:51,Import,CN,PORT_151,AM,620892,02VPZMG,A2K1DXY,1652.0,20.0,20.714,LINE_A5IT1U,70.3,Clear
91685468,2020-01-07,02:19:08,Import,CN,PORT_40,NO,610910,OZ5XC0W,DWNJQL8,74.88,4.8,4.571,LINE_MODE_40,9.1,Clear
63928288,2020-01-07,05:19:28,Import,VN,PORT_13,MT,851829,66YGTTI,H1I7Z83,38611.14,35.3,36.79,LINE_W6UCD9,68.5,Clear
98523565,2020-01-07,17:19:25,Import,CN,PORT_20,AT,630392,7XG4S47,1TDY8JC,4362.4,133.0,136.817,LINE_MODE_10,65.6,Clear
82453443,2020-01-07,13:32:03,Import,JP,PORT_30,KR,691200,KJLBJQH,I4U7ID6,32419.8,126.0,131.002,LINE_MODE_40,66.9,Clear
20798846,2020-01-07,18:23:26,Import,CN,PORT_20,OM,621490,BS8TAA4,6VO7JPR,609.26,4.1,4.865,LINE_MODE_40,51.4,Low Risk
99200151,2020-01-07,10:11:51,Import,CN,PORT_40,TT,392620,4VQG9D8,INMGDPE,66125.4,1398.0,1378.009,LINE_MODE_10,37.3,Clear
39527204,2020-01-07,03:30:44,Import,FR,PORT_16,HU,210390,AM0HXED,Z1SDSKH,1053.0,39.0,38.384,LINE_MODE_10,36.3,Clear
60019793,2020-01-07,21:17:53,Import,IT,PORT_13,CR,846694,5LWXPOZ,TEWNF0Z,1280.8,8.0,8.118,LINE_MODE_10,56.4,Clear
49049714,2020-01-07,18:39:14,Import,GB,PORT_40,JP,490199,YDMHTLK,KILND1W,234.0,65.0,63.648,LINE_MODE_40,27.0,Clear
99963104,2020-01-07,03:15:44,Import,JP,PORT_40,TH,950639,XAI29G0,2L2YRRT,2987.04,5.6,5.792,LINE_MODE_40,63.3,Clear
91982475,2020-01-07,23:41:15,Import,CN,PORT_40,CA,732690,VGBWP45,HHP9YCV,82.8,55.2,56.508,LINE_MWIDNS,56.3,Clear
50328723,2020-01-07,10:00:03,Import,CN,PORT_20,BR,120799,1ZNY80M,3WBROKL,22446675.0,30150.0,30140.955,LINE_MODE_10,46.5,Clear
67644628,2020-01-07,09:38:28,Import,MY,PORT_20,ZZ,370130,XIKK7OW,TOBJ7H7,138142.4,44.0,42.777,LINE_MODE_10,28.3,Clear
51960656,2020-01-07,00:26:56,Import,CN,PORT_20,TH,640690,MHZM8PA,I8I3P5D,740.0,25.0,23.955,LINE_MODE_40,13.1,Clear
98058094,2020-01-07,01:25:34,Import,CN,PORT_40,AM,940530,DKQB1WH,WRC110G,4309.2,27.0,26.708,LINE_MODE_10,39.6,Clear
12551631,2020-01-07,05:09:51,Import,CN,PORT_20,HN,732690,0WJT1JR,7VQZ7FD,96.45,64.3,67.239,LINE_MODE_40,4.9,Clear
81586804,2020-01-07,20:04:04,Import,CN,PORT_20,SI,910521,LGN9ZMM,9UP4MN8,7087237.5,6125.0,6699.77,LINE_MODE_10,35.4,Low Risk
12856755,2020-01-07,12:19:15,Import,VN,PORT_20,HU,640399,QUUT9DV,UFUWBXW,28911.0,115.0,102.696,LINE_MODE_10,35.0,Low Risk
21785537,2020-01-07,07:04:17,Import,US,PORT_10,HN,390140,J7XB9LH,JQ24QI7,3291200.0,23375.0,25000.03,LINE_MODE_10,122.8,Low Risk
86199324,2020-01-07,10:39:24,Import,CN,PORT_40,SV,392690,C28EH18,LB1421N,1.2,2.0,2.08,LINE_MODE_10,104.0,Low Risk
45218533,2020-01-07,15:10:13,Import,CN,PORT_40,AM,071080,WEII2OK,ORA2DCM,15912000.0,60000.0,62682.0,LINE_77BN4M,10.2,Clear
96515432,2020-01-07,18:22:32,Import,CN,PORT_40,KR,851762,2NZPY3S,YS3CS8J,63.84,0.7,0.679,LINE_MODE_40,21.0,Clear
88122428,2020-01-07,12:35:08,Import,IT,PORT_20,AM,940171,PVXH6XX,JABE2FY,18109.0,65.0,52.751,LINE_MODE_90,33.9,Critical
43352984,2020-01-07,14:13:44,Import,CN,PORT_40,KR,847180,G4NRBNY,DZV94OL,366227.74,486.1,483.281,LINE_MODE_10,42.9,Clear
23449128,2020-01-07,06:26:48,Import,JP,PORT_40,MG,841459,8V46M5H,23JFQDQ,1602.5,25.0,30.386,LINE_MODE_40,95.9,Low Risk
80143259,2020-01-07,02:44:59,Import,FR,PORT_40,RS,600330,6LF3VMG,4Z9TYKF,21124.25,17.5,18.409,LINE_MODE_40,105.6,Low Risk
74332219,2020-01-07,17:54:19,Import,ES,PORT_33,TT,200897,ZPZA994,SL2P7II,8728624.8,15876.0,15109.189,LINE_MODE_10,14.8,Clear
87741354,2020-01-08,16:59:54,Import,CN,PORT_20,BA,401120,HTCHOL5,AZMZUY5,16877782.6,13627.6,13071.594,LINE_MODE_10,19.8,Clear
96365197,2020-01-08,20:58:37,Import,CN,PORT_30,OM,081190,66FM9YW,IU5QO7Q,3331737.5,17675.0,17899.472,LINE_MODE_40,49.1,Clear
12436018,2020-01-08,03:54:58,Import,KR,PORT_20,RS,732690,OIDFF3V,21DXEF6,30.0,20.0,20.544,LINE_MWIDNS,58.6,Clear
95545229,2020-01-08,15:04:29,Import,US,PORT_40,UZ,392410,STA2L52,Y9098NR,2057.44,1469.6,1666.291,LINE_MODE_40,38.9,Low Risk
68326814,2020-01-08,09:24:14,Import,FR,PORT_33,GG,731822,0CN3IKJ,2RFV6UG,0.0,0.0,0.001,LINE_MODE_40,60.0,Clear
37410294,2020-01-08,16:08:54,Import,CN,PORT_40,LB,560392,YLLBMD1,AIUQYCD,2635374.5,20833.0,20608.004,LINE_W6UCD9,33.6,Clear
45124257,2020-01-08,12:42:57,Import,TW,PORT_40,CA,854232,CKDMVA5,KXFBS1E,4262.86,0.7,0.688,LINE_MODE_10,35.3,Clear
54970974,2020-01-08,14:06:54,Import,KR,PORT_20,LR,700100,0J8PYW0,2OQZJ37,155852.0,16580.0,17395.736,LINE_MODE_10,13.2,Clear
23257570,2020-01-08,21:06:10,Import,CN,PORT_13,RS,071080,G7TIP2P,8HC8BIV,30232800.0,114000.0,108436.8,LINE_MODE_10,14.5,Clear
84102039,2020-01-08,21:04:39,Import,JP,PORT_40,MT,720421,EDAEZGT,8UY29Z9,521056.0,34280.0,35709.476,LINE_MODE_40,68.2,Clear
52797157,2020-01-08,06:44:37,Import,CN,PORT_40,ES,630790,ZH8J2V7,6ZQTY16,48.99,21.3,22.44,LINE_MODE_40,106.6,Low Risk
99352728,2020-01-08,02:46:48,Import,IT,PORT_20,MG,621420,YEMNM07,41W8AHR,114.0,1.0,1.022,LINE_MODE_10,61.3,Clear
74981375,2020-01-08,14:29:35,Import,CN,PORT_40,PL,071080,QMUGRNM,Y3ML5IY,23602800.0,89000.0,80100.89,LINE_MODE_10,27.4,Low Risk
43082866,2020-01-08,09:43:46,Import,CN,PORT_20,IR,691310,EHXQG9A,FGFU8M0,10736.21,5.3,5.317,LINE_MODE_10,48.8,Clear
33902421,2020-01-08,01:56:21,Import,VN,PORT_40,HN,620292,B26L9QH,I6HZCKT,710446.68,505.8,506.154,LINE_W6UCD9,41.2,Clear
74461966,2020-01-08,18:08:46,Import,CN,PORT_30,SD,420212,8Y6XV67,G4SWDNA,57856.0,452.0,430.846,LINE_MODE_10,15.8,Clear
56898448,2020-01-08,12:35:28,Import,JP,PORT_39,RS,853950,Q8MAKJD,4M7AXRQ,0.78,0.3,0.289,LINE_MODE_40,15.7,Clear
56738681,2020-01-08,02:40:41,Import,JP,PORT_33,IL,901730,T9CJKDP,S06WB2N,269.28,0.6,0.582,LINE_122XIE,21.4,Clear
72118599,2020-01-08,20:20:39,Import,JP,PORT_70,RS,392490,D679U2Z,DGH0JQ2,243.32,221.2,212.728,LINE_MODE_40,15.4,Clear
36412513,2020-01-08,13:03:13,Import,GB,PORT_20,SD,902710,5LFEMS3,V72W7CB,43861.92,27.6,26.35,LINE_MODE_10,16.8,Clear
98724917,2020-01-08,07:07:17,Import,CN,PORT_40,HU,620530,T5IAC2J,WTLPN4F,40843.0,5.0,4.764,LINE_MODE_10,15.5,Clear
55813887,2020-01-08,16:03:27,Import,VN,PORT_20,MT,732690,IQUPC2L,BTYII5Y,75.0,50.0,50.885,LINE_MODE_10,58.4,Clear
90899666,2020-01-08,14:50:26,Import,CN,PORT_30,RS,640291,WQAQ336,DC8ZFRX,85531.5,229.0,229.733,LINE_MODE_40,42.8,Clear
21956056,2020-01-08,07:10:16,Import,CN,PORT_16,EC,950300,8QWUOS3,CDK6RFV,421.47,6.3,5.738,LINE_MODE_40,9.9,Low Risk
12909559,2020-01-08,08:03:19,Import,JP,PORT_40,HU,392690,O2RC3WZ,QCJ89QI,91646.32,2900.2,2847.126,LINE_MODE_10,34.6,Clear
23229340,2020-01-08,03:15:40,Import,US,PORT_40,IL,732690,7T8RJ42,PBP2MYI,1.5,1.0,1.016,LINE_MODE_10,57.4,Clear
20095946,2020-01-08,03:08:26,Import,CN,PORT_33,GN,851829,OVKV5BR,M1SZDXT,39412.8,414.0,398.765,LINE_MODE_40,16.4,Clear
52934796,2020-01-08,13:42:36,Import,CN,PORT_13,FJ,842449,NTWVXEX,X3MP3T4,28841.4,882.0,976.056,LINE_MODE_40,32.4,Low Risk
39249203,2020-01-08,09:41:23,Import,NO,PORT_20,UG,030214,Z3YY2W1,09UPRFS,8150315.97,2009.1,1685.755,LINE_MODE_10,18.0,Critical
31678270,2020-01-08,04:11:10,Import,CN,PORT_20,EC,071080,J6WCSC3,D6V32XG,5254144.0,17920.0,17941.504,LINE_5V1OQR,41.5,Clear
88666014,2020-01-08,21:50:54,Import,US,PORT_40,CA,901180,WBOVYN0,6OGMV1N,2106.8,4.0,4.117,LINE_MODE_40,60.0,Clear
43429527,2020-01-08,07:57:27,Import,JP,PORT_20,PG,950300,07EHOLR,KX42EJD,12036.0,20.0,19.954,LINE_MODE_10,45.2,Clear
89363607,2020-01-08,15:25:27,Import,CN,PORT_40,BR,382499,38QI2S7,PI0QKBF,12903.15,84.5,76.997,LINE_MODE_10,15.6,Low Risk
52430162,2020-01-08,10:28:02,Import,US,PORT_20,OM,820830,TTHDVPH,CIIR1J8,26487.75,7.5,7.164,LINE_MODE_10,17.1,Clear
64162293,2020-01-08,02:39:33,Import,CN,PORT_40,TH,392690,49JP81Y,IFEW3J5,42.0,70.0,63.442,LINE_MWIDNS,13.6,Low Risk
64232015,2020-01-08,20:33:35,Import,HK,PORT_30,AM,711790,4HSB3HU,Q1M98FT,41.4,2.0,1.907,LINE_MODE_40,10.1,Clear
72987155,2020-01-08,00:32:35,Import,CN,PORT_20,AT,630790,NLDWA3Z,E3Q8ABV,1173.0,510.0,501.687,LINE_MODE_10,35.9,Clear
22999552,2020-01-08,18:37:52,Import,CN,PORT_20,HU,680293,OZDV9XY,5L8Q2I5,937440.0,86800.0,102167.072,LINE_W6UCD9,55.2,Low Risk
27686286,2020-01-08,14:14:06,Import,US,PORT_40,IR,901890,EFM5YKE,T2H67F7,201.51,0.9,1.01,LINE_EIZP3I,36.2,Low Risk
59426608,2020-01-08,10:51:28,Import,CN,PORT_40,CR,852872,A8AZP9J,EBCG4QU,54275.0,26.0,25.537,LINE_MODE_10,34.9,Clear
38697352,2020-01-08,11:07:52,Import,CN,PORT_40,BR,920999,QSBFCT0,9NEOBLB,15285.5,160.9,189.386,LINE_MWIDNS,49.2,Low Risk
38198348,2020-01-08,16:47:08,Import,US,PORT_40,GG,392092,OVEG06X,UJH5RH8,145737.0,90.0,91.098,LINE_MODE_10,54.7,Clear
80594969,2020-01-08,02:13:29,Import,VN,PORT_40,BA,071080,SO9WFOI,JYBGO4Z,19094400.0,72000.0,73922.4,LINE_MODE_40,58.3,Clear
40161745,2020-01-08,01:42:25,Import,CN,PORT_40,UZ,853710,708A72F,2OQZJ37,1171.95,3.9,4.051,LINE_MODE_40,66.2,Clear
26329373,2020-01-08,10:50:53,Import,CN,PORT_20,PG,950691,C7O0JFW,QZDHUTI,27458.4,2019.0,2068.869,LINE_MODE_10,63.0,Clear
82589341,2020-01-08,08:45:01,Import,CN,PORT_20,TH,540792,WV44Y9Y,657KM15,602342.4,992.0,1032.374,LINE_MODE_40,67.6,Clear
84133134,2020-01-08,02:42:54,Import,JP,PORT_40,BG,731010,1EUHMLT,H9NE890,237182.4,4368.0,4233.466,LINE_MODE_40,20.4,Clear
82802020,2020-01-08,07:13:40,Import,IN,PORT_20,MT,392210,VZ32G62,3MTFC8C,44137.0,101.0,90.724,LINE_MODE_10,29.3,Low Risk
44312923,2020-01-08,13:36:43,Import,CN,PORT_121,OM,210390,1R22LDH,DP8QRQE,459000.0,17000.0,16994.9,LINE_MODE_40,40.5,Clear
55220132,2020-01-08,15:27:32,Import,CN,PORT_33,IR,850440,5R0BLAH,PZIEYOQ,894.3,33.0,33.667,LINE_MODE_40,54.0,Clear
46326392,2020-01-08,20:58:32,Import,IT,PORT_20,EC,611020,NFMDOHM,XF4RV9T,211.2,8.0,7.922,LINE_MODE_10,40.2,Clear
29835182,2020-01-08,02:05:02,Import,CN,PORT_12,SV,950510,RR6OJ19,YJ78T8M,15631.2,156.0,163.051,LINE_MODE_40,4.5,Clear
46887715,2020-01-08,04:01:55,Import,CN,PORT_40,WS,392310,6CGCGGJ,UTNPOCA,2688.0,840.0,843.108,LINE_W6UCD9,43.1,Clear
78904591,2020-01-08,07:12:31,Import,CN,PORT_20,GU,940190,798SXTF,UB0E0FT,3168.3,88.5,85.464,LINE_MODE_10,24.1,Clear
56160487,2020-01-08,19:00:07,Import,DE,PORT_40,LB,853630,LPHFCHL,BR4BBTT,1119.3,2.6,2.646,LINE_W6UCD9,52.4,Clear
95866984,2020-01-08,06:47:04,Import,CN,PORT_40,LR,420299,GN564D7,1L4AW89,184.3,19.0,18.89,LINE_MODE_10,42.9,Clear
69892314,2020-01-08,10:55:54,Import,VN,PORT_40,LV,854140,XVQ2O4G,DWNJQL8,9006.8,44.0,43.085,LINE_MWIDNS,27.0,Clear
56299351,2020-01-08,07:58:31,Import,ID,PORT_13,CL,940169,62HYRL6,SQ5F10B,116890.4,1628.0,1604.72,LINE_MODE_10,37.3,Clear
78776626,2020-01-08,20:39:46,Import,KR,PORT_40,MG,070320,O98KQL8,KILND1W,48540.0,200.0,204.64,LINE_MODE_40,56.0,Clear
85291758,2020-01-08,02:57:18,Import,CN,PORT_20,TT,620463,I5I27KT,RMCH0MJ,1974.0,30.0,28.716,LINE_MODE_40,12.4,Clear
57801003,2020-01-08,05:38:03,Import,JP,PORT_30,MT,950490,OZK3OQA,1BBQVWT,149229.3,121.0,116.124,LINE_MODE_10,20.1,Clear
81879946,2020-01-08,02:41:46,Import,BG,PORT_20,AM,121190,QWYX9LQ,US07BHG,2399.6,4.0,3.853,LINE_MODE_10,22.4,Clear
14343233,2020-01-08,21:21:53,Import,TR,PORT_30,MG,720421,9OVE0ZI,D8LT0TN,3116608.0,205040.0,203953.288,LINE_MODE_10,43.2,Clear
67132920,2020-01-08,08:02:00,Import,KR,PORT_40,AT,854231,J986ETI,QH7XJKJ,26366.6,13.0,13.341,LINE_MODE_40,58.0,Clear
15502707,2020-01-08,14:30:27,Import,JP,PORT_30,UZ,401220,SV2UBC9,3EVLVZQ,1643138.4,14214.0,14323.448,LINE_MODE_10,51.8,Clear
65537424,2020-01-08,03:14:24,Import,CN,PORT_40,CR,520849,S4RO71Q,DFJ7WD6,32652.0,20.0,17.993,LINE_MODE_10,27.8,Low Risk
37765508,2020-01-08,08:33:08,Import,CN,PORT_30,SD,640192,RJY08WU,AZI5L7O,857082.0,1266.0,1306.765,LINE_MODE_10,67.9,Clear
54314111,2020-01-08,03:11:11,Import,VN,PORT_30,ES,140490,CJ6ZCGQ,ITRLMMQ,30864.0,240.0,279.034,LINE_MWIDNS,45.7,Low Risk
78895168,2020-01-08,02:47:28,Import,JP,PORT_40,TH,844190,BVL00W9,9LLGVNF,20198.08,227.2,227.7,LINE_W6UCD9,42.1,Clear
47048714,2020-01-08,06:49:14,Import,CN,PORT_82,CR,853340,O4Q6WYY,P4N7ARF,15371.35,15.5,13.89,LINE_MODE_10,31.6,Low Risk
56571908,2020-01-08,00:33:08,Import,JP,PORT_20,FJ,950639,18XWVNW,E3Q8ABV,20802.6,39.0,40.256,LINE_MODE_10,67.9,Clear
57045925,2020-01-08,23:45:25,Import,CN,PORT_10,BR,960350,W6L5OT9,2N9FMHR,602.4,2.0,2.097,LINE_MODE_10,12.8,Clear
31104019,2020-01-08,02:04:19,Import,JP,PORT_20,NG,902300,B25T434,SABCP6J,1649.2,3.8,3.616,LINE_MODE_10,14.8,Clear
81186178,2020-01-08,13:10:58,Import,CN,PORT_40,LV,722790,1OQ5SZB,NSUBP26,56410603.2,193452.0,202582.934,LINE_MODE_40,5.8,Clear
26533438,2020-01-08,19:51:58,Import,CN,PORT_30,AT,551011,PK9TYBQ,3UHYPYZ,2954160.0,1800.0,1830.96,LINE_MODE_10,58.0,Clear
99227443,2020-01-08,11:38:43,Import,CH,PORT_40,EC,901580,1MXJHV6,OZB7KED,159504.8,19.6,20.378,LINE_MODE_40,66.9,Clear
69266292,2020-01-08,15:50:12,Import,IN,PORT_20,PG,520523,J76KZ2X,AGEBSW5,30222765.0,19350.0,20127.87,LINE_MODE_10,73.2,Clear
92400065,2020-01-08,11:01:05,Import,CN,PORT_80,RS,711719,0U26UC4,M9IS84J,97.08,1.2,1.174,LINE_MODE_10,32.6,Clear
27897823,2020-01-08,01:51:43,Import,CN,PORT_20,GN,030193,A09V7LD,9FA4L2D,5146830.0,3900.0,3965.559,LINE_MODE_10,10.9,Low Risk
70113957,2020-01-08,14:17:57,Import,CN,PORT_16,CR,961590,9KQBFDU,7CNFLJK,5071.6,124.0,128.055,LINE_MODE_40,62.3,Clear
88478464,2020-01-08,02:25:04,Import,US,PORT_20,AT,851829,BU96WHQ,6W0TMBU,84423.36,886.8,846.185,LINE_MODE_10,16.5,Clear
46491001,2020-01-08,09:26:01,Import,KR,PORT_20,UZ,843351,QFCZE0D,XLGG8Y2,12912000.0,6000.0,6064.2,LINE_MODE_40,47.8,Clear
45299402,2020-01-08,05:42:02,Import,CN,PORT_13,MN,630140,FDJSJM7,XRQAYRT,10.26,0.2,0.207,LINE_MODE_10,69.9,Clear
42439754,2020-01-08,06:33:14,Import,CN,PORT_20,JP,620640,SRTLKS7,I72VWHG,30.56,1.6,1.535,LINE_MODE_10,19.8,Clear
37385928,2020-01-08,21:46:48,Import,CN,PORT_40,NO,854370,3MY6SNQ,DWNJQL8,1159.2,46.0,47.021,LINE_MWIDNS,55.3,Clear
36171732,2020-01-08,06:54:12,Import,CN,PORT_40,UZ,570299,DJ45RKF,Z64QME2,39998.0,140.0,142.828,LINE_MODE_10,60.0,Clear
72496958,2020-01-08,14:10:38,Import,TW,PORT_20,FJ,640690,XODXJ1M,V2KCOV7,1580.79,200.1,191.536,LINE_MODE_10,18.4,Clear
35953568,2020-01-08,05:14:08,Import,FR,PORT_20,GU,200819,HFVWJ5F,CKKGBM5,203423.4,313.2,313.889,LINE_MODE_10,48.1,Clear
69694221,2020-01-08,00:06:21,Import,US,PORT_20,LB,903180,2HRVBDT,FI9N1BX,5146.46,163.9,187.934,LINE_MODE_10,47.9,Low Risk
95115055,2020-01-08,04:30:55,Import,CN,PORT_39,JP,620462,7VURYAG,3L4N43S,54857.3,391.0,404.177,LINE_MWIDNS,62.9,Clear
96933103,2020-01-08,18:19:43,Import,CN,PORT_40,IL,841899,5257CWF,NAILZPA,76961.6,103.0,103.999,LINE_MODE_40,47.1,Clear
34681864,2020-01-08,10:55:04,Import,CN,PORT_20,WS,640199,0UQTFOD,TX08U2J,3109569.0,7457.0,7115.469,LINE_MODE_10,16.5,Clear
93041594,2020-01-08,14:37:14,Import,JP,PORT_40,PG,960830,WQ9DHV6,F9FB4UW,1049.4,4.4,4.572,LINE_MODE_40,66.6,Clear
69365243,2020-01-08,15:15:23,Import,TH,PORT_40,NO,170199,PAHJMHB,GHNOHKV,24840000.0,200000.0,207940.0,LINE_MODE_10,72.9,Clear
78749731,2020-01-08,08:11:31,Import,US,PORT_20,OM,350691,W1Q5UP8,ETRXOCJ,5421.56,33.2,33.057,LINE_MODE_10,43.9,Clear
75323025,2020-01-08,22:03:45,Import,JP,PORT_40,TT,392690,78ISRPP,39MNNB8,0.0,0.0,0.001,LINE_MODE_10,45.8,Clear
60932132,2020-01-08,10:07:32,Import,CN,PORT_20,CA,730840,J1QD5ZU,ES3SHMJ,589022.64,7113.8,7257.499,LINE_MODE_10,60.0,Clear
62017457,2020-01-08,06:36:17,Import,CN,PORT_40,SV,392690,P0QDX3T,5DK3J4D,123.18,205.3,201.748,LINE_MODE_40,29.3,Clear
21123737,2020-01-08,07:14:17,Import,JP,PORT_16,AT,830210,4RUS242,RJ1UEK4,711.18,16.2,17.326,LINE_MODE_10,122.8,Low Risk
94481777,2020-01-08,16:28:17,Import,CN,PORT_20,SD,854370,FX88G8X,87D1Q6L,7350.0,25.0,30.426,LINE_MODE_30,98.4,Low Risk
72157665,2020-01-08,14:47:45,Import,VN,PORT_30,CL,610990,TQRUC5N,9ZM7SXL,343.75,5.5,5.383,LINE_MODE_10,32.6,Clear
64799684,2020-01-08,23:38:44,Import,IT,PORT_40,HN,680291,WA0YDXX,CU4L4OG,11149.2,228.0,244.398,LINE_MODE_10,73.8,Low Risk
64967314,2020-01-08,05:32:34,Import,US,PORT_40,FJ,841221,CEVV3U9,JBBMVLK,993599.6,868.0,849.946,LINE_MODE_10,33.0,Clear
25678207,2020-01-08,23:42:07,Import,CN,PORT_16,BA,940599,IC8D0TO,T1AQKZY,1648.44,48.2,46.161,LINE_MODE_10,18.8,Clear
21515664,2020-01-08,22:58:24,Import,VN,PORT_40,NG,854442,M5XMEUJ,J7QY1M4,89.7,3.0,2.863,LINE_MODE_10,16.5,Clear
18734203,2020-01-08,12:24:43,Import,AT,PORT_30,CR,850760,TQRUC5N,XVV8TAI,12540.0,228.0,218.812,LINE_MODE_40,14.1,Clear
15755706,2020-01-08,00:11:06,Import,ZZ,PORT_40,FJ,840999,TP4IJ45,ONKQE2Z,97.5,5.0,4.916,LINE_MODE_10,35.6,Clear
57496156,2020-01-08,03:25:16,Import,US,PORT_13,PL,392690,37V8B48,PMN0COE,683.4,1139.0,1148.34,LINE_MODE_40,46.1,Clear
61952055,2020-01-08,13:54:15,Import,DE,PORT_20,MN,902620,9HVCGPZ,V7P5ZIU,5561.82,5.3,5.479,LINE_MODE_40,62.9,Clear
35623330,2020-01-08,08:02:10,Import,IT,PORT_13,SI,420231,SHO6C44,KEDMHDN,2996.88,2.4,2.331,LINE_MODE_10,27.7,Clear
94538378,2020-01-08,20:47:38,Import,VN,PORT_20,KR,620520,WLDMOC8,NZ117JH,24596.4,309.0,323.585,LINE_MODE_10,11.8,Clear
46550184,2020-01-08,01:00:24,Import,PH,PORT_40,BR,853710,G4NRBNY,73IBEM8,120921.2,402.4,400.066,LINE_MODE_40,36.9,Clear
32443890,2020-01-08,10:11:30,Import,CN,PORT_20,UZ,640419,4VQG9D8,WRC110G,6050.29,31.3,34.938,LINE_MODE_10,40.7,Low Risk
11003494,2020-01-08,03:35:34,Import,JP,PORT_40,IL,392690,ZEIUWQB,VFJ6JHH,0.0,0.0,0.001,LINE_MODE_10,39.6,Clear
98074303,2020-01-08,23:19:43,Import,CL,PORT_30,LR,030389,Q515MRH,ZYZ8542,17126.0,10.0,10.097,LINE_MODE_10,53.1,Clear
30994380,2020-01-08,05:33:00,Import,JP,PORT_40,SI,848220,QDJAV8N,NJ5WZNZ,664648.0,1655.0,1648.711,LINE_MODE_10,44.2,Clear
97666205,2020-01-08,13:50:05,Import,US,PORT_40,OM,732690,UPI98TY,R1TPBOE,1.5,1.0,1.009,LINE_MODE_10,52.4,Clear
75211431,2020-01-08,10:39:51,Import,FR,PORT_40,DJ,340600,SFSBQZA,0GS8SUL,4598.36,96.2,100.596,LINE_MODE_10,10.9,Clear
63195973,2020-01-08,00:54:13,Import,CN,PORT_30,AM,481920,K5R4ZHQ,7JWU0TJ,6.0,10.0,10.247,LINE_77BN4M,63.0,Clear
38051406,2020-01-08,13:26:06,Import,MX,PORT_20,BR,848320,RHHWF0C,3XISSJR,2739.53,4.3,4.443,LINE_MODE_10,68.6,Clear
96380511,2020-01-08,10:57:51,Import,VN,PORT_39,CL,610620,DF9U4OC,HJ9X4JF,3495.0,10.0,11.626,LINE_VZIZJJ,45.7,Low Risk
35658742,2020-01-08,17:04:22,Import,CN,PORT_30,UZ,340540,FS4C51Q,GUYGO6L,1009400.0,1000.0,905.96,LINE_MODE_10,19.9,Low Risk
18441912,2020-01-08,13:57:12,Import,CN,PORT_20,GG,732393,QWINVIE,ED2RH0Y,981.46,158.3,163.081,LINE_MODE_10,66.6,Clear
13005167,2020-01-08,18:04:47,Import,CN,PORT_20,LR,940310,XAIRRLD,E3Q8ABV,9744.0,420.0,376.828,LINE_MODE_10,30.5,Low Risk
78667867,2020-01-08,19:03:07,Import,CN,PORT_20,NG,392690,KBGE35V,3K5641X,165.6,276.0,283.645,LINE_MWIDNS,59.0,Clear
22847754,2020-01-08,14:59:54,Import,CN,PORT_20,IR,732690,I6ZZMA2,D5BZPHO,2688.3,1792.2,1719.078,LINE_MODE_40,13.8,Clear
82939027,2020-01-08,13:29:07,Import,CN,PORT_13,GN,843680,9PSPPC3,1K8CIUQ,2065.84,4.9,5.134,LINE_MODE_10,12.2,Clear
10908431,2020-01-08,10:03:11,Import,NL,PORT_40,SV,848690,0E1NYSH,OLQ4X81,36442.8,63.6,66.507,LINE_W6UCD9,10.9,Clear
91580002,2020-01-08,18:45:22,Import,US,PORT_20,GU,611090,SEC3Q9L,V5GYLVJ,38.0,10.0,10.352,LINE_MODE_10,69.9,Clear
46805736,2020-01-08,11:11:36,Import,DE,PORT_40,GU,870332,IQQN0GO,E2YQ3KX,9977763.6,1719.0,1750.286,LINE_MODE_10,58.7,Clear
34705703,2020-01-08,23:36:23,Import,MY,PORT_12,MT,440131,NDJQO9A,BRBOKA0,19118580.0,501800.0,506667.46,LINE_W6UCD9,53.1,Clear
59796831,2020-01-08,16:49:51,Import,MY,PORT_20,WS,440929,TPEKS9E,3FA6ILZ,2637800.0,22000.0,23635.04,LINE_MODE_10,8.6,Low Risk
11494012,2020-01-08,18:38:52,Import,RO,PORT_20,BA,420231,FUSIRJS,UR7JUBD,1248.7,1.0,0.98,LINE_MODE_10,33.6,Clear
34673474,2020-01-08,09:15:14,Import,IT,PORT_50,ES,830241,X9IMQQG,Q35G5PQ,19656.0,70.0,69.944,LINE_VZIZJJ,46.2,Clear
44029952,2020-01-08,07:04:32,Import,CN,PORT_40,MT,620459,B2SVOZ1,DWNJQL8,1314.18,1.8,1.818,LINE_MWIDNS,47.4,Clear
39913995,2020-01-08,16:13:15,Import,JP,PORT_16,SV,030353,TL4XR8K,9E29G1X,14013363.0,73330.0,70668.121,LINE_MODE_10,22.7,Clear
62043948,2020-01-08,19:13:48,Import,FR,PORT_20,BG,340600,2VFE057,Z7ACEYX,90.82,1.9,1.923,LINE_MODE_10,54.7,Clear
37576667,2020-01-08,07:29:47,Import,CN,PORT_40,WS,940179,7ODQ8OV,EHO6U6M,24760.4,1036.0,1064.697,LINE_MODE_40,59.0,Clear
20733909,2020-01-08,20:49:09,Import,CN,PORT_40,KR,901910,708A72F,74RRD73,4160.0,800.0,765.36,LINE_MODE_10,18.1,Clear
46924835,2020-01-08,01:00:35,Import,KR,PORT_20,CL,392350,BB6C409,LE98SJC,652.08,85.8,89.549,LINE_MODE_10,75.5,Clear
79133839,2020-01-08,03:41:19,Import,JP,PORT_10,LB,551511,P1TZXEU,HNT1N38,1835.4,42.0,43.751,LINE_MODE_10,74.2,Clear
42866757,2020-01-08,13:37:57,Import,JP,PORT_40,CA,392610,XGVR67F,XB0PB0F,274.08,1.6,1.652,LINE_MODE_10,68.3,Clear
40856989,2020-01-08,13:13:49,Import,JP,PORT_10,SI,901310,UDIM0BC,PH1TX6N,7118.8,2.0,2.033,LINE_MODE_10,57.7,Clear
18799243,2020-01-08,22:28:43,Import,BW,PORT_40,AT,710221,ZDPZYAO,AZI5L7O,1133334.18,0.9,0.958,LINE_EIZP3I,113.8,Low Risk
79540203,2020-01-09,12:18:03,Import,VN,PORT_40,UG,071080,3OFLK2K,DWNJQL8,2426580.0,9150.0,8781.255,LINE_MWIDNS,14.1,Clear
53123806,2020-01-09,02:52:46,Import,CN,PORT_20,TH,392690,ZJSGYKK,3NQIIBS,168.0,280.0,289.296,LINE_MODE_10,68.6,Clear
68092000,2020-01-09,21:06:40,Import,CN,PORT_121,ZZ,620822,6Z3GRB7,Q8SCRD9,37238.4,144.0,158.435,LINE_MAD31N,30.9,Low Risk
21342882,2020-01-09,09:46:42,Import,CN,PORT_40,OM,390390,YIXURHR,WA4HMQ7,1835.0,10.0,9.952,LINE_W6UCD9,37.5,Clear
55514251,2020-01-09,09:53:31,Import,AU,PORT_30,OM,151590,X3UAL7C,XNWCKRF,200336.0,760.0,787.132,LINE_MODE_10,70.3,Clear
30572766,2020-01-09,00:02:06,Import,CN,PORT_40,MG,702000,YLLBMD1,YBRGV02,162.64,3.8,3.622,LINE_MODE_40,9.8,Clear
62297756,2020-01-09,19:51:56,Import,NI,PORT_20,JP,630790,VZ8JFY8,Q35G5PQ,690.0,300.0,351.192,LINE_MODE_10,53.6,Low Risk
38145181,2020-01-09,23:09:01,Import,JP,PORT_40,CL,902290,34DTEA6,XQ1Q0Y3,1978.8,4.0,4.083,LINE_MODE_40,54.4,Clear
94102098,2020-01-09,06:16:18,Import,CN,PORT_40,ZZ,071080,HKY99VI,W4V0X6S,33415200.0,126000.0,124387.2,LINE_MODE_40,32.2,Clear
31816934,2020-01-09,11:46:14,Import,CN,PORT_40,AT,940350,MGRK1CI,I1AKNFO,819774.2,5114.0,4956.489,LINE_MODE_40,20.4,Clear
19037549,2020-01-09,18:56:29,Import,JP,PORT_30,AT,940560,Q3SR03L,HVMG4TJ,122535.49,278.3,288.514,LINE_MODE_10,70.9,Clear
15878080,2020-01-09,21:14:40,Import,CN,PORT_40,GG,442199,ZHHO76W,SWNC92M,5301.0,10.0,10.462,LINE_MODE_10,11.2,Clear
90395089,2020-01-09,17:48:49,Import,JP,PORT_40,MT,392690,WGUPM41,ORFDFOK,0.0,0.0,0.001,LINE_MODE_40,18.7,Clear
36070729,2020-01-09,23:42:49,Import,TW,PORT_20,UG,854231,4KVP8Q8,G4SWDNA,152317.82,75.1,78.607,LINE_MODE_10,11.5,Clear
87270386,2020-01-09,06:42:26,Import,CN,PORT_20,ES,420222,TVDDDNX,LYC5SZ1,508950.0,1500.0,1564.8,LINE_MODE_10,75.2,Clear
49287640,2020-01-09,21:40:40,Import,CN,PORT_40,NO,851770,K5LX9CJ,JCH98U6,5701.08,30.8,29.759,LINE_MODE_40,18.4,Clear
19821365,2020-01-09,22:16:05,Import,PK,PORT_21,WS,630790,0I877X7,37FNJH5,23.0,10.0,10.471,LINE_MODE_40,102.6,Low Risk
56499032,2020-01-09,22:42:32,Import,JP,PORT_40,WS,960820,XIM8JAB,TZYQV3Q,166.17,8.7,8.441,LINE_W6UCD9,21.0,Clear
81010415,2020-01-09,17:13:35,Import,CN,PORT_20,CR,392390,M1ASSZP,22A36WL,113.81,59.9,57.127,LINE_MODE_10,16.1,Clear
39797936,2020-01-09,21:54:56,Import,BR,PORT_40,HN,230400,H1JN10U,42VLJD6,197700000.0,1000000.0,1018200.0,LINE_MODE_10,58.7,Clear
93452098,2020-01-09,12:22:58,Import,CN,PORT_40,BA,848190,RKDII26,23RIU88,2853.5,65.0,71.724,LINE_MODE_10,37.7,Low Risk
32682440,2020-01-09,11:47:20,Import,JP,PORT_40,LR,731414,OPEXSZZ,UKWGKPZ,7251.2,22.0,21.256,LINE_MODE_10,24.4,Clear
72143664,2020-01-09,06:18:24,Import,US,PORT_20,SD,681599,SEC3Q9L,G5IG9YY,15.72,0.4,0.365,LINE_MODE_10,13.6,Low Risk
16358559,2020-01-09,11:26:39,Import,IT,PORT_151,BA,551020,ZNK019C,1NYE9WJ,69918.81,79.3,77.849,LINE_MWIDNS,34.6,Clear
96317465,2020-01-09,11:11:05,Import,CN,PORT_30,DJ,732393,LDQPSP6,0JAM5RW,45860.78,7396.9,7239.346,LINE_MODE_10,32.6,Clear
84744775,2020-01-09,19:52:55,Import,CN,PORT_20,RS,650500,Y9ARV69,X75ZWT5,732.6,198.0,192.793,LINE_MODE_10,29.3,Clear
70303537,2020-01-09,17:37:37,Import,IT,PORT_33,WS,420219,W3BRIO4,158RQO3,17.3,1.0,1.043,LINE_MODE_40,68.9,Clear
38135522,2020-01-09,15:44:02,Import,US,PORT_40,BA,720449,0MX22NJ,4QC013K,135.0,50.0,48.76,LINE_MODE_40,24.3,Clear
92663568,2020-01-09,16:40:48,Import,TH,PORT_20,AT,854233,KSK1MEM,SQBH3O9,319960.64,0.4,0.401,LINE_MODE_10,48.1,Clear
81167623,2020-01-09,07:01:43,Import,CN,PORT_16,CR,390799,UQS520K,Y5ZLHGH,4496400.0,36000.0,37789.2,LINE_MODE_10,13.5,Clear
60940612,2020-01-09,17:48:52,Import,CN,PORT_20,SI,620433,3QLW1NY,BZWBORZ,34693.2,138.0,135.268,LINE_MODE_10,33.6,Clear
53833185,2020-01-09,04:39:45,Import,CN,PORT_10,SI,701399,KGR47BK,Z46YLS4,1278.9,87.0,88.627,LINE_MODE_10,59.0,Clear
72136074,2020-01-09,02:11:54,Import,CN,PORT_40,IR,853890,3QP5HIS,CEHPS1I,2200.0,110.0,109.912,LINE_W6UCD9,40.2,Clear
62953018,2020-01-09,20:24:58,Import,CN,PORT_40,GG,711719,YYJGCX5,3EVLVZQ,91.75,2.5,2.568,LINE_MODE_40,58.6,Clear
89847685,2020-01-09,15:21:25,Import,CN,PORT_40,DJ,640299,IKJ95I6,DWNJQL8,411200.0,4000.0,3874.8,LINE_MWIDNS,20.0,Clear
90293936,2020-01-09,00:34:56,Import,CN,PORT_20,WS,382499,O23B944,RZM2Z77,250000.0,20000.0,20364.0,LINE_MODE_10,58.7,Clear
75080422,2020-01-09,15:32:22,Import,DE,PORT_40,CA,870323,9QVY8XS,E44MM7Y,22213.0,2290.0,2385.081,LINE_MODE_40,99.0,Low Risk
61941759,2020-01-09,01:26:39,Import,CN,PORT_20,JP,570299,4TNV14J,1CN7YRL,19999.0,70.0,68.719,LINE_MODE_10,34.6,Clear
79920994,2020-01-09,07:20:34,Import,CN,PORT_40,FJ,701399,OSU67BV,5Z3X17V,2646.0,180.0,191.506,LINE_MODE_40,113.3,Low Risk
77615101,2020-01-09,11:01:01,Import,CN,PORT_40,TH,610832,0KM8U4S,NAY7DAZ,23170.32,45.9,44.096,LINE_MODE_10,20.8,Clear
37341596,2020-01-09,07:35:56,Import,TW,PORT_20,IL,290539,JAVDGIZ,LOBP18S,4064000.0,16000.0,15811.2,LINE_MODE_10,38.9,Clear
24414649,2020-01-09,01:54:49,Import,JP,PORT_30,SI,901890,LDQPSP6,QG0LLSS,12640.8,4.0,3.947,LINE_MODE_10,37.9,Clear
54134478,2020-01-09,12:09:18,Import,JP,PORT_20,TH,370500,RZ3H5TT,680QTQH,56657.5,0.5,0.499,LINE_MODE_10,44.8,Clear
86042895,2020-01-09,09:48:15,Import,JP,PORT_40,MG,330491,EH9FM1K,ZNC89SY,7066.0,20.0,20.274,LINE_VZIZJJ,49.7,Clear
89663978,2020-01-09,10:47:38,Import,TW,PORT_40,AM,854232,KP76RGZ,OZB7KED,4262.86,0.7,0.733,LINE_MODE_40,5.8,Clear
96895773,2020-01-09,07:17:33,Import,CN,PORT_20,UZ,293369,1WZDPG3,71KRF9P,8640800.0,14000.0,14345.8,LINE_MODE_10,63.0,Clear
61293222,2020-01-09,23:05:42,Import,NZ,PORT_20,FJ,760200,39TQVAW,DHGO4GS,178948.0,18260.0,18720.152,LINE_MODE_10,63.3,Clear
19011997,2020-01-09,13:58:37,Import,CN,PORT_20,MN,950691,QZ039HN,7QOBTB2,2464.32,181.2,183.501,LINE_MODE_10,55.1,Clear
99163753,2020-01-09,19:57:13,Import,DK,PORT_40,AM,230990,YP2SJG1,OB00LGF,266700.0,500.0,528.36,LINE_MODE_10,114.7,Low Risk
86949114,2020-01-09,20:55:54,Import,CN,PORT_40,BR,620343,R1SHNR9,B8IYAKM,7508.8,38.0,37.21,LINE_MODE_40,27.0,Clear
24993204,2020-01-09,00:57:24,Import,CN,PORT_40,HU,392690,J1QD5ZU,D30SM2I,5.4,9.0,8.858,LINE_MWIDNS,30.3,Clear
48539772,2020-01-09,02:28:12,Import,TW,PORT_20,PL,940599,JA1DWLP,XOWXO9L,68.4,2.0,2.29,LINE_MODE_10,47.6,Low Risk
56922206,2020-01-09,12:39:26,Import,CN,PORT_20,CL,854449,5H5C7Y8,J0VNRFI,4641016.64,14631.2,15116.956,LINE_MODE_10,68.6,Clear
50200526,2020-01-09,09:31:26,Import,GB,PORT_30,OM,210690,EY7EXNC,IR57BHP,1265.0,10.0,9.732,LINE_MODE_10,29.0,Clear
33529477,2020-01-09,22:36:37,Import,CN,PORT_20,NG,852871,8F26VNV,EUFUO35,24480.0,20.0,19.454,LINE_MODE_40,22.7,Clear
39469607,2020-01-09,09:18:47,Import,CN,PORT_40,LB,392350,6SSQC4O,SA41RE1,9134.44,1201.9,1151.06,LINE_MODE_10,18.8,Clear
72058628,2020-01-09,22:25:08,Import,JP,PORT_20,DJ,950639,JK37SOJ,MM7MN4S,2987.04,5.6,5.444,LINE_MODE_40,22.3,Clear
52345210,2020-01-09,13:00:10,Import,CA,PORT_40,MN,710812,F0O2PIM,7PN0VA5,89821950.0,75.0,77.34,LINE_MODE_40,61.3,Clear
57780820,2020-01-09,08:53:40,Import,CN,PORT_40,PG,620333,UWHF4BV,DWNJQL8,8864.0,80.0,78.096,LINE_W6UCD9,25.0,Clear
71348964,2020-01-09,13:33:24,Import,CN,PORT_40,CL,071080,QLZW6LG,42VLJD6,14073600.0,48000.0,48201.6,LINE_MODE_10,49.5,Clear
40758180,2020-01-09,21:43:00,Import,CN,PORT_40,LV,851660,9DVCFAQ,C9DXOFP,2542669.68,7227.6,7200.135,LINE_MWIDNS,38.2,Clear
49582888,2020-01-09,20:29:28,Import,CN,PORT_30,BR,902519,71N79VB,3UWEQ2M,10.62,0.1,0.104,LINE_MODE_10,74.5,Clear
60625284,2020-01-09,10:45:24,Import,CA,PORT_30,CD,285390,D4M916M,CIIR1J8,999795.6,4.5,4.699,LINE_MODE_10,75.9,Clear
10225452,2020-01-09,23:36:12,Import,IT,PORT_20,IL,680291,LZN3KPL,0F47USG,11149.2,228.0,207.357,LINE_MODE_10,17.0,Low Risk
34513899,2020-01-09,02:35:39,Import,CN,PORT_20,PY,630710,9Y7SZU5,CAAU24O,7.1,1.0,1.012,LINE_MODE_10,54.4,Clear
24628188,2020-01-09,01:57:48,Import,CN,PORT_20,MG,854110,OUDRKX8,IUW8U8Z,159.2,1.6,1.588,LINE_MODE_10,41.5,Clear
51919843,2020-01-09,22:38:43,Import,CN,PORT_30,IL,851640,FSSR11R,S07J714,10362083.25,7982.5,8299.405,LINE_MODE_10,72.9,Clear
28417610,2020-01-09,09:06:50,Import,FR,PORT_40,LV,731822,6SL4SRI,ZR51MQY,0.0,0.0,0.001,LINE_MODE_10,67.3,Clear
58926365,2020-01-09,12:46:05,Import,CN,PORT_20,GN,071080,83WCKKY,UQHMADE,31824000.0,120000.0,123444.0,LINE_MODE_10,65.6,Clear
16058450,2020-01-09,08:00:50,Import,CN,PORT_16,CA,120890,HT916RV,NSKVI02,5529000.0,15000.0,15168.0,LINE_MODE_10,54.1,Clear
88064895,2020-01-09,11:28:15,Import,CN,PORT_30,PY,853949,O7F1SG2,1TDY8JC,13812.9,8.2,9.744,LINE_MODE_10,93.3,Low Risk
68087410,2020-01-09,01:50:10,Import,PH,PORT_20,CR,350520,XLI4D0G,MV4LB52,1033318.0,220.0,226.864,LINE_MODE_10,67.3,Clear
46047317,2020-01-09,22:27:17,Import,CN,PORT_20,LB,830140,226QR5E,XC641JQ,11.64,0.4,0.381,LINE_MODE_10,15.5,Clear
26561771,2020-01-09,02:12:11,Import,IT,PORT_40,BA,611090,K32RFX9,YQ3VH9Y,25.08,6.6,6.44,LINE_MODE_40,24.7,Clear
77185813,2020-01-09,14:58:13,Import,CN,PORT_40,PL,902730,3K3BCZK,DWNJQL8,37004.0,29.0,29.136,LINE_MWIDNS,43.8,Clear
10445645,2020-01-09,17:54:05,Import,DE,PORT_20,WS,902750,2SRKEXW,WDFP9RE,184096.8,108.0,119.69,LINE_MODE_10,38.8,Low Risk
13146195,2020-01-09,20:43:15,Import,CN,PORT_20,MN,391810,E808G5S,W1FW5K9,125268.0,1320.0,1272.084,LINE_W5AYVM,16.7,Clear
39897010,2020-01-09,03:10:10,Import,TH,PORT_40,SV,854233,3VDOPXV,696C2Y3,319960.64,0.4,0.412,LINE_MODE_10,67.3,Clear
88746309,2020-01-09,09:09:09,Import,CN,PORT_40,LV,950300,HQIIUDN,D67DXHH,264.39,2.1,2.009,LINE_MODE_40,12.1,Clear
92416105,2020-01-09,20:48:25,Import,DE,PORT_40,LR,850440,AYI96MF,AZMZUY5,3271.5,7.5,7.19,LINE_MODE_40,13.4,Clear
78171579,2020-01-09,17:43:39,Import,CN,PORT_16,AT,420232,NYODI3A,W8M5371,2586.0,30.0,29.151,LINE_MODE_40,22.0,Clear
73584428,2020-01-09,22:15:08,Import,US,PORT_40,FJ,390190,KAX2OZW,K9HATCM,2628000.0,20000.0,19444.0,LINE_W6UCD9,22.3,Clear
78765355,2020-01-09,02:55:55,Import,RU,PORT_13,SV,151219,2XLPXFO,S9XEN09,191776788.0,410130.0,403444.881,LINE_MODE_40,29.9,Clear
91451065,2020-01-09,00:44:25,Import,CN,PORT_40,EC,110630,B25T434,7TKBH6M,29340.0,150.0,146.805,LINE_MODE_10,32.6,Clear
74298802,2020-01-09,10:25:22,Import,CN,PORT_20,IR,640399,MAHYJ16,32RVS06,5530.8,22.0,22.774,LINE_MODE_40,63.9,Clear
91194195,2020-01-09,04:43:15,Import,CN,PORT_40,CL,420299,DAQJIIK,LNLVLF3,597.52,61.6,59.364,LINE_MWIDNS,16.7,Clear
67738060,2020-01-09,14:47:40,Import,US,PORT_20,RS,903082,HTCHOL5,U8D0AP1,0.0,0.0,0.001,LINE_MODE_10,17.8,Clear
87179752,2020-01-09,22:27:52,Import,VN,PORT_10,OM,071080,3CDUKNO,TWMYJQ9,5304000.0,20000.0,20204.0,LINE_MODE_40,47.4,Clear
39613866,2020-01-09,19:27:06,Import,MY,PORT_40,AT,841899,HW96MLB,ATWJLGG,53000.08,610.6,705.023,LINE_W6UCD9,43.8,Low Risk
95049032,2020-01-09,11:02:32,Import,CN,PORT_62,BA,420292,G4YLYYZ,M435WS9,5950.0,100.0,97.02,LINE_MODE_50,23.0,Clear
71071507,2020-01-09,20:57:07,Import,CN,PORT_16,LR,850519,GGAFVVL,M21A5LW,1049082.1,3443.0,3469.511,LINE_MODE_10,51.8,Clear
15171780,2020-01-09,10:23:00,Import,CN,PORT_40,OM,070959,EHQSRSG,68AGXNA,3753.9,3.0,2.989,LINE_W6UCD9,38.2,Clear
55508970,2020-01-09,01:09:30,Import,MY,PORT_30,NG,721633,NHQAOYF,AGEBSW5,11249222.4,52128.0,49584.154,LINE_MODE_10,14.5,Clear
18016813,2020-01-09,11:08:13,Import,CN,PORT_40,LV,851762,UAB395I,E7J9W0X,40567032.0,2346.0,2357.026,LINE_MODE_10,49.8,Clear
30539752,2020-01-09,01:07:52,Import,US,PORT_30,AM,902730,OMJAAKZ,J6WUW44,3828.0,3.0,3.031,LINE_MODE_40,47.4,Clear
45002946,2020-01-09,20:25:06,Import,CN,PORT_30,CR,090421,26T1MH5,0OIFFAX,16499200.0,16000.0,15411.2,LINE_MODE_10,22.4,Clear
22715441,2020-01-09,07:46:41,Import,CN,PORT_30,UZ,071080,VN5EHP0,SS0XQE2,31824000.0,120000.0,118884.0,LINE_MODE_10,40.6,Clear
92772250,2020-01-09,18:44:10,Import,KR,PORT_40,NO,711719,Z65FV2R,OJSCAW7,34.1,0.5,0.506,LINE_MODE_10,54.1,Clear
17311513,2020-01-09,03:13:13,Import,CN,PORT_20,CA,620640,XSRVPWD,716T6M8,651.31,34.1,32.555,LINE_MODE_10,16.8,Clear
57255719,2020-01-09,17:05:59,Import,CN,PORT_16,TH,392690,XSCA6RD,DYFHWW4,52.2,87.0,100.036,LINE_MODE_10,48.7,Low Risk
53781570,2020-01-09,17:19:30,Import,CN,PORT_20,NO,950640,FWVNMKK,XJPIVV6,8756.8,26.0,24.731,LINE_MODE_10,14.5,Clear
78557683,2020-01-09,06:02:43,Import,GB,PORT_40,ES,854442,PY7XMR6,7S4CPMV,613.1,0.5,0.703,LINE_MODE_40,148.7,Critical
97603090,2020-01-09,16:38:10,Import,CN,PORT_30,HU,851822,A4R2DFB,5PUI90I,27017.76,190.4,188.724,LINE_MODE_10,40.9,Clear
85525329,2020-01-09,22:26:09,Import,FR,PORT_62,CR,330499,P28B2P6,4L55OUI,2833.6,112.0,117.23,LINE_LYVC23,7.5,Clear
13511512,2020-01-09,07:03:52,Import,CN,PORT_40,IL,680293,9591IVE,ORZ6CO0,263520.0,24400.0,25136.88,LINE_W6UCD9,60.6,Clear
25404232,2020-01-09,06:35:52,Import,CN,PORT_20,OM,854370,6W7C6MT,657KM15,3712.0,320.0,310.464,LINE_MODE_10,27.0,Clear
27068379,2020-01-09,22:23:39,Import,CN,PORT_20,NO,851290,FSVBX9A,7GX8XJ6,36420.4,332.0,322.604,LINE_MODE_40,22.0,Clear
28703195,2020-01-09,11:26:35,Import,CN,PORT_10,UG,621430,YP2SJG1,8G2ODGB,9621.0,90.0,86.733,LINE_MODE_10,22.7,Clear
12085669,2020-01-09,05:11:49,Import,CN,PORT_53,UZ,610822,F501XQ6,2C7OJV5,23079.0,98.0,95.717,LINE_MODE_10,31.3,Clear
92436502,2020-01-09,20:40:22,Import,JP,PORT_40,OM,840721,1ZNY80M,Q8YJNKG,316642.0,278.0,304.977,LINE_W6UCD9,30.2,Low Risk
65678948,2020-01-09,18:17:08,Import,DE,PORT_30,HN,870899,QYBRXS4,F1MQML8,45.5,6.5,7.692,LINE_MODE_40,50.7,Low Risk
85301309,2020-01-09,17:32:29,Import,US,PORT_20,MT,950440,HW96MLB,DHGO4GS,2491348.92,16433.7,15722.121,LINE_MODE_10,18.1,Clear
74183196,2020-01-09,20:02:36,Import,SG,PORT_13,BA,854370,7C75LYT,GGIMWDE,247240.35,76.5,75.597,LINE_MWIDNS,32.9,Clear
14494712,2020-01-09,02:50:32,Import,CN,PORT_62,CA,950629,2SI81TC,XDKKELS,204318.4,494.0,508.919,LINE_VZIZJJ,66.6,Clear
87805758,2020-01-09,13:17:18,Import,VN,PORT_40,MT,391990,SCJQY0U,KDLLHDR,700.0,7000.0,6700.4,LINE_MWIDNS,18.4,Clear
99290248,2020-01-09,04:05:28,Import,CN,PORT_33,SI,844399,7ZR16FJ,LUISCFY,6470.45,97.3,93.622,LINE_MODE_10,21.7,Clear
21407976,2020-01-09,04:15:36,Import,CN,PORT_20,PL,691110,ZY86O29,FT8PVWH,29960.0,80.0,79.856,LINE_MODE_10,45.5,Clear
80815646,2020-01-10,17:43:26,Import,CN,PORT_40,SD,030192,8V9TP7G,8CSEUU6,9035000.0,2000.0,2026.4,LINE_MODE_40,49.4,Clear
77286758,2020-01-10,00:40:38,Import,MY,PORT_40,MN,854370,HFVWJ5F,PY9S09O,8347.46,3794.3,3631.904,LINE_MODE_40,12.4,Clear
26258497,2020-01-10,14:53:37,Import,VN,PORT_40,RS,620343,RKDII26,KIMCL10,108541.68,549.3,528.811,LINE_MWIDNS,16.1,Clear
43365777,2020-01-10,12:14:57,Import,DE,PORT_40,SV,940520,W91PYW1,AZI5L7O,2575.2,8.0,8.182,LINE_MODE_40,55.7,Clear
93512744,2020-01-10,19:29:44,Import,CN,PORT_40,WS,901890,OZ753MD,Y0ORPFY,1081.45,21.5,21.805,LINE_MODE_40,50.1,Clear
52603806,2020-01-10,07:46:06,Import,CN,PORT_30,CA,720229,XIKK7OW,SZJ8N8R,58666.1,23.0,23.764,LINE_MODE_10,68.6,Clear
18913481,2020-01-10,07:40:41,Import,CN,PORT_40,HN,761699,PCW8KX7,23RIU88,11750.0,940.0,912.458,LINE_MODE_40,21.4,Clear
39750177,2020-01-10,07:54:57,Import,CN,PORT_40,RS,851762,RTFLHKO,KXFBS1E,7192.0,49.6,60.365,LINE_MODE_40,96.4,Low Risk
10149118,2020-01-10,04:39:58,Import,JP,PORT_40,PG,902480,M1ZCQ8W,KYXZBS0,19807.8,6.0,5.863,LINE_MODE_40,25.6,Clear
95767783,2020-01-10,06:37:43,Import,CN,PORT_40,LR,392690,3EHX9CF,T2Z885Y,150.0,250.0,225.702,LINE_MODE_40,16.5,Low Risk
85473364,2020-01-10,19:40:04,Import,MA,PORT_82,LV,620339,W5UV7W8,W5S5E2I,1252.9,1.0,1.158,LINE_MODE_40,44.6,Low Risk
78071056,2020-01-10,18:40:16,Import,DE,PORT_20,EC,390690,57ECW03,X2D9TDI,20079.0,345.0,314.247,LINE_MODE_10,15.9,Low Risk
12480877,2020-01-10,23:46:37,Import,JP,PORT_40,EC,392690,S6BWQ6D,OP5AL7R,15.8,0.5,0.486,LINE_MODE_40,22.7,Clear
88664735,2020-01-10,07:25:35,Import,CN,PORT_40,GN,621490,NRGE19Z,L49P9ZU,609.26,4.1,4.609,LINE_MODE_40,36.6,Low Risk
15107482,2020-01-10,00:23:22,Import,CN,PORT_30,AM,620453,JJUIHPV,7UXMIRC,600.0,15.0,14.928,LINE_MODE_10,43.5,Clear
68363494,2020-01-10,08:55:34,Import,DE,PORT_40,AT,902790,YLLBMD1,XRQRQ14,24958.0,5.0,4.946,LINE_VZIZJJ,33.6,Clear
76565761,2020-01-10,11:32:01,Import,CN,PORT_20,OM,841869,42I86IC,5U5EWL2,37769.6,116.0,119.561,LINE_MODE_10,67.0,Clear
94109244,2020-01-10,23:51:24,Import,CN,PORT_40,UZ,940490,TN7D82K,KDLLHDR,120166.2,5202.0,5015.768,LINE_MODE_40,17.1,Clear
86827628,2020-01-10,20:55:08,Import,CN,PORT_20,UG,701337,W91PYW1,K1ZCGPS,21621.6,1638.0,1592.464,LINE_MODE_10,28.3,Clear
14396049,2020-01-10,08:18:09,Import,AT,PORT_150,LB,853890,XPVKOGN,W5M3GOV,68.0,3.4,3.746,LINE_MODE_40,31.3,Low Risk
24543520,2020-01-10,20:18:40,Import,MM,PORT_20,SI,610831,FF7J7GH,HDI2B1W,834500.0,1000.0,1026.2,LINE_MODE_10,64.0,Clear
81150357,2020-01-10,23:57:57,Import,KR,PORT_40,BA,900120,V0A07Q5,S1N2WHR,896.22,2.6,2.685,LINE_MODE_40,62.3,Clear
92019518,2020-01-10,21:06:38,Import,CN,PORT_40,AM,902490,HI9ZV4Y,DWNJQL8,2911.5,15.0,14.658,LINE_MODE_40,25.6,Clear
44211892,2020-01-10,10:56:52,Import,SE,PORT_40,SI,180690,4TNV14J,6V8QPPW,4138.8,12.0,12.786,LINE_MODE_40,114.3,Low Risk
50892361,2020-01-10,08:02:01,Import,CN,PORT_30,NG,640299,I02VRS5,K2ZFUPI,143.92,1.4,1.443,LINE_MODE_40,61.0,Clear
57340159,2020-01-10,21:53:19,Import,CN,PORT_10,UZ,854442,TOOEFIB,NCRWGVW,687.7,23.0,22.579,LINE_MODE_10,34.6,Clear
84769095,2020-01-10,07:58:15,Import,CN,PORT_40,HU,847590,708A72F,UTNPOCA,14266.0,14.0,14.192,LINE_MODE_40,49.7,Clear
57094466,2020-01-10,00:30:26,Import,AT,PORT_40,NG,901580,LUTPTAZ,PG5RSF3,0.0,0.0,0.001,LINE_MWIDNS,42.8,Clear
76048150,2020-01-10,09:09:10,Import,CN,PORT_40,SD,420212,MVOVGFU,DC8ZFRX,2560.0,20.0,19.224,LINE_MODE_40,15.1,Clear
32620169,2020-01-10,11:53:29,Import,CN,PORT_40,GN,321590,HFVWJ5F,43MSLZK,144.97,1.9,1.951,LINE_MODE_40,58.3,Clear
58426206,2020-01-10,01:06:06,Import,DK,PORT_16,WS,900319,TKOG328,8TV2NK3,86.44,0.4,0.413,LINE_MODE_40,62.6,Clear
85666994,2020-01-10,06:07:14,Import,CN,PORT_20,GG,852859,JF0CFHM,4BJHN79,160.7,0.2,0.208,LINE_MODE_10,72.6,Clear
34815065,2020-01-10,15:11:05,Import,KR,PORT_40,GG,900120,CNIHSJS,RZM2Z77,896.22,2.6,2.545,LINE_MODE_40,26.6,Clear
23394369,2020-01-10,19:50:09,Import,CN,PORT_40,OM,392690,VM8E931,31R3APF,7.02,11.7,12.214,LINE_MODE_40,100.5,Low Risk
97666442,2020-01-10,08:06:02,Import,CN,PORT_20,BA,420212,202D60E,KH8ZSW8,2133.0,30.0,30.456,LINE_MODE_10,56.7,Clear
17978959,2020-01-10,16:13:19,Import,DE,PORT_20,CA,382499,9GUGTXO,QQCZLLU,29764.75,33.5,32.887,LINE_MODE_10,34.6,Clear
51459829,2020-01-10,14:27:49,Import,CN,PORT_40,IL,620640,708A72F,OZB7KED,515.7,27.0,26.911,LINE_MODE_40,38.5,Clear
50954253,2020-01-10,05:45:33,Import,CN,PORT_40,SD,848190,7EQ5F4K,0C7GML2,219.5,5.0,4.924,LINE_MODE_10,36.6,Clear
46600596,2020-01-10,06:12:36,Import,RU,PORT_20,AM,030391,O5J30E8,AM05MDE,5684208.75,16942.5,16742.578,LINE_MODE_10,38.9,Clear
25141518,2020-01-10,22:33:18,Import,CN,PORT_20,MN,392690,YP2SJG1,F4RJ458,72.0,120.0,107.707,LINE_MWIDNS,30.1,Low Risk
60535882,2020-01-10,19:23:22,Import,CN,PORT_82,IL,902590,DV2URER,0975AHI,1006.8,4.0,4.516,LINE_MODE_10,43.8,Low Risk
40849132,2020-01-10,12:50:52,Import,CN,PORT_20,PY,621290,M5KYBBQ,AUJYYY2,33625.6,284.0,289.737,LINE_MODE_10,60.0,Clear
95812188,2020-01-10,07:17:48,Import,CN,PORT_40,BR,620453,XSRVPWD,B6C4G68,1160.0,29.0,28.774,LINE_MODE_40,35.5,Clear
98743203,2020-01-10,10:28:03,Import,JP,PORT_40,MG,620690,6NSD7ZQ,7ESDPCM,405.44,1.4,1.344,LINE_MODE_40,14.1,Clear
16248519,2020-01-10,12:52:39,Import,GB,PORT_40,SI,300410,EMDGPW6,RGIIHEQ,44379180.0,1800.0,1803.06,LINE_MODE_40,41.8,Clear
37730267,2020-01-10,18:09:47,Import,CN,PORT_40,UZ,391810,VAVNV9D,KXJKVNF,48875.0,250.0,256.925,LINE_MODE_40,59.0,Clear
89238147,2020-01-10,16:34:27,Import,KR,PORT_40,LR,847990,JEPMZPR,LO7HFXM,10495.05,46.5,51.384,LINE_MODE_10,38.1,Low Risk
38567773,2020-01-10,07:44:13,Import,JP,PORT_40,EC,300490,4F0B94X,XBNP9G3,2446.4,8.8,9.017,LINE_MODE_40,57.0,Clear
10026078,2020-01-10,15:49:18,Import,CN,PORT_40,BA,540233,RR7HTNB,ZBIQ599,222156.0,360.0,358.992,LINE_EIZP3I,38.8,Clear
67143363,2020-01-10,08:44:03,Import,TR,PORT_40,MG,400921,SM5PECL,O6POASB,28569626.4,17948.0,17583.656,LINE_MODE_10,33.3,Clear
78529292,2020-01-10,02:13:32,Import,CN,PORT_40,BA,870880,G8TLGS2,AZI5L7O,554296.5,2565.0,2733.059,LINE_MODE_40,114.3,Low Risk
79069466,2020-01-10,00:40:26,Import,DK,PORT_20,AM,940520,WX3TDB6,9Z75YQ4,2889.0,10.0,10.032,LINE_MODE_10,48.8,Clear
16137986,2020-01-10,23:42:26,Import,KR,PORT_40,PG,760200,M2SYR5O,0PENNEZ,2214.8,226.0,235.763,LINE_MWIDNS,69.2,Clear
27400724,2020-01-10,03:02:44,Import,CN,PORT_16,CR,481890,WO1J35Z,CAOXAQT,1140678.72,7971.2,8164.103,LINE_MODE_40,56.7,Clear
99466887,2020-01-10,05:53:27,Import,CN,PORT_40,BR,620829,ZYVOW2Z,W637S9O,1100.58,1.7,1.73,LINE_MWIDNS,52.4,Clear
96452257,2020-01-10,17:09:37,Import,UA,PORT_40,LR,120810,TU3YDAL,DWNJQL8,607880.0,1820.0,1788.514,LINE_MODE_40,29.3,Clear
46540898,2020-01-10,00:09:38,Import,JP,PORT_30,MN,902790,ZFMXJD3,42VLJD6,658.62,1.8,1.986,LINE_MODE_10,37.7,Low Risk
91925509,2020-01-10,14:55:49,Import,CN,PORT_20,SI,701399,OKD9RP0,UFO3ZSU,2646.0,180.0,164.144,LINE_MODE_10,15.0,Low Risk
37647685,2020-01-10,11:21:25,Import,PK,PORT_40,MG,121150,PM6V876,SRA4AJI,419.3,1.0,0.969,LINE_MODE_50,22.0,Clear
18608713,2020-01-10,11:33:13,Import,FR,PORT_20,FJ,731822,KVZ7CVX,UOOH9ZX,0.0,0.0,0.001,LINE_MODE_40,10.8,Clear
16087457,2020-01-10,08:16:17,Import,CN,PORT_40,PL,841869,QH6C3BD,VBOQV8H,32560.0,100.0,89.371,LINE_MODE_40,28.3,Low Risk
87264950,2020-01-10,07:35:50,Import,CN,PORT_40,SV,961800,AWKO4EX,WRUMS0F,11226.87,38.7,37.198,LINE_MWIDNS,15.1,Clear
81432551,2020-01-10,00:05:11,Import,MY,PORT_40,TT,382312,IWH4YJJ,DZP9PQT,6855672.0,19860.0,19576.002,LINE_MODE_10,37.3,Clear
72490514,2020-01-10,09:59:14,Import,KR,PORT_30,PL,382590,US4ABZL,XF34IOQ,28236.0,5430.0,5317.056,LINE_MODE_40,27.0,Clear
56547260,2020-01-10,20:54:20,Import,CN,PORT_16,MG,620892,KZH9RKG,CBIVGZW,9086.0,110.0,100.349,LINE_W5AYVM,10.7,Low Risk
32121702,2020-01-10,07:53:42,Import,CN,PORT_16,CA,940540,A0ZYCFI,P4RO380,144.2,14.0,13.793,LINE_MODE_10,36.9,Clear
46123990,2020-01-10,08:53:10,Import,IN,PORT_30,KR,294190,ZAGEEFD,6QW9CIA,113854.5,15.0,15.618,LINE_MODE_10,73.9,Clear
61243543,2020-01-10,00:33:43,Import,CN,PORT_20,SV,850440,OVZSYYN,BEOBMSR,3737.36,1205.6,1193.182,LINE_MODE_10,39.9,Clear
51481473,2020-01-10,20:12:33,Import,FR,PORT_40,MG,731822,05XSCCC,EHRLSBY,0.0,0.0,0.001,LINE_MODE_40,24.0,Clear
52432991,2020-01-10,00:39:11,Import,CN,PORT_40,ZZ,845150,YLAV6AK,P3I462Q,9084800.0,27200.0,26267.04,LINE_MODE_40,18.1,Clear
16567132,2020-01-10,11:50:52,Import,CN,PORT_40,CR,382499,0VMJ9TM,AZWJ7NG,150000.0,12000.0,12242.4,LINE_MODE_40,54.0,Clear
59139687,2020-01-10,11:53:27,Import,MG,PORT_40,ML,950699,BRN28AC,2OJ90LK,2335.76,38.8,46.6,LINE_MODE_40,91.3,Low Risk
65550527,2020-01-10,06:00:47,Import,CN,PORT_20,ES,081340,TJ0SUA2,E3Q8ABV,1533424.0,2390.0,2384.503,LINE_MODE_10,45.2,Clear
51373384,2020-01-10,23:27:04,Import,CN,PORT_40,ES,847590,1W3V9JB,PF1L1IG,14266.0,14.0,13.919,LINE_MODE_40,36.9,Clear
43687375,2020-01-10,07:02:55,Import,GB,PORT_40,MN,300410,C0GDPL1,HBJXEK9,44379180.0,1800.0,1752.66,LINE_MODE_40,23.3,Clear
10446340,2020-01-10,20:25:40,Import,KR,PORT_40,CR,710691,W70HNG8,ZZR1LT6,19354755.64,89.8,91.255,LINE_W6UCD9,51.4,Clear
69828832,2020-01-10,02:45:52,Import,KR,PORT_40,CA,382499,KL9KGVP,9UP4MN8,350.0,28.0,25.269,LINE_MODE_40,16.8,Low Risk
45529424,2020-01-10,10:47:44,Import,CN,PORT_40,PY,851822,3K1BB59,E6OW914,27017.76,190.4,185.488,LINE_MODE_40,23.7,Clear
13528971,2020-01-10,08:38:51,Import,US,PORT_20,CL,200410,H28FJ0K,WX39RD3,8409895.2,22248.4,21707.764,LINE_MODE_10,30.7,Clear
91587432,2020-01-10,04:09:12,Import,KR,PORT_40,NG,720449,1LD4U17,9UP4MN8,73710.0,27300.0,26486.46,LINE_MODE_10,27.0,Clear
16811005,2020-01-10,15:23:25,Import,CN,PORT_40,BA,851679,USZKXON,TXWYCMP,1616256.0,4140.0,4176.018,LINE_MWIDNS,46.4,Clear
94332747,2020-01-10,07:44:27,Import,JP,PORT_16,PY,294190,2KO455D,13FN8OP,6831.27,0.9,0.995,LINE_MODE_40,32.1,Low Risk
74681078,2020-01-10,20:52:38,Import,SG,PORT_20,TT,340213,9R6AYPZ,KBKVN82,5848000.0,16000.0,15955.2,LINE_MODE_10,44.8,Clear
21380704,2020-01-10,20:09:04,Import,CN,PORT_40,GG,481890,YXLQQ5B,CUHEWAM,1481371.2,10352.0,10706.038,LINE_MODE_40,63.3,Clear
31204637,2020-01-10,11:29:17,Import,JP,PORT_20,CL,610910,OTN1GVU,VH8BK8T,18.72,1.2,1.191,LINE_MODE_10,41.9,Clear
89414468,2020-01-10,11:29:08,Import,CH,PORT_40,CL,846792,8R8JLPL,UQHMADE,8402.1,7.0,6.405,LINE_MODE_10,12.4,Low Risk
54064962,2020-01-10,19:14:42,Import,US,PORT_40,AT,392690,LUTPTAZ,DWNJQL8,50.56,1.6,1.528,LINE_MODE_40,11.1,Clear
75501074,2020-01-10,22:15:14,Import,GT,PORT_30,KR,080390,55P05IV,0DLUBYC,1680000.0,16000.0,15987.2,LINE_MODE_10,46.2,Clear
48888572,2020-01-10,16:41:32,Import,CN,PORT_40,SI,902490,63WX610,4QC013K,2911.5,15.0,15.003,LINE_MODE_40,40.8,Clear
34789083,2020-01-10,21:26:03,Import,VN,PORT_40,SV,392340,86KBTHK,3MLR0P7,3623.76,575.2,586.531,LINE_W6UCD9,53.7,Clear
89551588,2020-01-10,14:54:28,Import,CN,PORT_40,UZ,950300,9QU6TGA,ZJ33XCC,199047.9,1581.0,1568.668,LINE_MODE_10,41.5,Clear
73871366,2020-01-10,16:45:26,Import,CN,PORT_20,LR,847590,QUX9DYP,2II7MKS,14266.0,14.0,13.345,LINE_MODE_40,9.8,Clear
70806869,2020-01-10,15:18:29,Import,CN,PORT_62,MT,711719,PLW8GPR,D3PYY9E,1.8,1.0,0.977,LINE_MODE_10,31.3,Clear
74432510,2020-01-10,03:01:50,Import,GB,PORT_40,BA,300410,KH39Z8W,DWNJQL8,29586120.0,1200.0,1073.712,LINE_MODE_40,27.1,Low Risk
34518929,2020-01-10,19:19:29,Import,CN,PORT_40,AM,621143,HFVWJ5F,M1KX8CL,694.12,13.4,14.026,LINE_MODE_40,5.5,Clear
65191299,2020-01-10,04:05:39,Import,IT,PORT_20,RS,611090,VS1F8PW,IWSDF6W,25.08,6.6,6.677,LINE_MODE_10,54.4,Clear
61629171,2020-01-10,17:48:51,Import,CN,PORT_30,SI,210390,QM1AP9R,7V109FV,31104.0,1152.0,1124.006,LINE_MODE_40,24.7,Clear
72436404,2020-01-10,19:37:24,Import,CN,PORT_40,SI,732690,87JCACJ,FVHZ7BQ,330.6,220.4,241.082,LINE_MODE_10,35.4,Low Risk
35707939,2020-01-10,00:56:19,Import,CN,PORT_40,NO,851679,R2K5MIR,LEXFCB2,1616256.0,4140.0,4105.638,LINE_MODE_40,35.2,Clear
71891639,2020-01-10,10:37:59,Import,CN,PORT_20,GN,821420,IQUHNBD,1V04ILJ,2511.0,15.0,16.019,LINE_MODE_10,121.8,Low Risk
83732910,2020-01-10,13:08:30,Import,CN,PORT_40,WS,071080,708A72F,PF1L1IG,26520000.0,100000.0,98120.0,LINE_MODE_40,28.3,Clear
88739633,2020-01-10,15:01:53,Import,CN,PORT_40,HN,392640,AVID8G4,7YVV2EU,780.0,200.0,198.94,LINE_MODE_10,43.2,Clear
90454296,2020-01-10,15:47:36,Import,KR,PORT_40,NG,850440,IBRB3RT,1DWRP58,132733.0,290.0,301.078,LINE_MODE_10,71.9,Clear
20333814,2020-01-10,08:40:54,Import,CN,PORT_40,HN,071080,GQAW32D,F3OUMO2,7036800.0,24000.0,24700.8,LINE_MODE_40,60.0,Clear
28748346,2020-01-10,01:15:06,Import,GB,PORT_40,NO,300410,3VT85Q0,37P1HWU,44379180.0,1800.0,1733.76,LINE_MODE_40,16.4,Clear
62072858,2020-01-10,02:35:38,Import,US,PORT_30,LB,901812,5KVVCF1,PMN0COE,9497.0,2.0,2.014,LINE_MODE_10,51.4,Clear
12146372,2020-01-10,18:31:32,Import,CN,PORT_20,FJ,841459,A3I31WW,3WBROKL,608.95,9.5,9.502,LINE_MODE_10,46.8,Clear
48250923,2020-01-10,16:50:03,Import,DE,PORT_20,GU,401693,K5CJ3NR,GBEP3EP,274.0,10.0,9.997,LINE_MODE_10,46.5,Clear
56373837,2020-01-10,13:35:57,Import,CN,PORT_40,MN,071080,BS8TAA4,87TO3QR,26520000.0,100000.0,99270.0,LINE_MODE_40,35.9,Clear
96693967,2020-01-10,22:18:07,Import,BE,PORT_40,PL,570320,OH9ZPNM,65GNC7P,249.66,1.8,1.76,LINE_MODE_40,26.0,Clear
87187414,2020-01-10,21:47:34,Import,CN,PORT_20,NG,560900,HWD66EX,JTWH92W,37149.0,609.0,626.783,LINE_MODE_10,66.0,Clear
54564034,2020-01-10,19:44:34,Import,CN,PORT_16,JP,071080,C9C4V9R,AOYG7LJ,5038800.0,19000.0,19364.8,LINE_MODE_10,59.4,Clear
74360612,2020-01-10,04:15:32,Import,CN,PORT_40,MG,851769,V5IDKAS,6P5MXLM,71634.94,32.3,28.923,LINE_MODE_40,26.4,Low Risk
46029894,2020-01-10,18:28:54,Import,BW,PORT_20,LV,710221,2FLH6QK,RZM2Z77,1133334.18,0.9,0.999,LINE_MODE_40,33.2,Low Risk
86752373,2020-01-10,11:00:53,Import,VN,PORT_40,DJ,160419,6K76VIM,DWNJQL8,252150.0,500.0,512.35,LINE_MODE_40,57.0,Clear
15817544,2020-01-10,13:29:44,Import,JP,PORT_30,ES,901890,XK0WKOO,ZNRJ3PF,593.54,11.8,11.968,LINE_MODE_40,50.1,Clear
20979436,2020-01-10,03:53:16,Import,MX,PORT_20,ES,854239,GSZPNXT,L4G7RKB,4.18,0.1,0.097,LINE_MODE_10,25.7,Clear
59457733,2020-01-10,18:30:13,Import,GB,PORT_30,WS,691110,C9XA2JG,U11PIYH,707.28,2.4,2.507,LINE_MODE_10,10.2,Clear
52854628,2020-01-10,21:18:28,Import,CN,PORT_40,HN,852692,Q9538LX,HLYJR44,133315.28,335.3,325.979,LINE_MODE_40,22.3,Clear
76892016,2020-01-10,16:29:36,Import,FR,PORT_20,BR,392690,7M4N5K0,H5RCSFQ,201.6,336.0,328.675,LINE_MODE_10,32.3,Clear
47659801,2020-01-10,14:06:01,Import,IN,PORT_20,MN,251320,TE40BEL,8PPLVEX,1042200.0,54000.0,54577.8,LINE_MODE_10,53.8,Clear
68478531,2020-01-10,00:24:51,Import,CN,PORT_40,WS,071080,N40R2GC,4YOBAZ9,26520000.0,100000.0,99570.0,LINE_MODE_10,43.9,Clear
89388427,2020-01-10,04:59:07,Import,IT,PORT_40,SD,640411,H7QY1NJ,9EML0UF,4904.09,5.3,5.711,LINE_MODE_40,3.8,Low Risk
11593975,2020-01-10,12:12:55,Import,CN,PORT_40,CA,382200,50XE566,6ZQTY16,51987.7,17.0,16.553,LINE_MODE_10,29.3,Clear
20476287,2020-01-10,16:03:27,Import,CN,PORT_30,RS,621430,ULWZYIY,RM106QW,105617.2,988.0,1005.488,LINE_MODE_10,58.4,Clear
78610867,2020-01-10,19:13:07,Import,JP,PORT_30,AT,950639,GE5ADXT,65GNC7P,411.18,15.4,15.827,LINE_MODE_10,65.0,Clear
72038970,2020-01-10,00:49:30,Import,CN,PORT_40,ZZ,950300,708A72F,87TO3QR,6.0,10.0,9.512,LINE_MODE_40,8.5,Clear
32694832,2020-01-10,07:45:52,Import,CN,PORT_40,KR,940560,NHQAOYF,OOHVJZ2,67806.2,154.0,138.979,LINE_MODE_40,16.8,Low Risk
83875921,2020-01-10,02:08:01,Import,CN,PORT_20,PY,392690,U0IUTPD,BW2BEAX,108.0,180.0,171.126,LINE_MODE_10,14.2,Clear
90103433,2020-01-10,17:51:53,Import,JP,PORT_40,GG,960820,WJERN9A,OQY4ZUC,166.17,8.7,8.654,LINE_MODE_40,37.2,Clear
98813627,2020-01-10,17:45:47,Import,CN,PORT_40,CA,392330,T7RKBQ8,UFP820L,2434.1,241.0,259.682,LINE_MODE_40,3.8,Low Risk
32155078,2020-01-10,13:25:58,Import,DE,PORT_40,BG,870323,51WM64A,PFKZXJL,20554.3,2119.0,2113.067,LINE_VZIZJJ,38.8,Clear
26246618,2020-01-10,02:51:38,Import,CN,PORT_30,MN,940540,XBI2NIX,0OMV69U,13166.49,1278.3,1313.07,LINE_MODE_10,64.6,Clear
91417102,2020-01-10,09:30:22,Import,CN,PORT_20,IR,540231,P1TZXEU,AWEYSS2,23049251.16,17157.4,16903.47,LINE_MODE_40,30.9,Clear
67583711,2020-01-10,17:11:11,Import,IT,PORT_40,IL,930320,0G0200R,1DGYYJ0,732291.5,5.0,5.028,LINE_W6UCD9,44.5,Clear
97285438,2020-01-10,01:11:58,Import,CN,PORT_40,DJ,620443,0T8BQWZ,QZE38LM,873.6,7.0,7.12,LINE_MODE_40,52.0,Clear
14139257,2020-01-10,03:06:17,Import,CN,PORT_20,KR,071080,DWOO407,E44MM7Y,1856400.0,7000.0,6878.9,LINE_MODE_10,35.3,Clear
97674942,2020-01-10,09:07:42,Import,US,PORT_20,NG,841590,DNO9K90,M3O4128,21222.0,180.0,163.073,LINE_MODE_10,19.9,Low Risk
86609728,2020-01-10,17:43:28,Import,CN,PORT_20,RS,940320,WHMOIZP,MM2STTN,722.5,85.0,86.887,LINE_MODE_40,55.3,Clear
10311085,2020-01-10,01:51:25,Import,IT,PORT_30,GG,330510,EZJA8IK,3YBWLKP,226740.0,600.0,581.22,LINE_MODE_40,20.0,Clear
72527601,2020-01-10,07:09:21,Import,CN,PORT_20,HN,853650,XHV11Q2,0HC870L,6.1,0.5,0.589,LINE_MODE_10,55.5,Low Risk
59628357,2020-01-10,13:37:57,Import,JP,PORT_40,WS,010619,IS7N8LX,010X6GZ,0.0,0.0,0.001,LINE_MWIDNS,68.3,Clear
82453135,2020-01-10,15:18:55,Import,NL,PORT_40,FJ,382200,Z87M9KM,W78SJ07,1613780.0,700.0,695.59,LINE_MODE_40,36.5,Clear
22625744,2020-01-10,00:39:44,Import,CN,PORT_20,OM,854370,8RGUB84,1VRR8DV,2331.0,92.5,93.814,LINE_MODE_40,50.1,Clear
60952148,2020-01-10,01:17:08,Import,JP,PORT_40,PY,853890,A20UDXN,5HK6ZV8,20400.0,1020.0,1032.444,LINE_MODE_40,48.7,Clear
56717889,2020-01-10,20:22:09,Import,CN,PORT_30,GG,620443,WZA48KU,N9MVAE1,624.0,5.0,4.834,LINE_MODE_40,18.7,Clear
74638792,2020-01-10,18:51:52,Import,NL,PORT_40,ES,853710,ZS209BE,XF34IOQ,601.0,2.0,1.98,LINE_MODE_40,34.2,Clear
88989098,2020-01-10,23:19:38,Import,VN,PORT_20,PL,851680,91ES25W,NGQTKZ0,1417.5,9.0,8.885,LINE_MODE_10,38.2,Clear
94884287,2020-01-10,10:16:47,Import,DE,PORT_121,CA,020329,LSW3ZF8,AUAPIWY,31815724.08,22394.4,22790.781,LINE_MODE_10,58.4,Clear
57561266,2020-01-10,02:10:26,Import,CN,PORT_40,OM,392640,U9ROOIT,PIJADFX,741.0,190.0,190.608,LINE_VZIZJJ,42.8,Clear
15165991,2020-01-10,22:02:31,Import,CN,PORT_30,MN,610910,JFEZCXZ,PRVNQVS,42837.6,2746.0,2651.812,LINE_MODE_40,18.1,Clear
43946862,2020-01-10,20:39:42,Import,CN,PORT_40,DJ,851762,HSEXI2S,74ERKFV,7192.0,49.6,57.588,LINE_MODE_40,45.4,Low Risk
83391011,2020-01-10,20:06:11,Import,JP,PORT_40,LB,340490,55LF9TJ,N8XBQG4,104433.0,210.0,200.697,LINE_MWIDNS,11.5,Clear
37737290,2020-01-10,05:54:50,Import,IT,PORT_16,HN,151000,CGCF3H9,R6BCSLF,2019.6,2.0,1.982,LINE_MODE_10,40.9,Clear
23417250,2020-01-10,22:47:30,Import,CN,PORT_33,IL,847180,E6CIX2U,4V1ZD3Q,2862.92,3.8,4.485,LINE_MODE_40,49.9,Low Risk
32075591,2020-01-10,01:49:11,Import,CN,PORT_40,WS,851679,ZD1VF2O,37P1HWU,7808.0,20.0,19.314,LINE_MODE_40,18.1,Clear
37117054,2020-01-10,01:21:34,Import,TW,PORT_40,HU,820730,N54KVZZ,0GOG53U,16281.0,45.0,45.414,LINE_MODE_40,46.8,Clear
61551126,2020-01-10,13:08:06,Import,SG,PORT_20,SI,732010,FYUJ2I3,3UKD5U6,39.6,0.1,0.097,LINE_MODE_40,23.0,Clear
17901279,2020-01-10,15:58:39,Import,CN,PORT_40,PY,392690,AFMF11Y,E3Q8ABV,71.4,119.0,121.582,LINE_MODE_40,55.0,Clear
65437265,2020-01-10,17:21:05,Import,VN,PORT_20,ES,721510,OBS4FMN,D67DXHH,4817782.8,8676.0,8491.201,LINE_MODE_40,26.6,Clear
63020273,2020-01-10,06:45:53,Import,IE,PORT_40,LR,761090,R3Y9DVN,E3Q8ABV,56414.4,56.0,50.361,LINE_MODE_40,22.2,Low Risk
69925411,2020-01-10,04:59:31,Import,JP,PORT_40,TH,940560,UAUD6KE,8XEHFK4,122535.49,278.3,265.971,LINE_MODE_10,17.5,Clear
49667809,2020-01-10,00:40:49,Import,US,PORT_40,CA,090121,A0Y5J8S,8OKYMB6,910497.0,635.6,639.859,LINE_MODE_40,45.1,Clear
61681255,2020-01-10,13:20:55,Import,KR,PORT_40,AM,382590,0MX22NJ,K3HCKNK,28236.0,5430.0,5612.991,LINE_MODE_40,62.9,Clear
84715078,2020-01-10,21:25:58,Import,CN,PORT_40,OM,901890,2HP92KY,3WNSC5Y,728570.6,3254.0,3244.889,LINE_MODE_40,38.8,Clear
53671633,2020-01-10,07:15:13,Import,UA,PORT_40,BG,120810,V2OITAD,WBQKENF,607880.0,1820.0,1810.354,LINE_MODE_40,37.2,Clear
54631894,2020-01-10,02:35:34,Import,CN,PORT_40,UG,392490,Q35OUGW,XLV4XOY,274.89,249.9,247.201,LINE_MODE_10,39.6,Clear
19947746,2020-01-10,17:58:26,Import,JP,PORT_40,UZ,960820,V5IDKAS,5PDPMM1,166.17,8.7,8.38,LINE_MODE_40,16.4,Clear
78521138,2020-01-10,03:33:38,Import,CN,PORT_40,WS,690100,7NQRES1,9HF6ZKX,14116.64,66.4,64.222,LINE_MODE_40,19.0,Clear
33483442,2020-01-10,00:49:22,Import,CN,PORT_20,AT,730890,M3EGR4G,TG0EF7J,594.0,90.0,91.368,LINE_MODE_10,56.7,Clear
14449449,2020-01-10,07:08:09,Import,CN,PORT_30,AT,940429,C2Z5CT4,24BK190,130.5,15.0,14.8,LINE_MODE_10,37.9,Clear
54821289,2020-01-10,13:32:09,Import,IT,PORT_30,AT,420231,98RV8OE,L6767HN,1131.45,1.5,1.45,LINE_MODE_40,18.7,Clear
32937053,2020-01-10,14:18:53,Import,KR,PORT_30,WS,847989,83GM6ED,66I6G3B,3752.7,1787.0,1957.551,LINE_MODE_10,35.8,Low Risk
60408216,2020-01-10,13:39:36,Import,CN,PORT_20,CL,420219,4BJSP68,3RTWB7G,155.7,9.0,8.804,LINE_MODE_10,32.3,Clear
41909812,2020-01-10,03:28:52,Import,CN,PORT_20,AM,870870,U74LY2N,0P3K7X9,2947.0,70.0,68.614,LINE_MODE_10,33.6,Clear
26230894,2020-01-10,17:25:34,Import,TH,PORT_40,AM,853690,OZ753MD,1DFQU9H,64758.4,1652.0,1634.158,LINE_MODE_40,33.6,Clear
91360521,2020-01-10,22:31:21,Import,CN,PORT_30,NG,420292,D4ORD59,MM7AEK0,4.2,7.0,6.655,LINE_MODE_10,14.2,Clear
13502187,2020-01-10,10:48:27,Import,TW,PORT_40,TH,853321,PT8FBIY,KWFQCBV,295.82,0.7,0.677,LINE_MODE_40,19.4,Clear
17293326,2020-01-10,23:18:06,Import,CN,PORT_40,MT,950300,W91SJK0,I1KWKB5,258234.0,3860.0,3124.13,LINE_MODE_40,32.7,Critical
88450963,2020-01-10,02:10:43,Import,ID,PORT_30,CR,392620,1VHJG03,Q8YJNKG,2270.4,48.0,47.026,LINE_MODE_10,33.3,Clear
58457071,2020-01-10,23:20:31,Import,KH,PORT_20,FJ,610462,Y83RCO5,3EVLVZQ,1248558.46,1351.4,1386.131,LINE_MODE_10,63.7,Clear
86758036,2020-01-10,19:43:16,Import,CN,PORT_40,LR,620443,SSF1KYD,3PJQXOX,873.6,7.0,6.777,LINE_MODE_40,19.7,Clear
41446367,2020-01-10,06:24:47,Import,TH,PORT_40,PG,620590,2NZPY3S,KMLET96,117.0,1.2,1.173,LINE_MODE_40,26.0,Clear
61102981,2020-01-10,08:19:01,Import,CN,PORT_20,MG,701399,AM0HXED,X3S3PP4,2646.0,180.0,217.915,LINE_MODE_40,94.4,Low Risk
31603419,2020-01-10,18:07:39,Import,CN,PORT_20,CL,950790,98FFBBM,T6W63TW,130680.0,5400.0,5139.18,LINE_MODE_10,14.8,Clear
44735039,2020-01-10,03:07:59,Import,CN,PORT_40,LR,900211,IH09DX9,LX5JHH8,20984.5,2.5,2.67,LINE_MODE_40,115.8,Low Risk
98477057,2020-01-10,22:16:17,Import,JP,PORT_40,IR,401220,QUX9DYP,ACL5K0W,1664640.0,14400.0,14150.88,LINE_MODE_40,29.3,Clear
59681817,2020-01-10,16:28:57,Import,JP,PORT_20,CL,610442,WGLWGZP,3EVLVZQ,87.1,0.5,0.501,LINE_MODE_10,48.5,Clear
35000704,2020-01-10,19:29:04,Import,FR,PORT_40,ES,711719,C66T8VH,AZI5L7O,7.2,4.0,4.137,LINE_MODE_40,63.3,Clear
53454946,2020-01-10,18:51:46,Import,US,PORT_40,NG,970300,C66T8VH,1G7JVI4,550.0,10.0,9.074,LINE_MODE_40,12.8,Low Risk
87092489,2020-01-10,23:05:29,Import,JP,PORT_40,RS,300490,1VHJG03,FVI4U22,2446.4,8.8,8.507,LINE_MODE_40,18.7,Clear
43132194,2020-01-10,01:33:54,Import,GB,PORT_40,NG,300410,A74IGQ4,AD65ME9,44379180.0,1800.0,1870.56,LINE_MODE_40,66.6,Clear
48810359,2020-01-10,15:09:59,Import,CN,PORT_40,SD,851769,4F0B94X,K8W9S8E,71634.94,32.3,28.889,LINE_MODE_40,27.5,Low Risk
66612413,2020-01-10,00:34:53,Import,DE,PORT_40,ZZ,842121,M1ZCQ8W,UFO3ZSU,426353.92,601.6,604.428,LINE_MODE_40,43.8,Clear
87277538,2020-01-10,19:53:38,Import,US,PORT_30,NO,950639,9QIQ8NR,164HFIX,4800.6,9.0,8.705,LINE_MODE_10,25.0,Clear
41979313,2020-01-10,07:23:13,Import,MX,PORT_20,OM,850440,2KJ14Q9,4KM1XJD,1559.04,2.4,2.291,LINE_MODE_10,16.8,Clear
56637898,2020-01-10,18:12:58,Import,DE,PORT_20,BR,850440,BES92ZL,G9G9F13,218.1,0.5,0.494,LINE_MODE_10,38.2,Clear
18167344,2020-01-10,15:33:04,Import,JP,PORT_40,MT,850152,HFPCP3D,B372BYW,36927.9,2619.0,2656.19,LINE_MWIDNS,50.1,Clear
14881340,2020-01-10,23:02:20,Import,CN,PORT_40,GG,850440,67UWNW5,K2XLFD9,40986.0,660.0,670.692,LINE_MODE_40,51.4,Clear
33549761,2020-01-10,01:18:41,Import,JP,PORT_40,PG,961900,3BFUK83,158PVN2,316.88,0.8,0.84,LINE_MODE_40,104.6,Low Risk
56410126,2020-01-10,19:44:46,Import,MY,PORT_62,HN,900150,KN4PNNC,QTOWROE,858446.94,179.4,161.525,LINE_MODE_40,18.6,Low Risk
71254683,2020-01-10,06:46:03,Import,IT,PORT_40,LV,420231,HDS4PX1,K3HCKNK,3246.62,2.6,3.139,LINE_MODE_40,93.4,Low Risk
21469470,2020-01-10,21:44:30,Import,CN,PORT_40,PG,071080,K37R13I,23RIU88,26520000.0,100000.0,100120.0,LINE_MODE_40,41.5,Clear
83851678,2020-01-10,13:35:58,Import,VN,PORT_40,JP,160420,H27ZHR5,9HUR70P,2024000.0,3200.0,3191.04,LINE_MODE_40,38.8,Clear
65202695,2020-01-10,10:11:35,Import,TW,PORT_30,LR,741533,670EJ1T,NE9Q6M9,2917075.76,3117.2,3703.982,LINE_MODE_10,93.3,Low Risk
97405824,2020-01-10,07:34:24,Import,CL,PORT_30,RS,200799,KLVATZ3,HE2ZU82,997528.0,3760.0,3382.722,LINE_MODE_10,27.8,Low Risk
32837535,2020-01-10,22:32:15,Import,JP,PORT_40,BA,540761,ULS1GWU,WBQKENF,2664.42,110.1,109.406,LINE_MODE_40,36.5,Clear
21273630,2020-01-10,15:20:30,Import,IT,PORT_40,GN,930510,1VHJG03,43MSLZK,11543.8,2.0,2.042,LINE_MODE_40,54.7,Clear
53862999,2020-01-10,13:20:39,Import,US,PORT_40,ZZ,870290,6RY4DTC,MKLIOFC,8813118.6,2727.0,2622.556,LINE_MODE_40,15.4,Clear
56907591,2020-01-10,14:15:51,Import,CN,PORT_40,TH,392690,1W3V9JB,OZB7KED,71.4,119.0,114.918,LINE_MODE_40,18.1,Clear
18058658,2020-01-10,00:25:38,Import,CN,PORT_40,AM,392113,PC2A4KV,3V1P0H1,7894.8,43.0,43.31,LINE_MODE_40,45.4,Clear
14319953,2020-01-10,22:53:53,Import,CN,PORT_40,UG,620690,J38F92O,5H8UKT1,1737.6,6.0,6.34,LINE_W6UCD9,108.7,Low Risk
56378161,2020-01-10,03:52:01,Import,CN,PORT_40,JP,680293,K37R13I,JEOUGPP,534060.0,49450.0,50968.115,LINE_MWIDNS,61.0,Clear
22376221,2020-01-10,18:53:01,Import,DK,PORT_40,CL,210690,KYT3K4R,JABE2FY,594550.0,4700.0,4703.29,LINE_MODE_10,47.2,Clear
57587669,2020-01-10,15:18:29,Import,US,PORT_40,IR,902780,1VHJG03,OZB7KED,2281.09,0.7,0.684,LINE_MODE_40,25.3,Clear
78122305,2020-01-10,10:18:25,Import,CN,PORT_40,AM,850790,HQIIUDN,OQY4ZUC,75.6,14.0,13.422,LINE_MODE_40,13.4,Clear
40916430,2020-01-10,07:40:30,Import,VN,PORT_40,ZZ,851829,1VHJG03,UTNPOCA,0.0,0.0,0.001,LINE_MODE_40,54.7,Clear
10397360,2020-01-10,13:29:20,Import,CD,PORT_39,UZ,740311,OMR5O1C,3U8ZYJU,453547284.7,138323.0,139180.603,LINE_MWIDNS,44.8,Clear
84450828,2020-01-10,11:21:48,Import,KR,PORT_40,LR,390730,V9JA92Y,H40BV8D,2666.4,6.0,5.833,LINE_MODE_40,22.3,Clear
37293081,2020-01-10,19:47:21,Import,KR,PORT_30,EC,620721,HTCHOL5,JVV60MG,29030.0,25.0,24.268,LINE_MODE_40,21.4,Clear
71433964,2020-01-10,23:50:04,Import,CN,PORT_30,WS,850519,YXEJT7O,P5URTYR,218.0,5.0,5.021,LINE_MODE_10,49.5,Clear
24050137,2020-01-10,17:27:37,Import,KR,PORT_40,BG,382590,Z2LHZ63,43MSLZK,28236.0,5430.0,5661.861,LINE_MODE_40,68.9,Clear
81897294,2020-01-10,13:38:54,Import,US,PORT_40,CL,160232,NAZRE3X,NZYZ967,4541.16,7.1,7.023,LINE_MODE_40,33.6,Clear
53287575,2020-01-10,07:06:15,Import,CN,PORT_20,KR,392690,AV36YQ3,23QQBAY,228.0,380.0,370.006,LINE_MODE_10,29.3,Clear
19434003,2020-01-10,04:08:03,Import,CN,PORT_40,MG,903033,Q9538LX,NZYZ967,26101.5,15.0,14.396,LINE_MODE_40,14.1,Clear
12085232,2020-01-10,05:32:32,Import,CN,PORT_40,PL,070310,JBQU6N9,F03XGJ8,2272800.0,24000.0,23284.8,LINE_MODE_40,21.0,Clear
43340222,2020-01-10,09:29:02,Import,CN,PORT_40,CR,640299,6K76VIM,7HB8CCD,174760.0,1700.0,1742.84,LINE_MODE_40,57.3,Clear
93556398,2020-01-10,02:41:18,Import,CN,PORT_40,NO,940360,MRK9CR3,B6N4E8V,3550.0,500.0,518.6,LINE_MWIDNS,65.2,Clear
49641782,2020-01-10,15:55:02,Import,CN,PORT_20,DJ,640399,XYCB2S8,WBDULC7,532820.8,304.0,317.741,LINE_MODE_40,4.5,Clear
50688386,2020-01-10,05:02:26,Import,CN,PORT_40,GG,420232,XDIU3D6,158PVN2,55944.0,420.0,438.144,LINE_MODE_40,69.2,Clear
65381861,2020-01-10,23:33:41,Import,US,PORT_20,HN,870324,U760RKR,P14J3F8,15840.0,1800.0,1765.26,LINE_MODE_10,34.0,Clear
92434167,2020-01-10,12:21:27,Import,US,PORT_40,AM,853180,C66T8VH,P3I462Q,5320.8,18.0,17.599,LINE_MWIDNS,26.0,Clear
46626900,2020-01-10,19:55:00,Import,TH,PORT_30,BG,540761,2KOB00X,6Q8XIN0,19713.32,814.6,844.089,LINE_MODE_10,70.6,Clear
63800627,2020-01-10,03:55:47,Import,JP,PORT_40,BG,820190,1RZ4V98,PRVNQVS,289.1,1.0,1.048,LINE_MODE_40,6.2,Clear
21325585,2020-01-10,09:26:25,Import,CN,PORT_20,LB,950300,7NKP39V,69Z0KLV,214.08,3.2,3.26,LINE_MODE_40,53.0,Clear
88841863,2020-01-10,10:45:43,Import,KR,PORT_40,LB,382590,Q6K658O,6T0AJ3G,28236.0,5430.0,5591.271,LINE_MODE_40,60.3,Clear
88712992,2020-01-10,16:21:52,Import,CN,PORT_40,LB,620453,D91YNAA,DWNJQL8,1160.0,29.0,28.716,LINE_MODE_40,34.2,Clear
55722983,2020-01-10,13:44:23,Import,IT,PORT_40,CA,511111,KYYK6X0,L77JJEG,280981.4,670.6,605.424,LINE_MWIDNS,16.5,Low Risk
36048987,2020-01-10,09:48:27,Import,CN,PORT_40,SI,950300,UMU0ULZ,QZE38LM,876390.0,13100.0,10761.126,LINE_MODE_40,28.1,Critical
64063256,2020-01-10,10:16:56,Import,CN,PORT_40,UG,392690,D0P0RAV,U8YJ1TN,7.02,11.7,10.657,LINE_MODE_40,9.9,Low Risk
13114648,2020-01-10,02:25:28,Import,CN,PORT_20,PY,732619,5BTVIEK,8KSEE9Z,624312.0,3120.0,3002.064,LINE_MODE_40,15.7,Clear
99742320,2020-01-10,10:12:00,Import,US,PORT_40,LB,710692,RP174UU,VGCNO8U,17777.6,8.0,8.21,LINE_MODE_10,64.0,Clear
40202077,2020-01-10,04:06:37,Import,VN,PORT_150,JP,160419,SVC4RKJ,2NIFPSA,4094916.0,8120.0,7898.324,LINE_5V1OQR,22.7,Clear
52871677,2020-01-10,03:26:37,Import,KR,PORT_40,ZZ,382590,V2OITAD,DWNJQL8,28236.0,5430.0,5281.761,LINE_MODE_40,22.7,Clear
64231246,2020-01-10,16:16:46,Import,KR,PORT_40,PL,854140,FVV6JU0,UTNPOCA,681418.5,17885.0,18121.082,LINE_MODE_40,49.4,Clear
36644913,2020-01-10,10:56:33,Import,CN,PORT_20,NG,961590,ZU7SE3Z,IG7Y31F,301.6,104.0,99.289,LINE_MODE_10,16.8,Clear
74885667,2020-01-10,13:46:27,Import,KR,PORT_40,CR,382590,2NZPY3S,BUK2SI8,28236.0,5430.0,5580.411,LINE_MODE_40,59.0,Clear
24100516,2020-01-10,22:51:16,Import,DE,PORT_40,IR,870350,S4735NB,E9ZH8JR,30052987.8,2299.0,2363.832,LINE_MODE_40,59.3,Clear
63024404,2020-01-10,02:30:44,Import,JP,PORT_40,PY,903210,56Z7XT2,2QRESAX,449.98,0.2,0.197,LINE_MWIDNS,30.3,Clear
81478614,2020-01-10,17:20:54,Import,CN,PORT_20,GU,620640,541XPTB,P7UK01I,248.3,13.0,13.38,LINE_MODE_10,66.0,Clear
22468536,2020-01-10,10:51:36,Import,US,PORT_40,OM,320649,2I467IV,8OL8Y3J,82845.0,450.0,458.19,LINE_MODE_40,52.7,Clear
40789530,2020-01-10,08:25:30,Import,CN,PORT_40,RS,392690,XSRVPWD,XGQYKRL,393.0,655.0,590.653,LINE_MODE_40,17.4,Low Risk
98025831,2020-01-10,19:59:51,Import,CN,PORT_40,GU,392690,ZRJ1A4R,7S4CPMV,17.4,29.0,30.325,LINE_MODE_40,4.9,Clear
46624679,2020-01-10,00:01:59,Import,JP,PORT_20,ES,851770,H920U30,RGPS99G,370.2,2.0,2.043,LINE_MODE_10,61.0,Clear
66608240,2020-01-10,11:37:20,Import,JP,PORT_40,LB,730729,HSEXI2S,AX4CW6G,153.3,0.2,0.193,LINE_MWIDNS,18.4,Clear
78888155,2020-01-10,23:42:35,Import,CN,PORT_33,TT,850760,0WC2SVJ,NTK49JB,34584.0,110.0,108.207,LINE_MODE_50,31.9,Clear
38832082,2020-01-10,06:33:22,Import,CN,PORT_40,GG,940540,DCPE48F,2HC1ON5,4336.3,421.0,418.979,LINE_MODE_40,37.5,Clear
94697669,2020-01-10,11:38:29,Import,TW,PORT_40,MT,847330,708A72F,OIJ9WQJ,20186.4,258.8,252.77,LINE_MODE_40,25.3,Clear
73053225,2020-01-10,15:33:45,Import,CN,PORT_40,IL,950699,MG77MTE,UIZO56Z,1083.6,18.0,17.977,LINE_MWIDNS,39.8,Clear
45583444,2020-01-10,19:08:04,Import,MY,PORT_40,OM,491199,INWJQ62,7VB3TPQ,5.4,2.0,1.928,LINE_MODE_40,17.1,Clear
57524200,2020-01-10,13:36:40,Import,CN,PORT_20,OM,940490,7S9W3L1,IPQARUF,16747.5,725.0,714.995,LINE_MODE_10,37.6,Clear
54887686,2020-01-10,04:50:46,Import,CN,PORT_40,PY,481910,4DCBAN3,RXUA5V5,4200.0,1750.0,1738.1,LINE_MWIDNS,36.2,Clear
37789828,2020-01-10,20:38:28,Import,CN,PORT_40,IL,392690,N94D52W,OZB7KED,12.0,20.0,18.021,LINE_MODE_40,18.0,Low Risk
71750069,2020-01-10,13:18:29,Import,US,PORT_30,TT,853180,K37R13I,QG7KL7X,5320.8,18.0,17.581,LINE_MODE_40,25.3,Clear
70261676,2020-01-10,00:03:56,Import,JP,PORT_40,MN,540710,05XSCCC,O7GM82Y,7630.0,100.0,101.832,LINE_MODE_40,4.1,Low Risk
50698774,2020-01-10,06:03:34,Import,CN,PORT_33,TT,847330,YLVTURU,YAVZYI3,200511.0,45.0,47.214,LINE_MODE_10,13.2,Clear
63755269,2020-01-10,21:51:49,Import,CN,PORT_40,GG,850519,HCKD981,TLNM90D,38514.08,126.4,113.496,LINE_MODE_10,29.7,Low Risk
61093522,2020-01-10,06:17:22,Import,CN,PORT_40,GN,540761,ETFXTYP,PF1L1IG,535515.0,950.0,926.44,LINE_MODE_40,24.3,Clear
81177849,2020-01-10,06:48:09,Import,US,PORT_40,EC,030389,A20UDXN,KXFBS1E,4315822.0,23030.0,22723.701,LINE_MODE_40,31.9,Clear
78591332,2020-01-10,03:27:32,Import,DE,PORT_21,HN,382000,CFRLZPL,A17Q0BF,1022210.56,3596.8,3669.455,LINE_MODE_40,54.0,Clear
14123238,2020-01-10,01:55:18,Import,CN,PORT_40,HN,950300,V2OITAD,Y7GUHAF,686673.04,5591.8,5687.979,LINE_MODE_40,52.0,Clear
88219138,2020-01-10,22:46:58,Import,VN,PORT_40,ES,160419,8OK2G0F,7PN0VA5,252150.0,500.0,483.6,LINE_MODE_40,19.0,Clear
96913152,2020-01-10,11:31:12,Import,JP,PORT_30,CL,850151,E9UL7HC,9K1Z4P7,28094.7,1319.0,1332.454,LINE_MODE_10,53.4,Clear
29583289,2020-01-10,05:38:49,Import,JP,PORT_40,MN,290322,TPO0FIY,AZI5L7O,11832000.0,19720.0,17844.825,LINE_MODE_40,14.8,Low Risk
64135156,2020-01-10,15:35:16,Import,CN,PORT_39,TT,620463,8BS7N9H,HGMIQIW,2434.6,37.0,37.303,LINE_MC8NDR,46.1,Clear
32889079,2020-01-10,05:55:19,Import,SE,PORT_40,HU,180690,K37R13I,RZXCX7U,4138.8,12.0,14.566,LINE_MODE_40,95.4,Low Risk
19579966,2020-01-10,13:08:46,Import,CN,PORT_40,DJ,940350,HSEXI2S,WBQKENF,2627813.93,16393.1,15625.903,LINE_MODE_40,9.8,Clear
84710083,2020-01-10,11:02:43,Import,CN,PORT_40,KR,650400,NAZRE3X,5PDPMM1,609.56,9.8,9.993,LINE_MODE_40,53.7,Clear
43286125,2020-01-10,01:35:25,Import,CN,PORT_20,UZ,071080,M6QYAQA,EQQD6H2,53040000.0,200000.0,209740.0,LINE_MODE_40,6.8,Clear
62259126,2020-01-10,09:48:06,Import,SG,PORT_30,LV,320990,YVKD23Q,26RAMJV,36816.0,40.0,38.928,LINE_MODE_10,29.0,Clear
71315744,2020-01-10,13:39:44,Import,JP,PORT_62,GG,760200,X05S9Z9,YXX0VGU,814086.0,83070.0,84249.594,LINE_MODE_10,56.1,Clear
56915304,2020-01-10,00:12:24,Import,KR,PORT_40,RS,390730,708A72F,43MSLZK,2666.4,6.0,6.205,LINE_W6UCD9,69.3,Clear
82627133,2020-01-10,17:06:53,Import,CN,PORT_40,CL,841451,G8TLGS2,UNCISOP,1716352.0,4240.0,4429.528,LINE_MODE_40,4.2,Clear
67837274,2020-01-10,21:25:14,Import,IT,PORT_20,JP,621420,SI577IU,9DF5NCD,1140.0,10.0,9.992,LINE_MODE_10,46.2,Clear
65521666,2020-01-10,02:43:46,Import,CN,PORT_40,GG,630392,I31W65F,L2SX065,9708.8,296.0,341.773,LINE_MODE_40,43.8,Low Risk
84260983,2020-01-10,18:17:43,Import,CN,PORT_40,LR,392490,M2SYR5O,PF1L1IG,2.2,2.0,1.939,LINE_MODE_40,20.7,Clear
18688574,2020-01-10,21:00:14,Import,CN,PORT_20,PG,190190,PY1TV9Y,3C6SC2P,7464000.0,40000.0,41968.0,LINE_W6UCD9,7.2,Clear
89656123,2020-01-10,16:56:43,Import,CN,PORT_40,IR,650200,C7B582A,86E3KB0,472521.6,96.0,95.971,LINE_MODE_40,40.5,Clear
52465353,2020-01-10,05:30:33,Import,CN,PORT_13,GU,200811,F0MVUNR,SPP1KOD,3663996.0,16460.0,17031.162,LINE_MWIDNS,69.6,Clear
62945783,2020-01-10,12:04:23,Import,CN,PORT_40,BR,481910,FP44ECV,PF1L1IG,2570.4,1071.0,1038.549,LINE_MODE_40,20.7,Clear
69511980,2020-01-10,08:53:00,Import,CN,PORT_20,GG,850440,R1OZOIR,QH7XJKJ,40986.0,660.0,657.492,LINE_MODE_10,44.2,Clear
64846703,2020-01-10,20:06:23,Import,KR,PORT_40,ES,382590,N6FK304,6T0AJ3G,28236.0,5430.0,5482.671,LINE_MODE_40,47.1,Clear
36542277,2020-01-10,08:49:57,Import,TH,PORT_40,HN,853690,4OFJNYA,43MSLZK,64758.4,1652.0,1606.9,LINE_MODE_40,22.7,Clear
14590146,2020-01-10,20:25:06,Import,DE,PORT_40,RS,350610,DBMTWD7,0CS7194,9090.0,100.0,96.32,LINE_W6UCD9,16.4,Clear
29949808,2020-01-10,06:51:28,Import,CN,PORT_40,UG,640299,LMDUKVD,37ZL1DV,174760.0,1700.0,1669.74,LINE_MODE_40,28.9,Clear
50155922,2020-01-10,18:44:02,Import,FR,PORT_40,AM,220429,6A1TH84,LX5JHH8,63973.59,156.3,140.507,LINE_MODE_40,22.6,Low Risk
65457767,2020-01-10,12:14:47,Import,AT,PORT_40,LV,401693,FW81KB0,PA42RWF,60.28,2.2,2.151,LINE_MODE_40,26.0,Clear
99578213,2020-01-10,05:44:53,Import,CN,PORT_40,HN,820559,ZY86O29,I768TB2,603.75,34.5,40.001,LINE_MWIDNS,45.0,Low Risk
50022136,2020-01-10,11:18:16,Import,CN,PORT_40,GU,071080,6SL4SRI,MCFTDUF,26520000.0,100000.0,101820.0,LINE_MODE_40,52.7,Clear
81184374,2020-01-10,23:36:54,Import,DE,PORT_40,AT,960920,7QILO5W,4YJMNDP,11537.07,26.7,28.014,LINE_MODE_40,7.2,Clear
80727524,2020-01-10,08:02:44,Import,JP,PORT_40,NG,392340,A0Y5J8S,3EVLVZQ,63.0,10.0,10.242,LINE_MODE_40,56.7,Clear
43674113,2020-01-10,00:49:53,Import,US,PORT_40,DJ,902730,ME9VO99,PWWOV3E,3828.0,3.0,2.864,LINE_MODE_40,10.8,Clear
17823769,2020-01-10,19:06:49,Import,CN,PORT_40,TT,071080,TYMPKZ4,UTNPOCA,1326000.0,5000.0,5133.5,LINE_MODE_40,58.3,Clear
71281232,2020-01-10,16:52:32,Import,CN,PORT_40,UZ,830242,SFLI5MU,RZXCX7U,57144.7,479.0,464.726,LINE_MODE_40,21.0,Clear
23164232,2020-01-10,11:02:32,Import,CN,PORT_40,UZ,903033,KRJ3DBE,PF1L1IG,26101.5,15.0,14.553,LINE_MODE_40,21.0,Clear
75524726,2020-01-10,12:01:26,Import,GB,PORT_40,WS,852329,WMZSXX8,J6CQGJD,144800.77,5.3,5.158,LINE_MODE_10,29.0,Clear
57722530,2020-01-10,18:42:10,Import,CN,PORT_40,BR,200599,7L5EOS4,IL0ECV3,907788.0,14140.0,13732.768,LINE_MODE_40,21.7,Clear
55437397,2020-01-10,20:08:37,Import,CN,PORT_40,AM,481920,DI7SGL1,S1N2WHR,14.4,24.0,24.305,LINE_MODE_40,49.1,Clear
37625269,2020-01-10,03:31:49,Import,KR,PORT_20,TT,611020,OUKTGFT,32NRMJF,792.0,30.0,26.937,LINE_MODE_10,29.7,Low Risk
85090153,2020-01-10,14:37:13,Import,JP,PORT_40,FJ,960820,K37R13I,S1N2WHR,166.17,8.7,9.002,LINE_MODE_40,63.6,Clear
23989509,2020-01-10,21:09:09,Import,CN,PORT_40,MG,660199,1ZNY80M,XNI2J29,2367.28,25.4,24.3,LINE_MODE_40,12.1,Clear
13148936,2020-01-10,11:24:56,Import,CN,PORT_13,IL,711719,XVQL1K8,CODJXJZ,1049.6,8.0,8.146,LINE_MODE_10,58.7,Clear
74136887,2020-01-10,15:06:47,Import,CN,PORT_40,LV,847290,Z87M9KM,HIP6I3V,1845942.5,2912.5,2964.051,LINE_MODE_40,52.4,Clear
30481658,2020-01-10,03:15:38,Import,CN,PORT_40,FJ,620443,W4KHJ77,OZB7KED,873.6,7.0,7.05,LINE_MODE_40,45.4,Clear
96416391,2020-01-10,12:55:51,Import,DE,PORT_20,LV,392690,TQ9U6MK,EE3ZPVO,11.04,18.4,16.663,LINE_MODE_10,20.2,Low Risk
72526478,2020-01-10,22:22:38,Import,CN,PORT_40,NG,848190,D5ESSRN,0LS3A3L,219.5,5.0,4.986,LINE_MODE_10,44.8,Clear
27792921,2020-01-10,12:51:21,Import,JP,PORT_40,PG,830590,XWSG9U3,QZE38LM,23099.68,47.2,44.873,LINE_MODE_40,8.2,Clear
48194132,2020-01-10,15:47:32,Import,CN,PORT_20,FJ,940540,T86X12O,5SAKUHK,1442.0,140.0,142.828,LINE_MODE_30,56.0,Clear
98370718,2020-01-10,06:39:58,Import,CN,PORT_40,IR,940520,NMGJW0U,6XZN0YY,204078.96,706.4,690.294,LINE_W6UCD9,25.6,Clear
39332377,2020-01-10,06:31:37,Import,CN,PORT_40,SV,630790,7784KHT,TRRN385,315.1,137.0,140.11,LINE_MODE_10,61.7,Clear
28307476,2020-01-10,15:27:16,Import,CN,PORT_40,HN,852580,V2OITAD,RZXCX7U,4422.21,1.3,1.324,LINE_MODE_40,4.1,Low Risk
37982663,2020-01-10,13:52:23,Import,CN,PORT_40,LR,620719,V5IDKAS,L49P9ZU,679680.0,1280.0,1318.016,LINE_MODE_10,66.3,Clear
42208706,2020-01-10,09:34:26,Import,FR,PORT_30,PY,340600,GV2KPTN,PBP2MYI,90.82,1.9,1.868,LINE_MODE_10,35.6,Clear
54084098,2020-01-10,15:29:38,Import,IT,PORT_16,RS,300490,RW9AAWN,HJIT89C,83.4,0.3,0.296,LINE_MODE_40,32.2,Clear
96325528,2020-01-10,12:33:28,Import,CN,PORT_20,MG,392630,NAUQTEB,WM70Y5G,250.0,10.0,10.222,LINE_MODE_40,55.3,Clear
93465291,2020-01-10,21:10:51,Import,ID,PORT_40,BR,852990,PCW8KX7,QBCWXDO,217800.0,5808.0,5899.186,LINE_MODE_40,51.1,Clear
18734142,2020-01-10,17:07:42,Import,EC,PORT_16,RS,200899,FT39H3J,0VJ0SCB,2300.31,54.9,52.989,LINE_MODE_10,23.7,Clear
89517574,2020-01-10,13:03:34,Import,JP,PORT_30,DJ,848690,V5IDKAS,LIDFHWP,160563.0,78.0,81.838,LINE_MODE_40,7.2,Clear
42839951,2020-01-10,15:55:11,Import,CN,PORT_16,KR,210390,UZWSRZ3,Z64QME2,971495.0,2050.0,2020.685,LINE_MODE_40,31.3,Clear
34288081,2020-01-10,03:44:01,Import,CN,PORT_40,CL,392690,K37R13I,RZXCX7U,7.02,11.7,10.555,LINE_MODE_40,17.1,Low Risk
62517237,2020-01-10,16:05:57,Import,CN,PORT_40,CL,852990,ZBV2PV1,IP0LTXS,280.2,6.0,5.956,LINE_MODE_40,35.9,Clear
42495001,2020-01-10,03:26:01,Import,CN,PORT_40,LB,630790,6F9TSEF,827ZWS0,78.2,34.0,34.364,LINE_MODE_10,53.8,Clear
12431954,2020-01-10,23:03:14,Import,FR,PORT_40,IL,611090,1D7D7CR,E0J5RN4,96.52,25.4,23.118,LINE_MODE_40,10.5,Low Risk
67990199,2020-01-10,22:53:59,Import,KR,PORT_40,BR,382590,8069BH4,43MSLZK,28236.0,5430.0,5222.031,LINE_MODE_40,15.4,Clear
55546949,2020-01-10,08:26:29,Import,KR,PORT_40,BG,392310,RSEHR00,WBQKENF,761.6,238.0,246.735,LINE_MODE_40,64.9,Clear
35514734,2020-01-10,22:56:14,Import,US,PORT_20,DJ,230330,XVQO3RW,81QQXG2,17513729.2,162767.0,157753.776,LINE_MODE_10,26.4,Clear
12256807,2020-01-10,23:32:07,Import,US,PORT_30,JP,210690,1O3LQ15,818J1DT,190762.0,1508.0,1444.212,LINE_MODE_10,18.8,Clear
80594380,2020-01-10,09:59:40,Import,CN,PORT_16,PL,392690,MFVDK6X,U99X1XP,57.0,95.0,107.563,LINE_MELYTX,44.5,Low Risk
10686413,2020-01-10,17:34:53,Import,CN,PORT_20,CL,391290,VLF59XN,O9QXSRZ,1642.4,2.0,2.009,LINE_MODE_10,49.8,Clear
87922393,2020-01-10,17:21:13,Import,KR,PORT_40,PY,854140,CNIHSJS,ILQIZZ7,681418.5,17885.0,18147.909,LINE_MODE_40,50.4,Clear
49906901,2020-01-10,20:57:41,Import,JP,PORT_40,BA,610442,GTE15W5,GCPNHU7,87.1,0.5,0.48,LINE_MODE_10,20.8,Clear
76193328,2020-01-10,09:36:48,Import,CN,PORT_20,ES,071080,322M89G,15FJDZI,53040000.0,200000.0,204440.0,LINE_MODE_10,61.3,Clear
61750997,2020-01-10,00:35:17,Import,JP,PORT_20,AT,853921,9UK91OC,E06T9N8,90.51,0.1,0.101,LINE_MODE_10,55.1,Clear
87717302,2020-01-10,16:27:02,Import,ID,PORT_20,TT,382499,99SWG7E,JABE2FY,61583.91,403.3,397.331,LINE_MODE_10,36.9,Clear
69301069,2020-01-10,02:21:49,Import,CN,PORT_20,FJ,420100,PJXJXTC,XTUE0ZF,535.72,45.4,44.342,LINE_MODE_40,25.3,Clear
92291902,2020-01-10,12:30:22,Import,CN,PORT_40,HU,071080,708A72F,30KWO4D,1278264.0,4820.0,5287.733,LINE_MODE_40,30.2,Low Risk
94239942,2020-01-10,22:57:42,Import,US,PORT_40,MG,830250,V5IDKAS,AZI5L7O,126.7,1.0,0.965,LINE_MODE_40,17.7,Clear
42790431,2020-01-10,20:49:51,Import,CN,PORT_20,HU,854420,PPSJGCS,J6CQGJD,54702.6,51.0,53.331,LINE_MODE_40,4.9,Clear
99057223,2020-01-10,16:21:43,Import,CN,PORT_40,TH,960990,A0Y5J8S,OJSCAW7,998.0,4.0,4.067,LINE_MWIDNS,4.9,Low Risk
55196815,2020-01-10,04:06:55,Import,CN,PORT_40,ES,940540,A0Y5J8S,YQFTH32,566.5,55.0,52.454,LINE_MODE_10,16.1,Clear
24518537,2020-01-10,14:14:17,Import,VN,PORT_40,SI,620530,9UIHSET,43MSLZK,3470.0,10.0,10.427,LINE_MWIDNS,68.9,Clear
25604901,2020-01-10,09:04:21,Import,KR,PORT_40,PY,854231,RHHWF0C,PF1L1IG,26366.6,13.0,12.489,LINE_MODE_40,14.8,Clear
71262635,2020-01-10,17:30:35,Import,CN,PORT_40,GN,611710,EVN40SJ,LRDA2MV,18781.8,138.0,144.031,LINE_MODE_10,75.5,Clear
39671352,2020-01-10,23:01:12,Import,TH,PORT_20,GN,030111,E86GBA9,UYTLCBK,3740.0,1.0,1.177,LINE_MODE_40,49.2,Low Risk
15245540,2020-01-10,20:12:20,Import,FR,PORT_20,SV,330300,C5X9ICJ,NPTBMDV,2905290.18,14110.2,14338.785,LINE_MODE_10,57.4,Clear
54610957,2020-01-10,14:34:37,Import,CN,PORT_20,TT,401610,BLYYZRQ,QNVN6RO,637.28,5.6,5.9,LINE_MODE_10,112.6,Low Risk
88134311,2020-01-10,13:41:11,Import,CN,PORT_40,CR,420232,56Z7XT2,GTTZC39,1206.8,14.0,14.08,LINE_W6UCD9,44.5,Clear
54537551,2020-01-10,09:15:11,Import,CN,PORT_40,CR,950300,SI577IU,TT4Q4H3,11.76,19.6,19.32,LINE_MODE_40,31.3,Clear
70370780,2020-01-10,12:46:20,Import,US,PORT_40,FJ,720449,2D2MYTA,DWNJQL8,135.0,50.0,49.81,LINE_MWIDNS,38.2,Clear
82052889,2020-01-10,01:52:09,Import,KR,PORT_40,RS,900120,VFZ2A9A,O9QXSRZ,896.22,2.6,2.513,LINE_MODE_40,18.7,Clear
92166157,2020-01-10,06:34:37,Import,US,PORT_40,PG,300215,20DSAEX,PF1L1IG,8603.0,2.0,2.065,LINE_W6UCD9,62.3,Clear
34814276,2020-01-10,17:33:56,Import,CN,PORT_40,CA,520829,994N1D3,UNCISOP,10802.91,29.3,30.712,LINE_MODE_40,6.5,Clear
44105690,2020-01-10,22:54:50,Import,CN,PORT_40,RS,950639,CKDMVA5,5JEUXPV,6400.8,12.0,11.894,LINE_MWIDNS,34.9,Clear
76253036,2020-01-10,00:19:56,Import,DE,PORT_16,BR,841451,XURC6KQ,5XE7E54,2509.76,6.2,5.604,LINE_MODE_10,21.7,Low Risk
32259012,2020-01-10,08:02:12,Import,CN,PORT_40,GN,611595,OAA31FP,ES3SHMJ,2044.8,96.0,94.099,LINE_MODE_40,27.6,Clear
87081990,2020-01-10,07:26:30,Import,KR,PORT_40,MG,382499,OZ753MD,RZXCX7U,350.0,28.0,29.879,LINE_MODE_40,115.3,Low Risk
45015087,2020-01-10,00:23:27,Import,CN,PORT_40,GU,392690,V2OITAD,RZXCX7U,7.02,11.7,14.052,LINE_MODE_40,91.3,Low Risk
56592840,2020-01-10,08:14:00,Import,CN,PORT_40,MG,611420,TZHMWUL,KXJKVNF,3748.5,45.0,43.479,LINE_MODE_40,18.4,Clear
56505782,2020-01-10,18:35:02,Import,TW,PORT_40,EC,381239,GR4J0RB,2QRESAX,428400.0,1000.0,1045.2,LINE_MODE_40,4.5,Clear
70089735,2020-01-10,10:22:15,Import,DE,PORT_20,LB,940120,9BZKBBM,QWGJWAT,10636.2,18.0,20.236,LINE_MODE_10,42.6,Low Risk
85266651,2020-01-10,23:46:51,Import,CN,PORT_40,MT,961700,V2OITAD,B229VQ2,523.32,2.1,2.175,LINE_MODE_40,64.3,Clear
55619178,2020-01-10,20:34:18,Import,CN,PORT_40,TT,900190,31B9IMY,FQKH1PD,207.69,2.3,2.409,LINE_VZIZJJ,5.8,Clear
14632971,2020-01-10,19:18:51,Import,CN,PORT_40,LV,620463,708A72F,0JTKLDW,3303.16,50.2,48.98,LINE_MODE_40,24.7,Clear
31348950,2020-01-10,06:02:30,Import,US,PORT_40,TH,830250,V5IDKAS,Q8HMP9E,126.7,1.0,0.961,LINE_MODE_40,15.1,Clear
89086504,2020-01-10,03:19:04,Import,US,PORT_20,UG,902610,MQ0JT4B,09UPRFS,42631.2,72.0,76.026,LINE_MODE_10,114.2,Low Risk
71240276,2020-01-10,15:53:56,Import,CN,PORT_40,BA,830140,Z27YMX5,FS5S06G,28961.6,3148.0,3299.734,LINE_W6UCD9,6.5,Clear
72502748,2020-01-10,17:47:08,Import,CN,PORT_40,BR,851762,HSEXI2S,PF1L1IG,7192.0,49.6,58.699,LINE_MODE_40,50.7,Low Risk
86400225,2020-01-10,03:03:45,Import,CN,PORT_40,MG,392620,SL2LSBK,WTQOKWY,11730.4,248.0,247.678,LINE_77BN4M,45.8,Clear
96464322,2020-01-10,12:50:42,Import,IT,PORT_40,CA,621420,IZSEO4E,1VRR8DV,102.6,0.9,0.878,LINE_MODE_10,30.3,Clear
37117464,2020-01-10,20:48:24,Import,ES,PORT_40,LB,420229,7E7ROMP,JUTW0U7,140.0,3.5,3.198,LINE_MODE_40,7.6,Low Risk
83159996,2020-01-10,22:55:56,Import,KR,PORT_40,HN,900120,LMDUKVD,ONKQE2Z,896.22,2.6,2.569,LINE_MODE_40,32.9,Clear
77200730,2020-01-10,15:58:50,Import,CN,PORT_40,PY,392390,708A72F,O9QXSRZ,38.76,20.4,18.396,LINE_MODE_40,17.4,Low Risk
59065200,2020-01-10,15:00:00,Import,DE,PORT_40,HU,850710,U4VW01A,23RIU88,16745333.28,18938.4,18677.05,LINE_MODE_40,31.6,Clear
12624975,2020-01-10,23:56:15,Import,IT,PORT_40,UZ,930510,OAA31FP,69Z0KLV,11543.8,2.0,1.947,LINE_MODE_40,23.3,Clear
64984110,2020-01-11,13:08:30,Import,FR,PORT_40,MT,847180,S4VU6HI,G6WIYA2,2007.95,0.7,0.626,LINE_MODE_40,27.1,Low Risk
10851411,2020-01-11,16:52:51,Import,CN,PORT_20,HN,293979,YH98YKQ,EXX8VAD,407460.0,100.0,91.261,LINE_MODE_10,14.4,Low Risk
34899297,2020-01-11,12:26:57,Import,CN,PORT_30,MG,940350,LM6LBIV,YBYIS7G,191398.2,1194.0,1149.464,LINE_MODE_30,18.1,Clear
83662767,2020-01-11,23:51:27,Import,CN,PORT_40,LR,120799,RXK9QGH,38XPYRF,21469518.75,28837.5,28194.424,LINE_MODE_40,26.0,Clear
25477492,2020-01-11,14:56:52,Import,US,PORT_20,PY,392690,7QP1KV3,TGC223P,60.0,100.0,106.552,LINE_MODE_10,120.3,Low Risk
46162678,2020-01-11,16:25:58,Import,DE,PORT_130,LV,847982,MZBKTRS,0DMMCY4,1407288.0,45840.0,52048.57,LINE_MODE_40,39.3,Low Risk
22353738,2020-01-11,20:10:18,Import,CN,PORT_33,MT,853690,O60AUS9,JDHQ9NE,104458.2,561.0,542.599,LINE_MODE_40,19.0,Clear
12624636,2020-01-11,08:26:36,Import,TH,PORT_140,NO,081190,H1BAOV2,1GO7PTM,27760.32,100.8,91.109,LINE_MODE_40,15.7,Low Risk
26250235,2020-01-11,23:23:55,Import,CN,PORT_40,GN,200811,4P3JG0V,0ORX7ZW,3572730.0,16050.0,16751.385,LINE_MODE_10,75.5,Clear
28655100,2020-01-11,03:45:00,Import,CN,PORT_20,GG,841451,3YIMQB0,EGQ5ZIV,840364.8,2076.0,2151.151,LINE_MODE_40,64.6,Clear
71069751,2020-01-11,20:11:51,Import,CN,PORT_30,PL,850440,08A8BJG,MJ2N5S8,5904.33,12.9,12.716,LINE_MODE_40,31.3,Clear
56530927,2020-01-11,01:54:07,Import,CN,PORT_40,RS,530890,LQIJ1I2,DB7JDWC,26753954.64,15767.3,15731.035,LINE_MODE_10,45.2,Clear
34756559,2020-01-11,15:19:59,Import,JP,PORT_30,UZ,880330,FG4V5N2,1GAXAOT,141492.78,59.8,58.706,LINE_MODE_40,28.6,Clear
39452597,2020-01-11,22:35:17,Import,CN,PORT_30,TT,732393,X8YUKRY,NIUJXRF,23938.82,3861.1,3910.136,LINE_3JLK6O,51.1,Clear
41124261,2020-01-11,08:00:21,Import,KR,PORT_40,UG,382499,GBFG3PZ,3XYU5JE,350.0,28.0,25.063,LINE_MODE_10,32.7,Low Risk
67124584,2020-01-11,14:47:04,Import,CN,PORT_40,LB,392690,H887ADH,OD9KMHM,6.0,10.0,9.942,LINE_MODE_10,42.9,Clear
69382552,2020-01-11,06:47:52,Import,US,PORT_40,RS,810890,QSBFCT0,CCG16WC,617589.0,210.0,212.142,LINE_MODE_40,47.4,Clear
98904069,2020-01-11,22:45:09,Import,CN,PORT_40,SD,853400,TIC34FT,PT6BMR7,7037.0,227.0,221.711,LINE_MODE_30,27.3,Clear
69036068,2020-01-11,22:49:08,Import,CN,PORT_20,EC,630239,25YCOH8,XYJLF67,16841.6,16.0,15.235,LINE_MODE_10,15.1,Clear
77076468,2020-01-11,18:55:48,Import,IT,PORT_40,PG,870194,PDN3GW3,OQY4ZUC,4567560.0,5100.0,4856.22,LINE_MODE_40,9.1,Clear
74983203,2020-01-11,10:28:03,Import,CN,PORT_20,BR,610453,67UWNW5,MV3V6A0,5630.0,25.0,23.992,LINE_MODE_10,20.1,Clear
63333058,2020-01-11,21:58:58,Import,US,PORT_40,PY,220299,3DPP631,RZM2Z77,2661669.36,10741.2,10818.537,LINE_MODE_40,45.4,Clear
33422966,2020-01-11,21:05:26,Import,KR,PORT_30,NG,850490,NFWQ2VI,U855SH0,265.43,1.1,1.049,LINE_MODE_10,15.8,Clear
84396265,2020-01-11,17:04:25,Import,DE,PORT_12,LB,940599,FSSTFL5,DYGGDIZ,68.4,2.0,1.957,LINE_EIZP3I,26.6,Clear
55642695,2020-01-11,13:18:15,Import,US,PORT_20,UG,870324,8XN4LV0,O4CHGVI,32287.2,3669.0,4359.653,LINE_MODE_40,87.3,Low Risk
13141042,2020-01-11,22:09:22,Import,HU,PORT_20,SD,850152,IJKQICT,2FZMZJH,1407.18,99.8,101.317,LINE_MODE_10,56.7,Clear
45247178,2020-01-11,08:47:38,Import,CA,PORT_56,EC,870899,QYA08UF,AIL057T,240.1,34.3,35.919,LINE_MODE_50,7.8,Clear
16842287,2020-01-11,19:56:47,Import,CN,PORT_40,OM,420299,XBJ8FHO,9HF6ZKX,2290.17,236.1,240.279,LINE_MODE_40,52.4,Clear
64541906,2020-01-11,13:14:26,Import,US,PORT_20,MG,490199,06O0P19,GDRFD2Z,403.2,112.0,110.118,LINE_MODE_10,35.6,Clear
38829746,2020-01-11,06:58:26,Import,CN,PORT_30,TH,842490,3NSFZIK,E8KYNCP,730.0,5.0,4.816,LINE_MODE_40,16.4,Clear
36601741,2020-01-11,18:25:01,Import,JP,PORT_20,NG,310100,973NFG3,DG48F57,71390430.0,1934700.0,2013442.29,LINE_MODE_10,73.6,Clear
31066406,2020-01-11,14:29:26,Import,FR,PORT_40,MG,220421,KHOWI5R,6SL9BBE,59400.0,450.0,464.94,LINE_MODE_40,62.6,Clear
57055276,2020-01-11,08:57:16,Import,CN,PORT_16,ZZ,481920,9VNNLNU,OIJHP6N,52.8,88.0,92.242,LINE_MODE_10,12.5,Clear
20480606,2020-01-11,01:59:26,Import,FI,PORT_30,UG,848710,WN8UYJC,73IBEM8,22074938.4,5384.0,5562.749,LINE_MODE_10,68.6,Clear
59982314,2020-01-11,15:29:14,Import,KR,PORT_40,SI,382590,TU3YDAL,Z64QME2,28236.0,5430.0,5317.056,LINE_W6UCD9,27.0,Clear
86525590,2020-01-11,15:33:10,Import,JP,PORT_152,KE,470730,0W9WGUT,OTRVIBL,3046464.0,141040.0,146850.848,LINE_30GFAP,67.9,Clear
71787921,2020-01-11,01:41:21,Import,DE,PORT_13,SI,340290,OA4CANQ,BO5SHO4,237300.0,840.0,798.588,LINE_MODE_10,14.2,Clear
75403691,2020-01-11,09:24:11,Import,TW,PORT_54,IL,740400,AILAGK3,7RI811X,583439.2,98888.0,100440.542,LINE_MODE_50,53.1,Clear
11859802,2020-01-11,02:15:22,Import,CN,PORT_20,TH,392112,05XSCCC,SPKIA9H,1049256.0,2223.0,2301.25,LINE_MODE_40,63.9,Clear
75959028,2020-01-11,20:31:48,Import,PL,PORT_20,JP,620469,Y9UPOXS,0HC870L,5271.2,11.0,10.694,LINE_MODE_10,28.3,Clear
98583019,2020-01-11,18:14:19,Import,US,PORT_121,TH,848250,EBE1A9I,WOPT1VE,369.96,0.6,0.571,LINE_VZIZJJ,8.8,Clear
25238181,2020-01-11,11:12:21,Import,MY,PORT_40,SV,440929,UJOOIM4,CP9LYOC,2637800.0,22000.0,26634.08,LINE_MODE_10,100.4,Low Risk
23534127,2020-01-11,01:27:27,Import,CN,PORT_13,NG,120190,MIW12AI,13ULX3Z,27910000.0,100000.0,99770.0,LINE_FIE6KV,39.2,Clear
81973392,2020-01-11,05:35:12,Import,VN,PORT_50,EC,030617,TKBXSMA,QE2HAMO,11297700.0,4500.0,4455.9,LINE_77BN4M,36.2,Clear
49379839,2020-01-11,18:41:19,Import,CN,PORT_40,TH,730690,BXV0SYH,RUTI8RF,7770.0,300.0,312.51,LINE_MODE_10,74.2,Clear
17642558,2020-01-12,08:50:38,Import,CN,PORT_20,DJ,392350,5BVCDUN,CMVCO4M,937.84,123.4,112.487,LINE_MODE_10,15.3,Low Risk
43967590,2020-01-12,09:53:10,Import,CN,PORT_10,OM,420232,8XN4LV0,98WML8W,4439.3,51.5,53.622,LINE_MODE_40,67.9,Clear
70656303,2020-01-13,04:33:03,Import,CN,PORT_30,LB,392690,53UNQBO,U5Z20DX,250.02,416.7,420.742,LINE_MODE_10,53.1,Clear
72860541,2020-01-13,23:38:21,Import,FR,PORT_121,NO,180690,KUOZ607,SBZL331,23486.58,7.8,8.117,LINE_MODE_40,67.6,Clear
38615403,2020-01-13,20:18:03,Import,US,PORT_40,SD,380993,Z6X7M27,MA37YT3,377196.0,430.0,412.671,LINE_MODE_10,20.1,Clear
19162736,2020-01-13,01:54:56,Import,DE,PORT_40,JP,870899,KQ5I0E6,CZXGQEJ,126.0,18.0,18.328,LINE_MODE_40,52.7,Clear
30259863,2020-01-13,07:19:03,Import,KR,PORT_16,LR,848640,LAZOZZQ,6U1YDZS,26960.0,50.0,52.436,LINE_MODE_10,109.6,Low Risk
58052886,2020-01-13,17:24:06,Import,GB,PORT_30,IR,320990,NNZXML2,89HCH5G,736504.08,800.2,898.337,LINE_MODE_40,36.2,Low Risk
92439954,2020-01-13,18:09:54,Import,JP,PORT_33,MT,380993,J82TKWG,OL8GYOO,9649.2,11.0,10.551,LINE_MODE_10,19.8,Clear
56860684,2020-01-13,23:42:04,Import,IT,PORT_20,GU,200710,EH9FM1K,A70MDRN,22861525.4,9302.0,9713.148,LINE_MODE_10,75.9,Clear
78146206,2020-01-13,09:32:46,Import,VN,PORT_20,SD,160521,QIIXQN3,BO5EGX8,6636000.0,3000.0,3099.6,LINE_MODE_40,62.6,Clear
24865843,2020-01-13,19:38:43,Import,JP,PORT_40,BR,210390,RS1056O,NFDW0CI,64584.0,2392.0,2546.81,LINE_W6UCD9,113.8,Low Risk
52971574,2020-01-13,21:23:34,Import,CN,PORT_40,UZ,230910,6VMJ7GH,9GLECG4,270.5,5.0,5.086,LINE_W6UCD9,4.7,Low Risk
46108633,2020-01-13,10:25:13,Import,KR,PORT_30,AM,902780,7Y5DNPU,SD260Q2,50635.8,18.0,17.905,LINE_MODE_10,43.2,Clear
91044453,2020-01-13,21:55:33,Import,PT,PORT_20,ES,621149,40Y553N,U8D0AP1,1306.0,10.0,10.954,LINE_MODE_10,35.8,Low Risk
16883957,2020-01-13,01:31:17,Import,AU,PORT_40,UG,210690,OTN1GVU,2WRB80H,29221.5,231.0,238.554,LINE_MODE_40,62.3,Clear
32800527,2020-01-13,07:27:27,Import,FR,PORT_40,EC,210690,MQCTMG1,DWNJQL8,88550.0,700.0,795.928,LINE_MODE_40,39.7,Low Risk
13431123,2020-01-13,00:40:03,Import,PK,PORT_20,AT,520812,ZYWWSQM,UNUPZMO,8248942.8,13986.0,13981.804,LINE_MODE_40,40.5,Clear
95641129,2020-01-13,19:02:49,Import,CN,PORT_40,HU,091011,F6NRXG0,B0XXYFB,4512000.0,24000.0,25120.8,LINE_MODE_10,11.5,Clear
31104993,2020-01-13,16:04:33,Import,US,PORT_40,KR,731029,HFVWJ5F,8HJMI9Z,0.87,0.3,0.304,LINE_MODE_10,56.4,Clear
21925794,2020-01-13,22:53:54,Import,IT,PORT_40,NO,870899,JE40OUK,97ELD50,476.0,68.0,72.347,LINE_MODE_10,119.3,Low Risk
51577242,2020-01-13,16:12:42,Import,JP,PORT_40,LR,392690,TN7D82K,23KOWEH,63.2,2.0,2.03,LINE_MODE_40,50.7,Clear
98039421,2020-01-13,17:46:21,Import,VN,PORT_40,SI,630790,P6BCUO8,0J6T5PG,6.9,3.0,3.002,LINE_MODE_40,41.2,Clear
60639733,2020-01-13,18:50:13,Import,CN,PORT_30,TH,392620,NAZRE3X,3EVLVZQ,66125.4,1398.0,1460.491,LINE_MODE_10,10.2,Clear
86435357,2020-01-13,09:21:17,Import,CN,PORT_40,GN,560600,RCT6JGT,H40BV8D,3993193.08,2586.6,2725.035,LINE_W6UCD9,106.6,Low Risk
75987690,2020-01-13,09:41:30,Import,CN,PORT_13,GN,902920,TOF5MJF,OIC15W3,2681.8,1.0,1.116,LINE_NKOQIL,34.7,Low Risk
41314860,2020-01-13,16:21:00,Import,JP,PORT_13,AT,392310,F3VHSLH,IECZ0FH,620.8,194.0,185.503,LINE_MODE_40,11.8,Clear
17040323,2020-01-13,00:33:23,Import,CN,PORT_20,GN,392610,JTG6ESB,U8YJ1TN,393.99,2.3,2.63,LINE_MODE_10,47.2,Low Risk
55686323,2020-01-13,07:33:23,Import,NL,PORT_20,FJ,961900,NXZGW6G,XE14BM6,7369598.94,18605.4,18599.818,LINE_MODE_10,46.5,Clear
37138841,2020-01-13,06:16:41,Import,BG,PORT_40,WS,300190,ONFYVVS,TGINJXC,126615.0,50.0,49.535,LINE_MODE_50,36.6,Clear
70756376,2020-01-13,21:28:56,Import,CN,PORT_30,IR,620690,4WGYEGA,8MJZJ0Q,46393.92,160.2,159.912,LINE_MODE_10,45.5,Clear
60262733,2020-01-13,12:46:53,Import,US,PORT_20,PL,732690,EAK4J4P,XFZQBHA,22180.5,14787.0,15447.979,LINE_H35Z1A,4.2,Clear
24221755,2020-01-13,19:55:55,Import,CN,PORT_40,SD,392690,KXCP7A5,7N5XKGV,546.0,910.0,895.167,LINE_MODE_10,35.9,Clear
61699677,2020-01-13,04:59:57,Import,IT,PORT_20,IL,853649,JAW1D3E,QE2HAMO,54477.5,87.5,85.111,LINE_MODE_10,28.7,Clear
63846206,2020-01-13,23:59:26,Import,CN,PORT_40,GU,520790,Y1THALD,0CK52OM,73134.0,90.0,92.988,LINE_MWIDNS,62.6,Clear
28310558,2020-01-13,04:10:38,Import,CN,PORT_30,UZ,761699,UD9PT2E,NI06N7N,2500.0,200.0,191.44,LINE_MODE_10,18.4,Clear
23603461,2020-01-13,23:47:01,Import,IT,PORT_20,AT,940540,5KVVCF1,HHXAYIW,43.26,4.2,3.759,LINE_MODE_40,26.7,Low Risk
74741197,2020-01-13,22:18:37,Import,CN,PORT_30,MT,640359,1QIU4N8,KRGTZGT,1367.6,2.0,2.025,LINE_MODE_10,55.1,Clear
41724000,2020-01-13,22:00:00,Import,CN,PORT_40,GN,610333,MRKDBBZ,FMELC6M,50726.0,52.0,51.282,LINE_MODE_10,37.6,Clear
24122548,2020-01-13,00:10:28,Import,CN,PORT_20,GU,853890,7EN2S3V,RBKRC5B,148243.2,448.0,453.466,LINE_MODE_10,54.7,Clear
43733271,2020-01-13,18:43:51,Import,JP,PORT_30,PY,848220,DOHLAY5,ZK8EHLJ,664648.0,1655.0,1697.534,LINE_MODE_10,63.7,Clear
26603729,2020-01-13,12:39:29,Import,US,PORT_20,MT,392690,4CNTQM2,ITZ78A1,6.32,0.2,0.209,LINE_MODE_10,11.5,Clear
70302207,2020-01-13,16:35:27,Import,CN,PORT_20,DJ,940410,EAPRJGG,YY48EU3,2614476.8,13312.0,12748.902,LINE_MODE_10,18.8,Clear
70268405,2020-01-13,11:20:05,Import,CN,PORT_40,EC,851830,MGXBK13,XHO4C5A,3787.0,35.0,35.304,LINE_MODE_10,52.4,Clear
17388457,2020-01-13,22:59:37,Import,SE,PORT_20,RS,853110,1ZNY80M,1VRR8DV,302102.96,140.2,137.775,LINE_MODE_10,35.3,Clear
97160132,2020-01-13,01:27:32,Import,CN,PORT_16,EC,200410,4Q9WU8T,7W8C6RY,56700.0,150.0,181.356,LINE_MODE_10,99.9,Low Risk
90623935,2020-01-13,20:58:55,Import,CN,PORT_20,MT,940510,I60U57X,327TD5Y,13118.1,179.7,178.568,LINE_MODE_10,42.5,Clear
95289966,2020-01-13,01:02:06,Import,CN,PORT_30,RS,392690,TOOEFIB,88R79UA,90.0,150.0,142.98,LINE_MODE_40,9.8,Clear
69370336,2020-01-13,09:48:16,Import,FR,PORT_13,SD,611595,STBQN9Z,9PWASZZ,534.63,25.1,25.557,LINE_MODE_10,58.7,Clear
64162004,2020-01-13,06:30:44,Import,CN,PORT_20,SD,610453,206WMTU,VYDDO9H,5630.0,25.0,24.605,LINE_MODE_10,36.3,Clear
51987191,2020-01-13,12:49:11,Import,CN,PORT_30,SV,940520,3Z5L1PO,KILND1W,58070.76,180.4,163.372,LINE_MODE_10,20.2,Low Risk
67180224,2020-01-13,11:34:24,Import,ID,PORT_30,AM,640399,MWLFJ14,0PFRXHB,1309730.49,525.3,511.747,LINE_MODE_10,29.7,Clear
81683292,2020-01-13,01:00:12,Import,CN,PORT_20,SV,852290,2R0PB4O,SWHP4GN,11524.0,20.0,20.804,LINE_MODE_10,73.2,Clear
56191337,2020-01-13,04:14:17,Import,VN,PORT_40,NG,071080,55P05IV,FP4LYR7,19094400.0,72000.0,75074.4,LINE_MODE_10,74.9,Clear
36635393,2020-01-13,13:37:53,Import,JP,PORT_40,ZZ,610910,8V46M5H,86E3KB0,18.72,1.2,1.218,LINE_MWIDNS,50.4,Clear
28558853,2020-01-13,06:08:53,Import,VN,PORT_13,MT,851810,PWXLRXD,Y7T9K2F,2394.9,13.5,13.293,LINE_MODE_10,36.6,Clear
35231213,2020-01-13,19:34:53,Import,CN,PORT_40,SI,950300,JEXMM05,DWNJQL8,2341.5,35.0,40.58,LINE_MODE_40,45.0,Low Risk
63942703,2020-01-13,22:19:43,Import,AL,PORT_40,BA,610910,KA7LT12,2HC1ON5,2.61,0.3,0.303,LINE_MWIDNS,47.1,Clear
27579550,2020-01-13,09:39:10,Import,IT,PORT_40,ZZ,620829,LCEKWBZ,W01DYR6,64.74,0.1,0.096,LINE_MODE_40,15.1,Clear
90346610,2020-01-13,03:36:50,Import,US,PORT_20,EC,853641,AY7DKGR,NHTAPXI,96.25,7.7,8.094,LINE_MODE_10,111.1,Low Risk
60433845,2020-01-13,18:10:45,Import,CN,PORT_20,TT,842489,O64BOMR,V4A8VWQ,1969.6,615.5,682.122,LINE_MODE_10,38.8,Low Risk
92266271,2020-01-13,01:27:11,Import,CN,PORT_40,CL,581092,7TNR681,D9ZYRAN,5230.0,10.0,10.423,LINE_MODE_40,99.5,Low Risk
24103885,2020-01-13,01:11:25,Import,CN,PORT_30,MN,950300,A31KWUL,3FPEL39,159.64,1.3,1.259,LINE_MODE_10,26.0,Clear
25795469,2020-01-13,00:08:29,Import,VN,PORT_40,SD,610620,V4T7B39,NAY7DAZ,195720.0,560.0,546.952,LINE_W6UCD9,25.3,Clear
32447156,2020-01-13,00:01:56,Import,CN,PORT_40,JP,761699,GD0B63Q,B02ELJH,62.5,5.0,5.041,LINE_W6UCD9,46.1,Clear
50189100,2020-01-13,01:25:00,Import,CN,PORT_40,MT,392690,YGJMXS9,1PBKO2S,36.0,60.0,62.172,LINE_MODE_40,64.6,Clear
76412028,2020-01-13,10:21:48,Import,CN,PORT_30,PL,820150,ALDBLCI,IZ68PHT,44704.8,252.0,244.994,LINE_MODE_40,22.3,Clear
61696862,2020-01-13,12:33:02,Import,CN,PORT_20,LR,846799,2D2MYTA,05MFEA7,57690.0,150.0,150.78,LINE_MODE_10,50.1,Clear
54632818,2020-01-13,21:14:58,Import,CN,PORT_20,LV,690410,IM7252G,N4UQ2R6,694020.0,26900.0,27631.68,LINE_MODE_10,64.6,Clear
75004150,2020-01-13,07:09:10,Import,CN,PORT_53,MG,620293,ATHJC89,X4993GA,1564.92,20.7,19.897,LINE_MODE_10,21.1,Clear
15909695,2020-01-13,21:41:35,Import,US,PORT_20,PL,950631,O0TK35X,4HZWY4R,2681.5,6.2,7.367,LINE_MODE_10,93.3,Low Risk
27156480,2020-01-13,23:28:00,Import,CN,PORT_40,DJ,680610,1X86K0B,ES6KNJT,536189.34,1466.2,1576.341,LINE_MODE_10,8.9,Low Risk
71288819,2020-01-13,23:10:59,Import,IT,PORT_20,BG,330499,H8JRSLI,ODW2L91,401.55,1.5,1.428,LINE_MODE_10,14.8,Clear
95265588,2020-01-13,15:27:48,Import,VN,PORT_40,AM,940169,2U8BLA7,YLSHCWD,276358.2,3849.0,3818.978,LINE_MODE_40,35.5,Clear
61177550,2020-01-13,09:05:50,Import,CN,PORT_30,RS,610990,ACY4CEZ,U4EHPQK,702.24,2.8,2.691,LINE_MODE_40,15.1,Clear
31439158,2020-01-13,14:33:58,Import,CN,PORT_30,IL,722790,8IAQ1AL,CUE6HJJ,56410603.2,193452.0,185172.254,LINE_MODE_10,18.4,Clear
19798852,2020-01-13,21:32:52,Import,CN,PORT_20,BR,420292,CQF2RAC,B404YH5,263.4,439.0,421.528,LINE_MODE_40,14.4,Clear
38657544,2020-01-13,16:36:24,Import,IT,PORT_20,LV,420212,AX31EZI,NJ659EB,49689.64,400.4,406.086,LINE_MODE_40,50.1,Clear
62321383,2020-01-13,11:57:43,Import,CN,PORT_40,GU,620630,YN3EWWT,CIYDBM6,22674.6,102.6,99.491,LINE_VZIZJJ,20.7,Clear
22347824,2020-01-13,19:27:44,Import,JP,PORT_30,LB,900211,1NGX7CN,010OMKY,11751.32,1.4,1.26,LINE_MODE_10,27.8,Low Risk
18947902,2020-01-13,07:10:22,Import,NL,PORT_40,ZZ,841939,DC9BCO8,B02ELJH,3371.25,37.5,41.139,LINE_MODE_40,30.2,Low Risk
41706063,2020-01-13,18:49:03,Import,CN,PORT_20,SV,853400,1ZNY80M,K8P5HYQ,10447.0,337.0,347.009,LINE_MODE_10,66.3,Clear
65098652,2020-01-13,07:29:32,Import,CN,PORT_16,CR,120991,9B6HO2Y,AHR2AID,618831.76,144.8,139.037,LINE_MODE_10,20.4,Clear
68916493,2020-01-13,13:56:13,Import,CN,PORT_40,CR,850490,0MDP1LN,W5WQQV8,0.0,0.0,0.001,LINE_MODE_10,23.4,Clear
84141303,2020-01-13,14:23:03,Import,PT,PORT_20,GU,610910,Q4XEC8W,TMOJZ9S,31.2,2.0,2.019,LINE_MODE_10,53.1,Clear
87160349,2020-01-13,05:56:29,Import,MY,PORT_20,ES,851711,YCOG68V,96CCC16,329829.48,1580.4,1638.401,LINE_MODE_10,70.9,Clear
62958811,2020-01-13,21:49:31,Import,JP,PORT_20,HN,621149,J3Z311C,LGM2WU1,1671.68,12.8,12.233,LINE_MWIDNS,17.5,Clear
83002094,2020-01-13,21:52:14,Import,CN,PORT_20,TT,130219,JX5GTJ5,EY2NEVH,395200.0,2000.0,1978.4,LINE_MODE_10,39.6,Clear
95876707,2020-01-13,07:17:07,Import,CN,PORT_40,ES,420292,SEO9BCG,4LP4E4F,263.4,439.0,442.38,LINE_MODE_10,51.8,Clear
58580158,2020-01-13,09:43:58,Import,CN,PORT_20,TT,731819,J5K5SM8,2HC1ON5,228.96,2.4,2.297,LINE_MODE_10,18.4,Clear
25237966,2020-01-13,16:48:46,Import,CN,PORT_20,SV,851762,1DTLQLF,QANXX3L,2581.0,17.8,16.967,LINE_MODE_40,9.8,Clear
52100520,2020-01-13,16:22:00,Import,US,PORT_40,PG,330790,CKGAT3P,BYPK6FZ,132182.1,647.0,663.951,LINE_MODE_40,58.0,Clear
41613628,2020-01-13,18:48:28,Import,CN,PORT_40,AM,200599,4D8NLYH,JYKJWNU,1284000.0,20000.0,19444.0,LINE_MODE_10,28.3,Clear
10771210,2020-01-13,00:40:10,Import,CN,PORT_20,TT,730791,XTVUQ55,VIJ2WSS,2066406.3,9527.0,9824.242,LINE_MODE_10,67.3,Clear
92673598,2020-01-13,00:07:58,Import,CN,PORT_20,EC,851660,GFCD3GY,PRVNQVS,2359189.8,5346.0,5544.871,LINE_MODE_40,65.2,Clear
30219142,2020-01-13,18:04:22,Import,VN,PORT_40,LR,071080,ET2GD3E,MSF7UKK,19057272.0,71860.0,69359.272,LINE_MODE_10,23.7,Clear
56421606,2020-01-13,12:16:06,Import,CN,PORT_40,MT,481920,3Z5L1PO,83UQB74,1.2,2.0,2.066,LINE_W6UCD9,62.6,Clear
78264908,2020-01-13,10:23:08,Import,GB,PORT_40,CR,330190,TP4JXFT,YO1HP2M,1634094.11,12.1,12.49,LINE_MODE_40,61.9,Clear
47030165,2020-01-13,20:16:05,Import,CN,PORT_20,FJ,732690,ASPRQ10,5BLARKM,300.0,200.0,205.74,LINE_MODE_10,65.6,Clear
59645069,2020-01-13,10:48:29,Import,JP,PORT_40,SD,961900,GUX3NBW,BC22YRB,3129.19,7.9,7.716,LINE_W6UCD9,25.3,Clear
43358040,2020-01-13,19:54:00,Import,CN,PORT_40,BG,732620,X8YUKRY,XW6VQPD,20979.0,1110.0,1004.839,LINE_EIZP3I,14.5,Low Risk
41453724,2020-01-13,05:19:24,Import,CN,PORT_40,OM,847160,H8JRSLI,X8ZXLOU,306195.92,2215.6,2269.218,LINE_MODE_10,62.7,Clear
64757711,2020-01-13,00:11:11,Import,CN,PORT_40,NG,961511,M97O3VQ,ATHCS6U,4193.0,70.0,70.399,LINE_MODE_40,44.5,Clear
39953797,2020-01-13,15:08:37,Import,US,PORT_40,UZ,900130,7X3FLNN,A7POIBB,11041.65,0.9,0.911,LINE_MWIDNS,49.1,Clear
79251997,2020-01-13,03:18:37,Import,CN,PORT_20,AT,847990,TWO4VAA,QXPOJKV,743622.0,2090.0,2116.543,LINE_MODE_10,55.1,Clear
94490289,2020-01-13,08:42:09,Import,CN,PORT_20,GN,847740,BKOCK5T,EI8LJBD,1423818.0,7990.0,7723.933,LINE_MODE_10,24.7,Clear
74494944,2020-01-13,19:26:24,Import,MY,PORT_30,MG,210690,UQW3LSF,OHJF3UO,2950992.0,23328.0,23659.258,LINE_MODE_10,56.1,Clear
93674648,2020-01-13,14:52:08,Import,CN,PORT_40,NO,610990,DDOYCCR,W2BYZR4,3500.0,56.0,53.883,LINE_MWIDNS,21.7,Clear
81643777,2020-01-13,15:41:37,Import,VN,PORT_13,GU,630493,P5T27PH,88CJF2E,1378.8,18.0,21.907,LINE_MODE_10,102.4,Low Risk
72788224,2020-01-13,12:01:04,Import,CN,PORT_30,HN,900490,PDME2SA,1HNTTNI,2343.6,12.0,10.796,LINE_MODE_10,27.8,Low Risk
50889058,2020-01-13,05:18:58,Import,CN,PORT_20,MN,852692,2KOB00X,6KQ7MLR,1988.0,5.0,5.036,LINE_MODE_10,51.4,Clear
86176237,2020-01-13,06:42:37,Import,CN,PORT_20,SI,392690,0XJWZIO,F8VJJE0,1020.0,1700.0,1905.768,LINE_MODE_10,41.9,Low Risk
80637272,2020-01-13,23:46:32,Import,CN,PORT_16,HN,420299,RP09REO,6RC0XUY,228.92,23.6,22.425,LINE_MODE_10,13.8,Clear
28723189,2020-01-13,02:43:49,Import,CN,PORT_30,CR,420292,YDDJM8T,YAV8GTN,21.36,35.6,49.464,LINE_MODE_10,149.8,Critical
96717505,2020-01-13,23:38:25,Import,DE,PORT_20,HU,850431,YI047JM,CSJ76A5,553239.72,567.6,544.158,LINE_MODE_10,19.4,Clear
83243610,2020-01-13,17:13:30,Import,US,PORT_30,PL,902620,6GVIM4Z,MSAIPDU,26235.0,25.0,26.278,LINE_MODE_10,111.1,Low Risk
16809295,2020-01-13,20:54:55,Import,CN,PORT_20,LB,842489,IXCG7F1,UDURH76,1969.6,615.5,731.362,LINE_MODE_10,93.3,Low Risk
22893968,2020-01-13,09:34:08,Import,CN,PORT_13,ES,630790,5HB3Z8Z,Y7GUHAF,64.4,28.0,36.793,LINE_MODE_10,126.3,Critical
58910168,2020-01-13,06:04:08,Import,CN,PORT_30,PL,847160,3UO7AM5,5U3KKSH,88.0,5.0,6.57,LINE_MODE_10,126.3,Critical
71045520,2020-01-13,22:52:00,Import,CN,PORT_30,HN,640690,X1607UR,OJVSHZW,158.0,20.0,20.524,LINE_W6UCD9,58.0,Clear
60305026,2020-01-13,01:39:46,Import,CN,PORT_40,MN,392610,2B69TDF,HZVDY2M,2912.1,17.0,17.394,LINE_MODE_50,58.0,Clear
26023419,2020-01-13,04:07:39,Import,US,PORT_30,AM,220840,HQVQSPX,Y46TJ7R,4013550.0,4500.0,4282.65,LINE_MODE_10,14.8,Clear
47947862,2020-01-13,17:23:02,Import,JP,PORT_20,MG,940421,1NZXBCZ,818J1DT,40710.0,150.0,150.78,LINE_MODE_10,50.1,Clear
30269821,2020-01-13,19:33:01,Import,GB,PORT_30,CA,282739,QYBRXS4,CEZLAIB,166.55,0.5,0.5,LINE_MODE_10,47.2,Clear
96153464,2020-01-13,17:01:44,Import,CN,PORT_40,UZ,851590,TVT205R,X3S3PP4,269632.8,1368.0,1249.887,LINE_MODE_10,13.6,Low Risk
96464247,2020-01-13,19:49:27,Import,FI,PORT_40,GN,750210,UZS7JAT,9KD51LT,116726709.0,17765.0,18434.74,LINE_MODE_10,71.6,Clear
14077741,2020-01-13,09:45:01,Import,CN,PORT_20,CA,961590,PEUB3FB,8TF3OLD,59.16,20.4,21.23,LINE_MODE_10,73.6,Clear
37410966,2020-01-13,03:32:06,Import,IN,PORT_20,MN,842123,XPT6T7R,2OQZJ37,492460.8,2496.0,2379.187,LINE_MODE_10,15.8,Clear
26228612,2020-01-13,02:15:32,Import,DE,PORT_20,RS,901819,DKGFLH1,BANLBHX,24436.0,20.0,19.604,LINE_MODE_10,33.6,Clear
41463747,2020-01-13,01:54:27,Import,TR,PORT_40,NO,271019,HO1P9CA,L5GONLU,135607.5,2205.0,2177.879,LINE_MODE_40,32.6,Clear
57400982,2020-01-13,19:15:02,Import,ES,PORT_40,MG,420231,8XN4LV0,XLV4XOY,374.61,0.3,0.314,LINE_MWIDNS,4.5,Clear
60438929,2020-01-13,19:19:29,Import,VN,PORT_20,GU,940153,3IAV9EO,E8Q1H51,2118336.0,3264.0,3511.803,LINE_MODE_40,3.2,Low Risk
82695077,2020-01-13,10:23:17,Import,CN,PORT_20,CA,950790,ROALYLQ,0GS8SUL,130680.0,5400.0,5252.58,LINE_MODE_10,28.7,Clear
54590523,2020-01-13,01:50:03,Import,CN,PORT_40,DJ,620891,VIM29GQ,58VBILY,11248.0,80.0,79.976,LINE_MODE_10,46.5,Clear
66598207,2020-01-13,06:22:07,Import,JP,PORT_40,BG,711790,X8RZ7W3,DFD16T9,53.82,2.6,2.49,LINE_MODE_10,18.8,Clear
10201057,2020-01-13,18:29:37,Import,CN,PORT_30,ZZ,851679,8H5AOC3,SRA4AJI,1665836.8,4267.0,4193.181,LINE_MODE_40,29.3,Clear
11320152,2020-01-13,11:41:12,Import,CN,PORT_16,TH,620413,ANLBNV5,96MRW8U,69480.3,93.0,93.949,LINE_MODE_10,53.4,Clear
61957389,2020-01-13,15:47:09,Import,CN,PORT_40,BG,391890,ZN4VAMN,2OQZJ37,54600.0,42000.0,42701.4,LINE_MODE_50,53.7,Clear
29352483,2020-01-13,07:16:03,Import,AU,PORT_40,ZZ,950629,H16VS28,TZ20QZV,10340.0,25.0,30.186,LINE_MODE_40,93.4,Low Risk
29552861,2020-01-13,07:03:41,Import,CN,PORT_40,LB,560313,23MWQWT,PEWJEVC,1620556.54,3868.6,3793.936,LINE_MODE_40,28.0,Clear
12021830,2020-01-13,18:43:50,Import,CN,PORT_20,SV,090421,RG73RTR,BLSMCWC,24748800.0,24000.0,24508.8,LINE_MODE_10,60.7,Clear
20748985,2020-01-13,01:16:25,Import,CN,PORT_40,SI,940599,7GQ4J6F,AYZI3I4,1333.8,39.0,39.729,LINE_MWIDNS,59.0,Clear
59736489,2020-01-13,18:52:09,Import,IT,PORT_20,GG,711790,ZRJ1A4R,IIOL88J,26.91,1.3,1.257,LINE_MODE_10,24.7,Clear
67441575,2020-01-13,18:46:15,Import,US,PORT_30,RS,382200,22J64CH,U8M4Z4C,549.88,0.4,0.389,LINE_MODE_40,23.3,Clear
64257986,2020-01-13,14:22:26,Import,CN,PORT_20,FJ,392690,LYIGCDK,B9LYT5I,360.0,600.0,642.192,LINE_MODE_40,81.4,Low Risk
85539330,2020-01-13,06:55:30,Import,CN,PORT_20,LR,860900,WPPK44S,657KM15,46800.0,4000.0,3884.8,LINE_MODE_40,21.7,Clear
83555345,2020-01-13,10:09:05,Import,DK,PORT_40,MG,900410,9ILJZHB,WKP1O6D,14.16,0.2,0.208,LINE_MODE_10,72.2,Clear
96956694,2020-01-13,12:48:54,Import,CN,PORT_16,LB,940190,FKPMBX3,REPR4IS,11205.4,313.0,309.62,LINE_MODE_10,39.6,Clear
69092342,2020-01-13,02:51:02,Import,CN,PORT_20,LV,854442,KTTNKGN,LUMD0QF,34265.4,1146.0,947.696,LINE_MODE_10,32.0,Critical
29848154,2020-01-13,20:53:14,Import,FR,PORT_13,IR,842129,5RTKGQR,SUU9TQD,3412.6,151.0,144.839,LINE_MODE_40,13.8,Clear
71013213,2020-01-13,17:41:33,Import,JP,PORT_40,UZ,482110,52UFRL0,X8V2CQS,8.8,8.0,8.038,LINE_MODE_40,43.8,Clear
75647511,2020-01-13,19:47:51,Import,CN,PORT_40,SV,847180,EBYFPVL,I7KZICT,3013.6,4.0,4.023,LINE_MODE_40,44.5,Clear
19391954,2020-01-13,20:23:14,Import,IT,PORT_40,GG,540783,SSV96OJ,8L1MYYN,233863.71,79.7,76.448,LINE_MODE_10,19.8,Clear
76041406,2020-01-13,08:52:46,Import,VN,PORT_20,AM,940169,MYKPTW2,DV33WR2,258480.0,3600.0,3719.52,LINE_MODE_10,68.6,Clear
26586754,2020-01-13,08:16:34,Import,CN,PORT_20,BA,940490,ZD3VAJ0,EQKJV4O,115.5,5.0,4.796,LINE_MODE_10,19.8,Clear
89071302,2020-01-13,19:13:42,Import,CN,PORT_40,SD,392690,0E1NYSH,IS1YATG,25.8,43.0,42.364,LINE_MODE_10,36.9,Clear
25258334,2020-01-13,05:56:14,Import,JP,PORT_20,IR,392490,49VA1F0,I83IDLT,1536.7,1397.0,1353.972,LINE_MODE_10,26.4,Clear
51243651,2020-01-13,20:56:51,Import,SG,PORT_40,PY,901410,6VMJ7GH,3AWZO88,9382.5,9.0,9.321,LINE_MWIDNS,64.3,Clear
97746864,2020-01-13,14:18:24,Import,VN,PORT_20,ZZ,853669,UUFJY7A,4QC013K,204923.81,391.3,373.378,LINE_MODE_10,16.5,Clear
81071796,2020-01-13,13:32:36,Import,CN,PORT_40,BA,481920,TU5RJ0K,OYOSTB6,1.02,1.7,1.68,LINE_MODE_10,38.9,Clear
69402640,2020-01-13,17:10:40,Import,CN,PORT_40,ZZ,732690,3TWTAS8,THGS6O5,55218.0,36812.0,33324.431,LINE_MODE_40,14.5,Low Risk
78161332,2020-01-13,09:20:52,Import,TH,PORT_40,HN,390290,8FV9YEA,SV6NQI6,8054600.0,23000.0,23464.6,LINE_MODE_10,60.0,Clear
31808962,2020-01-13,07:41:22,Import,US,PORT_40,HU,854231,O43SPUX,FG66YE1,202.82,0.1,0.096,LINE_MODE_40,11.1,Clear
70662456,2020-01-13,06:03:36,Import,CN,PORT_40,KR,940540,124MD6H,BDHIVEX,515.0,50.0,47.91,LINE_MODE_40,13.1,Clear
30221242,2020-01-13,14:39:22,Import,IT,PORT_40,GN,620520,BINA4CT,GK0JA77,2069.6,26.0,26.395,LINE_MWIDNS,50.7,Clear
64130048,2020-01-13,08:02:08,Import,CN,PORT_20,MN,030743,T4U6NSM,31R3APF,4303800.0,18000.0,17319.6,LINE_MODE_10,21.7,Clear
67806706,2020-01-13,21:27:46,Import,CN,PORT_40,CR,620630,RQKL0U3,B6C4G68,61438.0,278.0,273.33,LINE_MWIDNS,29.6,Clear
48986950,2020-01-13,04:09:10,Import,CN,PORT_20,HN,854390,N71S191,23RIU88,1086.0,60.0,54.526,LINE_MWIDNS,11.6,Low Risk
36680365,2020-01-13,06:39:25,Import,KR,PORT_40,LR,841410,BZQ9VYI,RHXJHJQ,1796.22,30.6,31.478,LINE_MODE_10,65.6,Clear
68752654,2020-01-13,21:01:34,Import,CN,PORT_20,KR,854110,AFIOC3F,E3MJKHM,159.2,1.6,1.615,LINE_MODE_10,52.8,Clear
12602919,2020-01-13,16:12:39,Import,US,PORT_40,CR,950699,ZIJRBG2,5M3SYCZ,788.62,13.1,15.063,LINE_MODE_40,42.7,Low Risk
21575789,2020-01-13,20:00:29,Import,AU,PORT_40,SI,020629,D31L7GF,XLV4XOY,5773880.0,6800.0,6913.56,LINE_MWIDNS,51.7,Clear
62318405,2020-01-13,03:00:05,Import,DE,PORT_30,CL,870324,HVPQ3ZV,GMZMYBP,10894.0,2095.0,2113.226,LINE_MODE_10,52.4,Clear
64565031,2020-01-13,21:19:51,Import,CN,PORT_20,TH,540782,PCW8KX7,J8BDQH4,120750.0,75.0,78.428,LINE_MODE_10,10.9,Clear
45597729,2020-01-13,19:26:09,Import,CN,PORT_40,HU,392690,IMEYW8Q,M27RTMS,39.6,66.0,71.011,LINE_MODE_40,3.2,Low Risk
78677700,2020-01-13,18:55:00,Import,LT,PORT_16,EC,621149,J4BY6D2,H9OUDBA,3891.88,29.8,30.879,LINE_MODE_30,66.6,Clear
75337725,2020-01-13,22:08:45,Import,CN,PORT_40,IR,910211,V5PM2DL,LTMCLCO,4006.4,64.0,67.117,LINE_MODE_40,6.8,Clear
26992223,2020-01-13,08:58:23,Import,CN,PORT_40,IR,560900,4TNV14J,C5CFNZ1,226.8,1.0,1.05,LINE_MODE_10,13.5,Clear
83694628,2020-01-13,11:58:28,Import,TW,PORT_40,AT,950639,46YD70W,HIMRC96,317.73,11.9,11.569,LINE_MODE_10,28.3,Clear
99390651,2020-01-13,19:06:51,Import,CH,PORT_16,GU,731815,FCXX13D,5MSV9Z5,0.0,0.0,0.001,LINE_MODE_10,115.7,Low Risk
33096407,2020-01-13,06:58:47,Import,MY,PORT_20,ZZ,210690,OUDRKX8,PDIBHHF,2950992.0,23328.0,22341.226,LINE_MODE_10,18.8,Clear
20386562,2020-01-13,13:28:02,Import,CN,PORT_40,OM,940599,JLL90UH,ROE2CNU,684.0,20.0,18.259,LINE_MODE_10,14.1,Low Risk
40255690,2020-01-13,14:48:10,Import,CN,PORT_33,LB,620443,FMP41DG,OD9636U,3120.0,25.0,24.78,LINE_77BN4M,40.9,Clear
33689530,2020-01-13,06:52:10,Import,JP,PORT_40,SV,711790,7FHYTOE,WY7YBRP,53.82,2.6,2.525,LINE_MWIDNS,21.7,Clear
66844702,2020-01-13,07:50:22,Import,KR,PORT_40,EC,392119,GQ9MA02,AUJYYY2,39690.0,60.0,65.822,LINE_W6UCD9,30.2,Low Risk
55425940,2020-01-13,18:45:40,Import,US,PORT_20,TH,320730,D2D2PYB,SXW7KJ7,4880.0,0.8,0.957,LINE_MODE_10,95.8,Low Risk
26373405,2020-01-13,04:56:45,Import,CN,PORT_40,PG,620462,U0BQ4GJ,PF1L1IG,48109.6,284.0,286.471,LINE_MWIDNS,46.4,Clear
82352542,2020-01-13,03:34:22,Import,PH,PORT_30,HN,481019,RC0I0E7,W5WQQV8,3148320.0,8400.0,8107.68,LINE_MODE_10,23.7,Clear
19115553,2020-01-13,21:40:33,Import,CN,PORT_30,LR,950300,2KJ14Q9,LRL6EUW,3498.87,52.3,55.266,LINE_MODE_40,108.7,Low Risk
41472764,2020-01-13,23:56:44,Import,TW,PORT_40,ZZ,852692,GGWKRCR,2OQZJ37,437.36,1.1,1.105,LINE_MODE_10,49.5,Clear
36541227,2020-01-13,10:32:27,Import,CN,PORT_40,WS,848190,1ZNY80M,0J5LT67,136032.93,3098.7,2991.671,LINE_MODE_10,10.8,Critical
87381539,2020-01-13,05:22:59,Import,DK,PORT_30,PY,970200,AT16VD5,U0311XR,41995.0,50.0,49.585,LINE_MWIDNS,35.2,Clear
99769395,2020-01-13,10:43:15,Import,CN,PORT_20,GU,847330,D0BPP75,TEZFID7,200511.0,45.0,43.366,LINE_MODE_10,22.7,Clear
29631427,2020-01-13,21:49:07,Import,CN,PORT_20,EC,210390,S0XK6J5,HC12OM3,540000.0,20000.0,20954.0,LINE_MODE_10,12.2,Clear
61841241,2020-01-13,06:43:21,Import,CN,PORT_40,HN,850151,VD397OH,RA1EIZP,61.77,2.9,2.873,LINE_MWIDNS,34.6,Clear
27731528,2020-01-13,01:20:08,Import,CN,PORT_40,TT,961800,DMTJDSN,2HS3DU2,275595.0,950.0,971.09,LINE_W6UCD9,55.3,Clear
74348989,2020-01-13,12:33:49,Import,CN,PORT_40,TT,071080,F2EZEHK,CF13CXB,15912000.0,60000.0,61002.0,LINE_MWIDNS,51.7,Clear
13925710,2020-01-13,00:55:10,Import,ID,PORT_20,RS,482010,AI1JGDK,IU5QO7Q,25995.17,1346.9,1321.578,LINE_MODE_10,34.3,Clear
45299070,2020-01-13,01:04:30,Import,CN,PORT_16,LR,940490,3JJGQDD,BPUBSJB,73111.5,3165.0,3168.798,LINE_MODE_40,41.5,Clear
32768704,2020-01-13,23:29:04,Import,CN,PORT_20,ZZ,960610,0BRH5LB,23RIU88,2380.15,131.5,135.997,LINE_MODE_10,69.3,Clear
88378741,2020-01-13,00:55:01,Import,DE,PORT_39,MG,870880,SWBCGP0,K3D8LE7,8535.95,39.5,41.108,LINE_MWIDNS,67.6,Clear
40573605,2020-01-13,13:26:45,Import,CN,PORT_122,IL,420292,YETILIO,TKVXN7V,51.0,85.0,85.739,LINE_MODE_10,52.4,Clear
86166542,2020-01-13,01:41:02,Import,IT,PORT_20,UZ,851660,2S95DRD,M3O4128,13459.65,30.5,27.632,LINE_MODE_40,13.9,Low Risk
28150064,2020-01-13,07:11:44,Import,CN,PORT_30,LV,950691,DJ085Q1,CT5DE7M,99.28,7.3,6.67,LINE_MODE_40,7.6,Low Risk
12719513,2020-01-13,18:19:53,Import,CA,PORT_40,SD,440131,B0QJOQN,J6CQGJD,189357000.0,4970000.0,4744859.0,LINE_MODE_10,16.8,Clear
19707135,2020-01-13,15:12:15,Import,MD,PORT_40,MN,620199,IG4I3ZW,L2INYU7,8213.7,9.5,10.68,LINE_W6UCD9,36.6,Low Risk
57042255,2020-01-13,10:04:15,Import,CN,PORT_40,UZ,392690,QCICKUJ,3BR2MUW,0.3,0.5,0.517,LINE_MWIDNS,62.9,Clear
34201840,2020-01-13,07:10:40,Import,CN,PORT_20,SD,392310,H20YBQB,H40BV8D,35.52,11.1,10.725,LINE_MODE_10,24.4,Clear
69043674,2020-01-13,07:11:54,Import,DE,PORT_20,LB,850153,3TFJC0G,LICIJAN,1912545.0,1550.0,1548.76,LINE_MODE_40,40.2,Clear
20269499,2020-01-13,03:08:59,Import,CN,PORT_40,AT,621710,2QKB0FV,DVS0PAP,25.5,17.0,17.199,LINE_MODE_40,48.4,Clear
73519049,2020-01-13,20:41:29,Import,CN,PORT_20,CA,620520,FXYN43R,PH5S9HO,12099.2,152.0,149.978,LINE_MODE_10,37.9,Clear
91577337,2020-01-13,12:20:57,Import,JP,PORT_20,BG,711719,R5QAGVF,U3Q4SBB,744.28,9.2,9.593,LINE_MODE_10,74.9,Clear
95636864,2020-01-13,17:31:44,Import,CN,PORT_151,IR,620640,HOKO6Q3,TNBC1SB,2234.7,117.0,111.641,LINE_MODE_10,16.5,Clear
66449184,2020-01-13,08:30:24,Import,VN,PORT_40,ES,030752,5D6JEOZ,O1O5YCD,1116.36,1.8,1.79,LINE_W6UCD9,36.9,Clear
94745772,2020-01-13,21:28:12,Import,GB,PORT_20,DJ,401693,LB70ANQ,YHINKXM,411.0,15.0,15.003,LINE_MODE_10,46.8,Clear
24059227,2020-01-13,01:59:07,Import,CN,PORT_30,PL,902519,64HKIRW,PSYHM2J,1497.42,14.1,14.773,LINE_MODE_40,6.2,Clear
20387421,2020-01-13,23:46:21,Import,CN,PORT_40,UZ,870899,UWILZ8H,P5KJOIV,184.8,26.4,26.418,LINE_MODE_40,41.2,Clear
98416099,2020-01-13,03:52:19,Import,KR,PORT_40,GU,902290,HZ118CR,8655CKR,4749.12,9.6,9.712,LINE_MODE_10,54.4,Clear
14245818,2020-01-13,23:58:18,Import,CN,PORT_40,OM,901910,28YA6WI,BQHUFXU,403.52,77.6,81.07,LINE_MODE_10,107.0,Low Risk
40771845,2020-01-13,12:30:45,Import,CA,PORT_40,SV,902290,UQW3LSF,7N4H6JC,1728888.0,120.0,118.644,LINE_MODE_10,39.2,Clear
71806388,2020-01-13,08:21:08,Import,TW,PORT_30,PG,871420,5W4287L,HE2ZU82,25809.3,79.0,78.384,LINE_MODE_10,41.5,Clear
25199085,2020-01-13,14:44:45,Import,CN,PORT_40,CL,681019,AJ0C1S8,YC4CX5Y,926220.0,25800.0,24992.46,LINE_MWIDNS,20.0,Clear
16571302,2020-01-13,03:00:22,Import,CN,PORT_40,IR,847330,9IKM9PU,ODW2L91,6015330.0,1350.0,1330.02,LINE_A5IT1U,30.9,Clear
66160012,2020-01-13,11:38:52,Import,CN,PORT_40,KR,391810,M6YCXEP,Q9LPQ6H,4214850.64,44413.6,43534.211,LINE_MODE_10,33.6,Clear
33938684,2020-01-13,19:08:44,Import,CN,PORT_40,RS,847150,4CHYW4P,XTUE0ZF,3990.6,18.0,19.645,LINE_W6UCD9,68.7,Critical
75964100,2020-01-13,06:28:20,Import,CN,PORT_40,WS,940540,7H14LKA,XZHJC9K,4739.03,460.1,476.756,LINE_MODE_40,64.6,Clear
96332900,2020-01-13,00:28:20,Import,KR,PORT_16,PG,392340,2GQX6DP,OJLW7PY,65318.4,10368.0,10743.322,LINE_MODE_10,70.6,Clear
94672507,2020-01-13,08:47:07,Import,CH,PORT_20,IL,911390,FW1OZFA,7S4CPMV,47.25,0.7,0.818,LINE_MODE_40,47.3,Low Risk
32053100,2020-01-13,00:58:20,Import,VN,PORT_40,KR,680223,TUKW7IZ,KH4N1QI,3257013.2,80222.0,84964.725,LINE_MODE_40,110.2,Low Risk
71231578,2020-01-13,16:00:58,Import,US,PORT_40,CA,470710,OQRL73B,1XCM1XF,1895735.4,243043.0,254514.63,LINE_MODE_10,11.8,Clear
52949226,2020-01-13,19:43:06,Import,CN,PORT_16,TH,620432,ZUYZTMO,LS9R41O,35161.6,67.0,68.554,LINE_MODE_10,62.0,Clear
79632409,2020-01-13,20:10:49,Import,CN,PORT_121,GU,392410,85RAQ5C,KFI8AUY,672.0,480.0,483.216,LINE_122XIE,45.1,Clear
53011918,2020-01-13,14:59:58,Import,CN,PORT_30,HU,392690,X4WRU0P,JUTW0U7,571.2,952.0,930.294,LINE_MODE_10,31.6,Clear
76603215,2020-01-13,19:40:15,Import,SG,PORT_30,IR,732690,U92MFIG,JABE2FY,0.6,0.4,0.381,LINE_MODE_10,16.1,Clear
19540140,2020-01-13,07:49:00,Import,CN,PORT_16,ES,760711,21Q2G2U,1DWRP58,299758.48,650.8,661.343,LINE_W6UCD9,51.4,Clear
30876340,2020-01-13,07:25:40,Import,CN,PORT_40,BR,420292,ULON67F,FEUK8NG,130.9,2.2,2.632,LINE_MODE_10,95.8,Low Risk
70009233,2020-01-13,06:48:33,Import,US,PORT_40,AT,870324,79C563M,K2BB1PM,16060.0,1825.0,1815.328,LINE_MWIDNS,37.2,Clear
68926832,2020-01-13,10:52:32,Import,CN,PORT_20,GN,210390,3LDMC9F,L5CEZL3,291600.0,10800.0,10478.16,LINE_MODE_10,27.0,Clear
34205488,2020-01-13,20:59:28,Import,JP,PORT_40,MN,340490,YDSKN89,MNPLCHZ,497300.0,1000.0,1042.2,LINE_MODE_10,74.5,Clear
59336433,2020-01-13,02:08:33,Import,FI,PORT_40,DJ,940610,0WAKFY4,6V8QPPW,7972129.0,41030.0,40812.541,LINE_MODE_10,43.2,Clear
88171173,2020-01-13,07:47:33,Import,GB,PORT_40,HN,291539,Z603EM8,M9IS84J,10396.0,20.0,20.494,LINE_MODE_10,63.0,Clear
27797062,2020-01-13,17:16:22,Import,JP,PORT_30,HU,732690,MFRTZ9I,E8WEG68,360.0,240.0,241.248,LINE_MODE_10,50.1,Clear
44920695,2020-01-13,02:58:15,Import,TH,PORT_30,CA,030751,TSE10LZ,NHUXFYE,8046.0,3.0,3.041,LINE_MWIDNS,49.7,Clear
82904483,2020-01-13,08:09:23,Import,CN,PORT_40,CL,701400,F0O2PIM,O9QXSRZ,52841.6,11.2,11.421,LINE_A5IT1U,59.7,Clear
27944019,2020-01-13,09:37:39,Import,CN,PORT_40,PL,854121,PDME2SA,PF1L1IG,42.55,0.1,0.095,LINE_MODE_40,8.8,Clear
71239718,2020-01-13,16:56:38,Import,GB,PORT_20,SD,940490,PQ58CLS,4HE9CH1,6.93,0.3,0.293,LINE_MODE_40,25.6,Clear
81033020,2020-01-13,06:30:20,Import,KR,PORT_40,LB,740400,ORKFWQW,MM2STTN,126319.0,21410.0,20900.442,LINE_MODE_40,25.0,Clear
72534537,2020-01-13,10:40:57,Import,MD,PORT_40,AT,420229,6NSD7ZQ,PF1L1IG,400.0,10.0,10.427,LINE_MWIDNS,68.9,Clear
40106413,2020-01-13,03:08:13,Import,US,PORT_40,NG,840999,C9KMKRR,PF1L1IG,16744.0,280.0,281.316,LINE_MWIDNS,43.8,Clear
51063700,2020-01-13,23:01:40,Import,CN,PORT_20,PL,848291,KQVY4IM,OQGDWWP,1401387.75,6355.5,6731.237,LINE_MODE_10,116.2,Low Risk
33995340,2020-01-13,23:09:00,Import,NL,PORT_20,HU,060319,VL2J2AI,HPEETC8,4971.0,10.0,10.162,LINE_MODE_10,57.4,Clear
67171124,2020-01-13,18:22:44,Import,JP,PORT_30,UG,210390,AKHHETW,42VLJD6,64584.0,2392.0,2487.489,LINE_MODE_10,104.0,Low Risk
16477665,2020-01-13,12:07:45,Import,CN,PORT_30,BG,902730,S7Q6MDF,3MHQ0B1,37004.0,29.0,28.382,LINE_W6UCD9,32.6,Clear
24564114,2020-01-13,03:45:54,Import,CN,PORT_13,MN,620432,BR3EGVG,TM1WSTT,35161.6,67.0,65.606,LINE_MODE_10,33.0,Clear
23699703,2020-01-13,17:03:03,Import,ID,PORT_40,ZZ,620640,OPZ15EP,DWNJQL8,37615.54,1969.4,2314.912,LINE_MWIDNS,48.8,Low Risk
36135290,2020-01-13,16:54:50,Import,CN,PORT_13,GN,961610,XT7XX3W,YW1I232,16215.55,959.5,951.056,LINE_MODE_40,34.9,Clear
55876219,2020-01-13,11:14:19,Import,DE,PORT_39,EC,850152,ML9KFEZ,0MUXJE2,3905.7,277.0,263.621,LINE_MODE_40,8.8,Clear
27181300,2020-01-13,13:01:40,Import,CN,PORT_20,TT,960719,ZGKSSVB,1JIMCEX,83.1,3.0,3.177,LINE_MODE_40,110.2,Low Risk
30626204,2020-01-13,03:00:44,Import,CN,PORT_40,HU,091011,DH8V3V5,7826UV8,4512000.0,24000.0,26252.16,LINE_MWIDNS,29.4,Low Risk
77371645,2020-01-13,13:47:25,Import,CN,PORT_16,GN,630690,9RJXEN2,WTW9Q8F,3224.0,124.0,122.599,LINE_MODE_10,39.2,Clear
17108873,2020-01-13,05:35:53,Import,ES,PORT_40,FJ,420231,Z3CD167,RI18ETR,3246.62,2.6,2.534,LINE_MODE_40,24.0,Clear
82370166,2020-01-13,04:12:06,Import,CN,PORT_20,TT,848340,54H2847,N8REPPY,1960508.16,729.6,695.455,LINE_MODE_10,15.8,Clear
22045843,2020-01-13,20:18:43,Import,US,PORT_30,JP,210690,T1RQCQ6,P33KOGJ,22402.0,92.0,95.652,LINE_MODE_10,72.9,Clear
34367395,2020-01-13,14:09:55,Import,VN,PORT_30,LR,392690,OSH5JJY,RDG3MEX,8097.36,13495.6,13005.71,LINE_MODE_10,22.7,Clear
33480883,2020-01-13,04:42:43,Import,CN,PORT_20,NO,071331,3PK1JT7,KQTW0XP,11592000.0,40000.0,40788.0,LINE_MODE_10,59.7,Clear
73105170,2020-01-13,00:59:30,Import,CN,PORT_30,CL,401490,YPHBUGQ,MY5PKGQ,299646.0,214.8,196.705,LINE_MODE_40,5.8,Low Risk
54184512,2020-01-13,06:27:12,Import,HU,PORT_10,KR,392590,Y7X0DO6,U07CSUC,653173.15,2544.5,2621.344,LINE_MODE_40,60.6,Clear
23522545,2020-01-13,11:42:25,Import,CN,PORT_120,KR,854442,WRT992M,6AWKAXQ,9047.74,302.6,314.311,LINE_MODE_10,72.2,Clear
89169062,2020-01-13,03:43:02,Import,CN,PORT_40,IR,620822,O65QUB3,8UGDYBL,18102.0,70.0,70.364,LINE_MODE_40,44.1,Clear
41174177,2020-01-13,00:48:17,Import,CN,PORT_30,PG,850440,DTBL7MH,C718GY5,104640.0,480.0,490.896,LINE_MODE_10,61.7,Clear
87364256,2020-01-13,02:46:56,Import,TW,PORT_40,ZZ,846719,APZBQLO,0ES3BIT,541230.19,600.1,575.016,LINE_MWIDNS,13.1,Clear
65531563,2020-01-13,19:40:43,Import,CN,PORT_20,LB,842240,0BA5942,X6VTZ4S,1810238.0,1180.0,1057.056,LINE_MODE_10,32.0,Low Risk
52085856,2020-01-13,13:53:36,Import,CN,PORT_30,WS,842420,1ST6R17,V5GYLVJ,160.0,64.0,58.295,LINE_MODE_10,15.9,Low Risk
89161616,2020-01-13,14:02:56,Import,CN,PORT_30,EC,732599,RVKGBFV,ZYZ8542,2094456.0,9590.0,9380.938,LINE_MODE_10,32.3,Clear
46252430,2020-01-13,23:13:50,Import,CN,PORT_40,PL,200811,6TA990F,TA08B8M,890400.0,4000.0,4084.8,LINE_MODE_40,54.7,Clear
43936015,2020-01-13,20:06:55,Import,CN,PORT_40,AM,852859,O43SPUX,G2Y1HV8,45799.5,57.0,48.579,LINE_MWIDNS,8.4,Critical
42173411,2020-01-13,10:46:11,Import,CN,PORT_20,PG,294190,UZMRU6O,870AJKU,455418.0,60.0,57.342,LINE_MODE_10,17.5,Clear
15323247,2020-01-13,00:39:27,Import,CN,PORT_20,GN,681599,EP03H9E,C3VQ2BL,13204.8,336.0,348.667,LINE_MODE_40,65.6,Clear
67739218,2020-01-13,05:54:58,Import,CA,PORT_30,LV,391590,HFVWJ5F,4LZCG84,3387923.0,19130.0,19650.336,LINE_MODE_10,64.6,Clear
98402105,2020-01-13,06:15:05,Import,JP,PORT_40,DJ,711790,T0S3XJ7,YNAJDKM,53.82,2.6,2.493,LINE_MODE_40,13.4,Clear
91612677,2020-01-13,02:09:57,Import,CN,PORT_40,MT,851712,XTX91VK,DWNJQL8,1483945.1,11.0,10.7,LINE_MODE_40,22.7,Clear
74843633,2020-01-13,19:01:53,Import,IN,PORT_30,BA,292090,HCKD981,9GLECG4,5006000.0,20000.0,19894.0,LINE_MODE_10,43.2,Clear
92616445,2020-01-13,16:27:25,Import,IN,PORT_40,PY,820719,6C12AAB,1PBKO2S,340690.02,367.4,363.248,LINE_MWIDNS,33.2,Clear
18265515,2020-01-13,10:45:15,Import,CN,PORT_30,BR,940330,S1XJC44,DZP9PQT,557.9,557.9,559.964,LINE_MWIDNS,49.1,Clear
44229936,2020-01-13,15:41:36,Import,CN,PORT_40,UG,392690,4BVC0X8,R6K3BG3,28.8,48.0,48.874,LINE_MWIDNS,52.7,Clear
28665140,2020-01-13,19:52:20,Import,CN,PORT_40,UG,382499,XSMU0EK,37S3SHB,125000.0,10000.0,10162.0,LINE_MWIDNS,51.4,Clear
56359980,2020-01-13,19:33:00,Import,DE,PORT_20,IL,853890,BO1OHDZ,ZXHC5M1,33.09,0.1,0.1,LINE_MODE_40,38.2,Clear
89493509,2020-01-13,06:02:29,Import,JP,PORT_30,HN,720449,QK2FZYQ,0179SVH,18495.0,6850.0,6553.395,LINE_MODE_10,18.1,Clear
48727407,2020-01-13,23:35:27,Import,IT,PORT_30,BG,853669,88Z2B1G,Y8MJOO0,67347.82,128.6,117.182,LINE_MODE_10,15.6,Low Risk
17608029,2020-01-13,16:31:09,Import,CN,PORT_40,DJ,071080,QPLNTDF,HBJXEK9,31171608.0,117540.0,117152.118,LINE_MODE_10,44.5,Clear
48674462,2020-01-13,11:13:02,Import,KR,PORT_40,CL,853890,FXYN43R,FJW0GJJ,10.0,0.5,0.503,LINE_MODE_40,44.1,Clear
41742009,2020-01-13,20:24:09,Import,CN,PORT_30,HN,851660,708A72F,X2D9TDI,44041.74,99.8,116.351,LINE_MODE_10,52.5,Low Risk
38066481,2020-01-13,02:37:21,Import,MY,PORT_30,PG,440929,H7QY1NJ,U11PIYH,2637800.0,22000.0,19846.42,LINE_MODE_10,23.1,Low Risk
39689634,2020-01-13,13:17:54,Import,CN,PORT_20,LR,640399,CEBTCAU,GKXFPGY,163001.1,93.0,94.786,LINE_MODE_10,59.4,Clear
32955854,2020-01-13,08:08:14,Import,CN,PORT_40,IL,841690,N54UJVN,BJ8XYBM,97434.0,180.0,211.291,LINE_MODE_40,48.4,Low Risk
76160607,2020-01-13,19:55:27,Import,US,PORT_20,PL,760200,41YS4CM,6IB6ECG,188120.8,19196.0,18384.009,LINE_MODE_10,18.8,Clear
15678307,2020-01-13,17:57:07,Import,US,PORT_40,AM,391732,E8XE5RE,IK0FFSX,2612.7,9.0,10.521,LINE_MWIDNS,47.3,Low Risk
87734941,2020-01-13,06:05:01,Import,CN,PORT_30,MN,841451,5HA16QB,XGX9B1B,702408.96,1735.2,1805.823,LINE_MODE_10,73.6,Clear
32024099,2020-01-13,20:18:59,Import,CN,PORT_40,GU,854790,A3ZVV4N,272EWDT,2192.4,54.0,54.632,LINE_MODE_10,54.4,Clear
42720293,2020-01-13,11:52:53,Import,US,PORT_40,NO,870323,WLHJGOK,CS9UPNK,6223975.9,1693.0,1633.237,LINE_MODE_40,17.4,Clear
13967665,2020-01-13,13:34:25,Import,CN,PORT_40,BR,950300,6U1DQTK,7OSA8BP,3338.31,49.9,48.837,LINE_MODE_40,26.6,Clear
96747346,2020-01-13,12:31:46,Import,DE,PORT_20,NG,870323,LIQQG1P,3EVLVZQ,20321.5,2095.0,1900.919,LINE_MODE_10,18.8,Low Risk
28432957,2020-01-13,22:54:37,Import,KR,PORT_20,MG,731100,1MOQ2FS,ZTY1QQH,239469.6,2712.0,2800.682,LINE_MODE_10,68.3,Clear
65708383,2020-01-13,00:47:43,Import,CN,PORT_10,KR,392390,UZ8PTFH,QOQ846T,32.3,17.0,16.485,LINE_MODE_10,26.7,Clear
10647884,2020-01-13,13:28:44,Import,CN,PORT_20,IL,620443,Z6U5NGA,BVDOUUX,3045.12,24.4,25.478,LINE_MODE_10,75.9,Clear
84315181,2020-01-13,08:09:01,Import,MX,PORT_30,UG,870340,66S8QC6,M91F1M7,11426374.0,1709.0,1744.376,LINE_MODE_10,60.4,Clear
97803748,2020-01-13,19:10:28,Import,US,PORT_20,FJ,200410,3IAV9EO,HYJMZDM,16063979.4,42497.3,50293.005,LINE_MODE_40,50.7,Low Risk
12893155,2020-01-13,09:05:55,Import,CN,PORT_40,PY,761699,NPFGI4O,RJA8VXY,750.0,60.0,59.022,LINE_W6UCD9,35.9,Clear
60302539,2020-01-13,00:46:19,Import,JP,PORT_40,SD,820150,1YB4G9F,F700E1L,2714.22,15.3,15.173,LINE_77BN4M,35.2,Clear
57772822,2020-01-13,15:52:22,Import,CN,PORT_40,PG,611030,RDO3HIN,VO9L3NH,2784.0,30.0,31.246,LINE_MODE_40,99.0,Low Risk
78673033,2020-01-13,00:05:13,Import,JP,PORT_23,BR,330590,UU7VDNK,5XK1WFZ,4050.24,4.8,4.775,LINE_VZIZJJ,39.2,Clear
25822854,2020-01-13,05:24:54,Import,PL,PORT_13,GU,870899,0U26UC4,2N9FMHR,182.0,26.0,30.52,LINE_W6UCD9,48.4,Low Risk
76085581,2020-01-13,02:09:01,Import,US,PORT_30,IR,760200,OXXV31W,KS6G8MS,194392.8,19836.0,20246.605,LINE_MODE_10,60.4,Clear
16360726,2020-01-13,22:54:46,Import,CN,PORT_20,PG,460212,YP2SJG1,DMEKAIC,263047.5,675.0,656.91,LINE_MODE_10,29.0,Clear
77865121,2020-01-13,20:28:01,Import,DE,PORT_40,FJ,853949,N87E9Y4,D88DTE8,1347600.0,800.0,760.56,LINE_MODE_40,8.2,Clear
33318462,2020-01-13,12:19:42,Import,US,PORT_30,EC,731815,H28FJ0K,X75ZWT5,6.16,2.8,2.815,LINE_MODE_10,50.1,Clear
49511744,2020-01-13,12:59:44,Import,US,PORT_40,PL,731823,IWX4YYM,O9QXSRZ,99.45,0.3,0.304,LINE_MODE_10,56.1,Clear
40598735,2020-01-13,07:45:35,Import,CN,PORT_20,SD,621430,H5FI1NQ,RZM2Z77,3207.0,30.0,29.811,LINE_MODE_10,42.5,Clear
33970072,2020-01-13,09:59:52,Import,CN,PORT_40,GG,401610,1V2U7PN,UOOH9ZX,1010202.6,8877.0,8434.925,LINE_MODE_40,7.8,Clear
66929333,2020-01-13,00:36:53,Import,CN,PORT_20,IR,420232,42I86IC,SABKO6L,2504.16,18.8,19.64,LINE_MODE_40,4.2,Clear
44163957,2020-01-13,21:57:57,Import,CN,PORT_40,FJ,200599,JTG6ESB,6MDL1WY,5000160.0,52800.0,54526.56,LINE_MODE_10,68.3,Clear
68587077,2020-01-13,14:09:57,Import,CN,PORT_40,HU,420212,OH8L5JD,249LO7A,654.12,9.2,8.949,LINE_MODE_40,22.7,Clear
90558401,2020-01-13,05:02:41,Import,CN,PORT_10,CA,401699,LA6QUGS,1PVETUY,543.0,30.0,35.359,LINE_MODE_40,49.5,Low Risk
74201341,2020-01-13,06:45:01,Import,CN,PORT_20,GN,200811,XSU71XV,902LILY,667800.0,3000.0,3122.1,LINE_MODE_10,73.6,Clear
53141514,2020-01-13,13:55:54,Import,CN,PORT_40,UG,854140,CCH6O4J,E44MM7Y,307.05,1.5,1.469,LINE_MODE_10,33.0,Clear
68415752,2020-01-13,20:54:32,Import,CN,PORT_20,PG,621710,Z10913L,8UY29Z9,1.8,1.2,1.212,LINE_MODE_10,53.4,Clear
61169890,2020-01-13,16:18:10,Import,IT,PORT_13,GN,540783,C8TLNO5,6V0LO4Q,233863.71,79.7,78.999,LINE_MODE_40,34.9,Clear
47039289,2020-01-13,19:52:09,Import,YE,PORT_40,EC,720449,KXTJ308,MM7AEK0,369427.5,136825.0,132268.728,LINE_MODE_40,18.7,Clear
40523458,2020-01-13,21:58:58,Import,KH,PORT_20,PG,190590,2CLSFEO,MEN5KJN,10478.0,20.0,23.349,LINE_MODE_10,52.9,Low Risk
12013390,2020-01-13,21:43:10,Import,US,PORT_40,UG,902720,GOZOXQI,S5CTS0H,0.0,0.0,0.001,LINE_MODE_40,67.9,Clear
16635961,2020-01-13,04:22:01,Import,US,PORT_20,PY,848620,GF56WRW,LOBP18S,1348200.0,300.0,315.096,LINE_MODE_10,110.6,Low Risk
63479621,2020-01-13,23:09:41,Import,CN,PORT_20,TT,940310,KSK1MEM,H8WL7VX,216920.0,9350.0,10721.084,LINE_MODE_10,47.9,Low Risk
61291129,2020-01-13,13:22:49,Import,GB,PORT_20,OM,870899,2MJ53GY,DSSX3VP,35.0,5.0,5.38,LINE_MODE_10,9.2,Low Risk
58294111,2020-01-13,10:04:31,Import,CN,PORT_40,PG,711719,0P621TL,DWNJQL8,844.1,23.0,23.131,LINE_VZIZJJ,44.5,Clear
64697062,2020-01-13,19:16:22,Import,CN,PORT_40,LB,841391,E3STTZY,8NTKCTA,118.6,2.0,2.322,LINE_MODE_40,45.4,Low Risk
84507161,2020-01-13,04:08:41,Import,CN,PORT_40,PY,481890,BB8KHCJ,A7POIBB,5228129.88,36534.8,37656.418,LINE_W6UCD9,61.0,Clear
42893841,2020-01-13,07:33:21,Import,CN,PORT_20,NO,731815,6FGROS3,21B1I9S,17.6,8.0,7.926,LINE_MODE_10,40.6,Clear
37659722,2020-01-13,11:34:02,Import,US,PORT_40,GU,970300,TIP2U0D,IQRINEQ,6050.0,110.0,107.272,LINE_MODE_50,26.3,Clear
24161538,2020-01-13,10:20:18,Import,CN,PORT_20,CL,820559,3W2YU8L,PDYT86E,51187.5,2925.0,2645.838,LINE_MODE_10,21.1,Low Risk
81623759,2020-01-13,17:59:59,Import,CN,PORT_40,EC,620463,96FHRL1,7ZJ78BT,46.06,0.7,0.687,LINE_VZIZJJ,28.6,Clear
49783532,2020-01-13,01:17:32,Import,TW,PORT_40,MG,847150,0S6R7ZV,GCPNHU7,4828.67,0.7,0.846,LINE_W6UCD9,93.9,Low Risk
79085401,2020-01-13,15:26:01,Import,CN,PORT_20,MT,940540,7XK4WI9,UANEMBH,98365.0,9550.0,9652.185,LINE_MODE_10,53.8,Clear
74965563,2020-01-13,05:34:03,Import,CN,PORT_20,NO,630790,NFWSP2X,493XAPV,322.0,140.0,137.158,LINE_MODE_10,33.3,Clear
11324361,2020-01-13,22:15:21,Import,JP,PORT_20,CL,842199,XHV11Q2,YPESB1N,1586.88,273.6,282.0,LINE_MODE_10,67.0,Clear
79161229,2020-01-13,13:17:49,Import,CN,PORT_20,PY,854231,O6A9WFE,23RIU88,3042.3,1.5,1.495,LINE_MODE_40,38.5,Clear
47360825,2020-01-13,04:07:05,Import,CN,PORT_16,SI,620443,EXXEXCS,GKXFPGY,624.0,5.0,5.701,LINE_MODE_40,40.4,Low Risk
40782790,2020-01-13,21:13:10,Import,CN,PORT_13,WS,940599,EPX4C6W,3VMSLA5,8495.28,248.4,258.634,LINE_MODE_10,73.9,Clear
89030403,2020-01-13,00:28:03,Import,CN,PORT_40,GU,392620,W5UV7W8,2OQZJ37,90295.7,1909.0,1832.067,LINE_MODE_40,14.1,Clear
62255636,2020-01-13,08:09:56,Import,CN,PORT_30,GU,392690,05XSCCC,3XM1M2Y,6.3,10.5,10.166,LINE_MODE_10,25.7,Clear
19843420,2020-01-14,14:43:40,Import,US,PORT_30,ZZ,392690,PETTZ7U,8UKELSU,2.34,3.9,3.807,LINE_MODE_10,31.0,Clear
36059846,2020-01-14,01:33:26,Import,CN,PORT_30,UZ,854239,XN4QT3N,80LONY3,643.72,15.4,15.603,LINE_MODE_10,55.4,Clear
51763723,2020-01-14,11:16:43,Import,US,PORT_20,BG,854232,YVTWBJB,2CJWYF9,51763.3,8.5,9.719,LINE_MODE_10,47.2,Low Risk
65604978,2020-01-14,18:24:18,Import,JP,PORT_20,UG,620449,Y3OM027,N00IHOC,1354.71,2.1,2.199,LINE_MODE_40,5.8,Clear
13500772,2020-01-14,08:04:52,Import,CN,PORT_20,SV,570249,WM8IP91,Z1THS6K,22585.0,50.0,57.252,LINE_MODE_10,47.6,Low Risk
84552221,2020-01-14,20:39:41,Import,CN,PORT_21,RS,392590,284S76E,LASYZ6X,62609.13,243.9,279.665,LINE_NKOQIL,43.9,Low Risk
61097246,2020-01-14,04:23:26,Import,US,PORT_20,NO,848250,34U5XI5,3EVLVZQ,80034.68,129.8,131.513,LINE_MODE_10,55.4,Clear
16556259,2020-01-14,22:21:39,Import,TW,PORT_40,NG,852692,EYL0YDV,LX5QT3T,437.36,1.1,1.135,LINE_MODE_40,61.6,Clear
66683393,2020-01-14,00:17:53,Import,CN,PORT_20,GN,940161,9BH9EMS,XOGGBMY,62320.0,4100.0,4160.27,LINE_MODE_10,56.4,Clear
20511763,2020-01-14,18:10:43,Import,CN,PORT_40,LR,420299,FXZO2D1,59636XO,2425.0,250.0,223.952,LINE_MWIDNS,26.0,Low Risk
97049776,2020-01-14,02:32:16,Import,CN,PORT_30,SI,960719,CO0H654,EKBGYCA,470.9,17.0,16.969,LINE_MODE_10,45.5,Clear
50952049,2020-01-14,05:24:49,Import,CN,PORT_40,MT,854442,AH03VRS,WX5TEN7,2547.36,14.4,15.866,LINE_W6UCD9,37.3,Low Risk
64278570,2020-01-14,13:09:30,Import,KR,PORT_30,MN,392340,YP2SJG1,O0F36ER,29106.0,4620.0,4394.544,LINE_W6UCD9,8.5,Clear
15602696,2020-01-14,21:00:56,Import,US,PORT_40,HN,880390,PKPJH0S,EWQL1R0,596.0,10.0,10.382,LINE_VZIZJJ,65.9,Clear
62181120,2020-01-14,00:32:00,Import,DE,PORT_20,MG,854370,8VI2EHN,9B1K0H9,50.4,2.0,2.052,LINE_MODE_10,64.0,Clear
94487818,2020-01-14,12:04:58,Import,VN,PORT_20,IR,870810,9ZRHDTA,SFD26BO,2624486.22,3474.3,3568.801,LINE_MODE_10,64.6,Clear
17946452,2020-01-14,05:39:32,Import,CN,PORT_20,TH,852990,P3AUP3U,A3HZ07X,2160.0,1200.0,1152.24,LINE_MODE_40,14.4,Clear
86171728,2020-01-14,00:03:28,Import,KR,PORT_20,GG,847989,OIEFSID,OOHVJZ2,3948.0,1880.0,2285.027,LINE_MODE_40,95.9,Low Risk
20825781,2020-01-14,17:32:21,Import,PT,PORT_20,GU,848180,40EARXQ,QYI6WXV,4773.6,81.6,83.289,LINE_MWIDNS,60.4,Clear
62816869,2020-01-14,09:11:49,Import,BR,PORT_40,BV,100590,BC9NGQ3,6IV15GL,1130153472.0,11079936.0,10821773.491,LINE_MODE_40,25.3,Clear
30350406,2020-01-14,18:16:06,Import,CN,PORT_20,HN,030389,E78FD7F,AX4CW6G,10782541.0,42070.0,43466.724,LINE_MODE_10,68.6,Clear
82042893,2020-01-14,09:29:33,Import,HK,PORT_20,TT,853222,2V59LS6,FP0PREQ,13526.22,14.9,14.374,LINE_MODE_10,23.4,Clear
32771940,2020-01-14,11:19:00,Import,ID,PORT_30,CR,620443,SOJM3I6,WEUC32X,26782.08,214.6,218.077,LINE_MODE_40,51.4,Clear
21232503,2020-01-14,19:43:03,Import,US,PORT_20,CR,210390,8DXBZ37,Z5L6A0T,5967.0,221.0,223.144,LINE_MODE_10,53.1,Clear
30131138,2020-01-14,09:53:38,Import,JP,PORT_20,CR,481141,LA1YXM5,UAY3GYD,40320.0,1800.0,1628.208,LINE_MODE_10,21.1,Low Risk
29422960,2020-01-14,07:42:40,Import,US,PORT_40,ZZ,853590,2OOOJLO,9UP4MN8,89.0,0.5,0.503,LINE_MODE_40,44.8,Clear
18784357,2020-01-14,14:44:37,Import,CN,PORT_62,BG,420221,PJG5TWY,7LZUGSG,6053.2,7.4,7.642,LINE_LYVC23,62.3,Clear
90195970,2020-01-14,15:06:10,Import,HU,PORT_20,AT,901510,L8LD7BY,K1KGVXC,15002.52,11.8,10.122,LINE_MODE_10,12.9,Critical
91921943,2020-01-14,05:00:23,Import,CN,PORT_40,BA,392690,UDL1Q0F,1TDY8JC,1.2,2.0,1.979,LINE_MODE_40,33.9,Clear
85214454,2020-01-14,07:04:54,Import,CN,PORT_20,GU,120242,27XVEYP,KDK4ZTT,12912400.0,19000.0,19174.8,LINE_MODE_10,52.8,Clear
23745816,2020-01-14,05:39:36,Import,NL,PORT_20,NG,040490,FDBC39O,WILHML8,10912000.0,20000.0,19564.0,LINE_MODE_10,32.3,Clear
96681932,2020-01-14,04:37:32,Import,CN,PORT_16,JP,940490,9R234NI,54F8UH0,2148.3,93.0,94.879,LINE_MODE_10,60.0,Clear
78062417,2020-01-14,07:32:17,Import,KR,PORT_20,DJ,740911,7Z7CL2W,BU3GHA6,5380647.48,1464.6,1468.554,LINE_MWIDNS,48.5,Clear
63106005,2020-01-14,08:26:45,Import,CN,PORT_40,BG,620442,Y914XE3,PF1L1IG,5247.0,90.0,90.783,LINE_MWIDNS,46.4,Clear
23642941,2020-01-14,02:45:01,Import,CN,PORT_40,LB,950300,Z9L75J4,SWXIDCI,52941.9,201.3,209.493,LINE_MWIDNS,73.6,Clear
16523817,2020-01-14,20:08:57,Import,CN,PORT_40,PY,760711,ZKJ3S6H,6H5VI2D,6587178.78,14301.3,14339.914,LINE_MWIDNS,42.5,Clear
86995475,2020-01-14,03:44:35,Import,IT,PORT_40,GN,900410,KZQQLLU,CKM74G1,424.8,6.0,6.142,LINE_MODE_40,56.3,Clear
19183167,2020-01-14,16:51:27,Import,TW,PORT_40,UG,381239,EVN40SJ,0EZT3ZT,428400.0,1000.0,977.7,LINE_MODE_40,26.0,Clear
18509203,2020-01-14,21:54:43,Import,CN,PORT_40,GN,071080,JBRDYDG,G7FYYP7,30232800.0,114000.0,109405.8,LINE_VZIZJJ,14.1,Clear
33920561,2020-01-14,08:18:41,Import,VN,PORT_30,TT,700992,0E6DKA0,I72VWHG,2750.0,2750.0,2834.425,LINE_MODE_10,67.0,Clear
32462631,2020-01-14,23:59:51,Import,CN,PORT_40,PL,900190,ULQ35CZ,42VLJD6,1905.56,0.4,0.418,LINE_MODE_40,4.9,Clear
59535503,2020-01-14,00:46:23,Import,CN,PORT_30,GN,611030,R3GSSYM,5NY2Q1P,120.64,1.3,1.313,LINE_MODE_10,53.1,Clear
26094069,2020-01-14,05:45:09,Import,CZ,PORT_30,PY,853321,JI9L43F,N4I6XW6,464.86,1.1,1.074,LINE_MODE_10,31.3,Clear
94488341,2020-01-14,04:41:41,Import,JP,PORT_20,NG,291612,YCOG68V,GAGKNJA,12920000.0,16000.0,16651.2,LINE_MODE_40,67.6,Clear
76910512,2020-01-14,09:53:52,Import,JP,PORT_30,MG,841989,1VHJG03,1VRR8DV,1671.2,4.0,4.121,LINE_MODE_10,66.6,Clear
17514887,2020-01-14,22:46:47,Import,CN,PORT_20,EC,902519,TSE10LZ,09UPRFS,17523.0,165.0,167.92,LINE_W5AYVM,52.4,Clear
11815391,2020-01-14,05:59:11,Import,KR,PORT_30,SI,903180,QKERCRM,FSMG3EJ,565.2,18.0,17.383,LINE_MODE_10,24.1,Clear
66516702,2020-01-14,02:03:42,Import,CN,PORT_40,DJ,420239,4UUQ5X0,Q123QJE,9366.6,93.2,91.821,LINE_MODE_40,30.9,Clear
82876962,2020-01-14,14:34:42,Import,JP,PORT_40,IL,540710,708A72F,FMAXX2S,7630.0,100.0,91.296,LINE_MODE_10,14.1,Low Risk
19356298,2020-01-14,06:12:58,Import,SG,PORT_40,MN,960820,8VCPJHV,WQB5H59,19.1,1.0,0.987,LINE_MODE_40,32.2,Clear
14490247,2020-01-14,19:56:07,Import,CN,PORT_20,GU,950691,1NZXBCZ,O4CHGVI,10200.0,750.0,778.275,LINE_MODE_10,71.6,Clear
47886759,2020-01-14,17:16:39,Import,IT,PORT_40,MG,190219,BC9NGQ3,69K4A4H,978480.0,2400.0,2356.08,LINE_MODE_40,28.6,Clear
77388055,2020-01-14,08:20:55,Import,CN,PORT_20,IL,401700,MPIHYB8,ZZ1RWHQ,3200.55,9.5,9.82,LINE_MODE_10,68.9,Clear
14139404,2020-01-14,15:20:44,Import,CN,PORT_10,TH,851632,GF56WRW,9D2F3CR,57603.81,100.9,99.306,LINE_MODE_40,30.3,Clear
66428833,2020-01-14,14:55:13,Import,CN,PORT_62,GN,711311,QQPKTUV,ON25ZVF,2614.5,9.0,8.952,LINE_MODE_10,43.2,Clear
21092969,2020-01-14,01:53:29,Import,CN,PORT_40,UG,901910,ZYJ9AUU,70S8J6M,147.68,28.4,29.158,LINE_W6UCD9,58.3,Clear
61855899,2020-01-14,13:35:39,Import,SG,PORT_30,NG,902720,96VTN49,IUW8U8Z,3481842.0,260.0,307.278,LINE_MODE_10,56.3,Low Risk
24195610,2020-01-14,09:40:10,Import,KR,PORT_40,BA,441510,HQVQSPX,QPISR7N,204.0,10.0,10.312,LINE_MODE_40,61.3,Clear
47813907,2020-01-14,21:50:27,Import,US,PORT_40,CA,285390,LHMZ0BH,TZM515V,4474.42,7.1,7.155,LINE_MWIDNS,45.8,Clear
99780686,2020-01-14,21:47:26,Import,CN,PORT_40,UZ,854442,6HDKSXN,83UQB74,122.59,4.1,4.072,LINE_MODE_10,42.2,Clear
19411884,2020-01-14,18:35:24,Import,CN,PORT_30,UG,392690,2BYDKHX,IUW8U8Z,6.0,10.0,10.442,LINE_MODE_10,75.9,Clear
46877732,2020-01-14,18:07:32,Import,KR,PORT_30,PY,901320,9HD02GP,E0D95P8,0.0,0.0,0.001,LINE_MODE_10,60.0,Clear
97242527,2020-01-14,09:20:47,Import,CN,PORT_40,IR,852290,MF7IJWC,C2VKIKR,1325.26,2.3,2.615,LINE_MODE_40,39.7,Low Risk
54898217,2020-01-14,05:02:17,Import,US,PORT_30,RS,470720,51SH41B,23RIU88,4380714.0,56745.0,56898.212,LINE_MODE_10,48.5,Clear
51619670,2020-01-14,02:07:50,Import,JP,PORT_40,SV,330749,T4XNNNB,DZ1SHIO,177.03,28.1,28.134,LINE_MODE_10,47.5,Clear
90396950,2020-01-14,13:35:50,Import,US,PORT_20,LV,220840,8CIDYA9,RT4A33R,4013550.0,4500.0,4325.4,LINE_MODE_10,21.1,Clear
73474780,2020-01-14,08:19:40,Import,CN,PORT_40,PY,392690,L302KMH,QUFP1DP,61.14,101.9,101.513,LINE_MODE_10,44.2,Clear
78454817,2020-01-14,20:32:17,Import,CN,PORT_20,SD,650700,JBRDYDG,IU1KMOJ,4514.4,36.0,41.509,LINE_H35Z1A,43.5,Low Risk
26904622,2020-01-14,09:22:22,Import,US,PORT_20,ZZ,330300,GSPSVQN,RCCKEQI,494.16,2.4,2.5,LINE_MODE_10,105.0,Low Risk
19584266,2020-01-14,21:00:26,Import,JP,PORT_30,DJ,900211,WON2SQ9,E44MM7Y,11751.32,1.4,1.616,LINE_MODE_10,49.8,Low Risk
16526601,2020-01-14,19:19:21,Import,CH,PORT_41,MG,382200,HK2V788,O3M646C,484730.0,100.0,101.07,LINE_MODE_10,53.8,Clear
57052948,2020-01-14,11:30:28,Import,CN,PORT_40,LR,252010,LSHK7RD,HMYD5GN,416000.0,20000.0,20244.0,LINE_MODE_10,54.7,Clear
28877276,2020-01-14,08:23:56,Import,JP,PORT_40,MG,392690,O916QPK,ZILETXN,17.4,29.0,30.398,LINE_MODE_40,6.5,Clear
76308928,2020-01-14,04:23:28,Import,CN,PORT_13,CL,854442,7T8RJ42,1NKHWGQ,4634.5,155.0,188.393,LINE_MODE_10,101.9,Low Risk
78511270,2020-01-14,21:21:10,Import,US,PORT_21,GU,470790,7KGLWW5,X5EDFP1,158433.6,20312.0,20336.374,LINE_A5IT1U,47.5,Clear
54255035,2020-01-14,13:10:35,Import,US,PORT_20,PG,870899,J9LDISC,MY5PKGQ,350.0,50.0,52.185,LINE_MODE_10,75.5,Clear
49065773,2020-01-14,06:30:53,Import,SI,PORT_20,GU,871491,JWPF98E,YPR7NOW,55966.4,56.0,57.383,LINE_MODE_10,63.0,Clear
53233083,2020-01-14,16:46:03,Import,JP,PORT_40,GG,846229,4RUS242,O9C6ZIU,2052106.0,3220.0,3283.434,LINE_MODE_10,59.7,Clear
48984837,2020-01-14,01:05:57,Import,CN,PORT_20,TT,071080,A8KELA7,03YBJMK,15912000.0,60000.0,59562.0,LINE_MODE_10,41.9,Clear
26861227,2020-01-14,20:19:07,Import,CN,PORT_20,AT,901910,CH7LYFJ,QSFOGMK,3931.2,756.0,792.061,LINE_MODE_40,6.2,Clear
91259701,2020-01-14,01:11:01,Import,US,PORT_40,SD,210690,P49403I,JZLMP6Q,95634.0,756.0,726.289,LINE_MODE_10,20.8,Clear
19846042,2020-01-14,12:39:22,Import,US,PORT_40,ES,841231,BK0UJ2R,QLBGH3C,15471.36,7.2,7.309,LINE_MODE_40,50.7,Clear
99047093,2020-01-14,18:12:53,Import,CZ,PORT_13,FJ,850152,CKIF214,76GPIZG,31952.01,2266.1,2186.107,LINE_VZIZJJ,23.4,Clear
84044764,2020-01-14,22:50:04,Import,JP,PORT_20,HN,060490,3BFUK83,1CN7YRL,3541.3,7.0,7.029,LINE_MODE_10,49.5,Clear
97356193,2020-01-14,21:51:13,Import,IT,PORT_40,BG,841239,510MN6Q,L5GONLU,479384.0,310.0,369.346,LINE_MODE_40,88.3,Low Risk
52474114,2020-01-14,07:12:34,Import,VN,PORT_40,CL,071080,CZ7P6YF,99CKSHY,6364800.0,24000.0,23500.8,LINE_MODE_10,33.0,Clear
82630136,2020-01-14,23:44:56,Import,DE,PORT_20,UZ,110520,R8ORGAW,X3S3PP4,34522400.0,44000.0,52916.16,LINE_MODE_10,97.9,Low Risk
79717887,2020-01-14,08:03:27,Import,CN,PORT_20,TH,392390,FG5XA8K,UTEX0S5,3.8,2.0,2.035,LINE_MODE_10,58.4,Clear
52717755,2020-01-14,20:49:15,Import,CN,PORT_30,HU,960321,VBN7GFZ,IB17J2O,332403.0,1790.0,1760.823,LINE_MODE_40,29.9,Clear
70926211,2020-01-14,18:59:31,Import,CN,PORT_20,FJ,442010,TK9JDOT,5ICCHNF,5973.18,264.3,252.592,LINE_MODE_10,17.5,Clear
32655472,2020-01-14,12:49:52,Import,US,PORT_20,GN,901910,NNZXML2,GZRCQ64,150.8,29.0,26.577,LINE_MODE_40,5.2,Low Risk
78795167,2020-01-14,05:04:47,Import,NO,PORT_20,LR,030354,LEP1VB8,78IE02Z,12157940.0,46600.0,45560.82,LINE_MODE_10,32.0,Clear
52262154,2020-01-14,17:39:54,Import,DE,PORT_30,KR,842191,3B0TONJ,QT180W8,110525.88,80.4,77.12,LINE_MODE_10,19.8,Clear
38089000,2020-01-14,22:56:40,Import,KR,PORT_40,AT,848071,V9JA92Y,DWNJQL8,373770.0,900.0,887.58,LINE_MWIDNS,37.6,Clear
35672092,2020-01-14,22:46:52,Import,CN,PORT_20,SI,841451,IPJ021Q,XNI2J29,22264.0,55.0,58.604,LINE_MODE_10,120.3,Low Risk
26829026,2020-01-14,01:26:26,Import,KR,PORT_41,LB,880330,9G5MKQ1,UXX1AJX,300021.48,126.8,129.742,LINE_W6UCD9,58.0,Clear
54952745,2020-01-14,16:59:05,Import,FR,PORT_20,PY,321000,UEJD32T,4BVNQE2,2013930.0,300.0,311.61,LINE_MODE_10,72.2,Clear
34621315,2020-01-14,20:41:55,Import,CN,PORT_20,ES,761699,KTMROZ9,QA2VW8H,666.25,53.3,61.628,LINE_MODE_10,50.2,Low Risk
57616716,2020-01-14,02:14:36,Import,CN,PORT_40,SD,620469,Z2BMJ1E,PMU0W61,1958011.2,4086.0,4201.225,LINE_MODE_10,65.3,Clear
50399255,2020-01-14,10:07:35,Import,CN,PORT_30,AT,650500,C8TLNO5,KA4S75O,38.5,5.0,5.168,LINE_MODE_10,68.9,Clear
89733931,2020-01-14,03:21:31,Import,CN,PORT_20,BA,851310,M8WEOIV,8HCFDUG,11479.42,32.3,32.161,LINE_MWIDNS,37.9,Clear
81074594,2020-01-14,10:27:14,Import,CN,PORT_20,GG,271019,TIYOPZO,XYROSUK,1584000.0,14400.0,15320.448,LINE_MODE_40,113.3,Low Risk
33845226,2020-01-14,01:03:06,Import,CN,PORT_20,NG,481910,LGN9ZMM,GB192Z9,43.68,18.2,18.622,LINE_MODE_40,56.0,Clear
10348614,2020-01-14,03:00:54,Import,CN,PORT_40,SV,820559,VAEKNYP,HIP6I3V,2695.0,154.0,158.497,LINE_MODE_10,66.0,Clear
75880907,2020-01-14,07:33:47,Import,CN,PORT_20,TT,841490,EVV1CFG,9TG9HU1,9234.72,79.2,79.81,LINE_MODE_10,51.8,Clear
52147990,2020-01-14,10:13:10,Import,CN,PORT_40,EC,560394,1DVUJ9P,R3VUZA3,4213.5,795.0,827.754,LINE_MODE_40,67.9,Clear
39863085,2020-01-14,16:04:45,Import,US,PORT_40,GU,382200,4TKEBJ6,6ZQTY16,591370.6,122.0,118.181,LINE_MODE_40,20.0,Clear
88992713,2020-01-14,13:19:53,Import,VN,PORT_16,WS,420221,9DKL6Q3,YNL37T5,5226.76,169.7,162.013,LINE_MODE_10,16.8,Clear
31160445,2020-01-14,22:40:45,Import,CN,PORT_30,BG,853590,4IC61J8,ES6KNJT,66928.0,80.0,79.096,LINE_MODE_10,39.2,Clear
31972793,2020-01-14,22:27:53,Import,CN,PORT_40,CA,852990,DI7SGL1,KNOMGC1,280.2,6.0,6.088,LINE_MODE_40,50.4,Clear
86920432,2020-01-14,14:25:52,Import,TW,PORT_30,HN,950699,GG3TIHO,JYAAGEQ,58418.08,970.4,941.482,LINE_MODE_10,27.0,Clear
16181168,2020-01-14,00:54:08,Import,CN,PORT_151,CL,621143,FKACH8J,L2SX065,343123.2,6624.0,6638.573,LINE_ALDCWV,42.1,Clear
44418629,2020-01-14,13:14:29,Import,IT,PORT_20,MT,420221,3VYZ2AZ,BTTOM0H,77.0,2.5,2.492,LINE_MODE_10,44.5,Clear
76906955,2020-01-14,17:22:35,Import,CN,PORT_20,LB,391890,EP7LHWB,VL30VNV,391.3,301.0,268.796,LINE_MODE_10,35.0,Low Risk
53999812,2020-01-14,09:48:52,Import,JP,PORT_30,GN,321590,R85ET3O,FP0PREQ,99.19,1.3,1.164,LINE_MODE_40,26.4,Low Risk
16203541,2020-01-14,00:15:01,Import,JP,PORT_20,SI,030353,5IIG0EF,JABE2FY,4433520.0,23200.0,24144.24,LINE_MODE_10,73.6,Clear
93599753,2020-01-14,05:03:53,Import,CN,PORT_30,SV,611710,Q8MAKJD,BTTOM0H,1769.3,13.0,13.451,LINE_MODE_10,69.6,Clear
99148046,2020-01-14,06:03:26,Import,DE,PORT_40,BG,850152,N969S0Q,PF1L1IG,320.07,22.7,23.0,LINE_W6UCD9,49.4,Clear
26626566,2020-01-14,15:52:06,Import,CN,PORT_40,MN,600410,1WZDPG3,TUVTBSS,37662.12,179.6,171.195,LINE_MWIDNS,9.8,Clear
65308784,2020-01-14,01:03:44,Import,JP,PORT_40,KR,852380,BH9HBNP,W8RW1WL,134.5,1.0,0.994,LINE_MODE_10,42.9,Clear
55051225,2020-01-14,01:40:25,Import,CN,PORT_20,DJ,620442,4WGYEGA,C36FDSL,2973.3,51.0,50.934,LINE_MODE_40,39.8,Clear
99390039,2020-01-14,11:44:39,Import,VN,PORT_40,TT,270111,OIDFF3V,D5BZPHO,212850000.0,5500000.0,5729350.0,LINE_W6UCD9,74.2,Clear
15492557,2020-01-14,23:01:17,Import,CN,PORT_40,JP,551511,UF5Q5YG,8KHHR2S,17960.7,411.0,424.44,LINE_MODE_10,68.3,Clear
28396337,2020-01-14,03:24:17,Import,CN,PORT_20,KR,854370,M5KYBBQ,9UP4MN8,32828.78,11.8,12.304,LINE_MODE_10,74.9,Clear
90839395,2020-01-14,20:49:55,Import,CN,PORT_40,UZ,732690,GHBQ4NY,SMTHMC6,29.25,19.5,17.687,LINE_MODE_10,19.1,Low Risk
16001407,2020-01-14,23:42:07,Import,CN,PORT_40,LR,940599,KL0P2FX,CRKOU54,1094.4,32.0,29.159,LINE_MODE_10,15.6,Low Risk
34768717,2020-01-14,14:50:37,Import,JP,PORT_40,PY,283330,WZ7IC04,LJ94Q88,3213.0,15.0,14.29,LINE_VZIZJJ,9.5,Clear
39346654,2020-01-14,04:41:34,Import,AM,PORT_40,MN,621149,CJ956J9,XCIAAPR,52.24,0.4,0.47,LINE_MWIDNS,48.4,Low Risk
26287874,2020-01-14,23:55:14,Import,CH,PORT_20,PL,330499,I6ZZMA2,L7UWB3E,15922.14,89.4,89.328,LINE_MODE_10,46.2,Clear
72015721,2020-01-14,19:38:01,Import,US,PORT_20,IL,760200,5UJ5OML,X3E7EEF,188120.8,19196.0,18249.637,LINE_MODE_40,8.2,Clear
77638636,2020-01-14,14:33:16,Import,CN,PORT_40,GG,630790,5O3T0NH,4PDLLH6,46.0,20.0,16.407,LINE_MODE_40,28.5,Critical
39748352,2020-01-14,09:44:32,Import,VN,PORT_40,NG,620113,IH26CP9,M93BMZX,3196.8,9.0,9.092,LINE_MODE_10,53.4,Clear
31882962,2020-01-14,09:34:42,Import,JP,PORT_20,CL,382499,AX2WFP5,YDNWTYE,1.25,0.1,0.096,LINE_MODE_10,17.1,Clear
75705146,2020-01-14,18:08:26,Import,JP,PORT_20,AM,846693,N9A4JMJ,SSY547X,150.24,4.8,4.623,LINE_MODE_10,22.4,Clear
55717852,2020-01-14,15:02:52,Import,ID,PORT_40,PG,401699,175948Q,UZZOHWI,126428.5,6985.0,6706.997,LINE_W6UCD9,14.4,Clear
63752917,2020-01-14,18:00:37,Import,CN,PORT_16,WS,950691,4D0J9EO,N9WM9DW,571.2,42.0,40.013,LINE_MODE_10,15.5,Clear
44136140,2020-01-14,21:22:20,Import,LT,PORT_40,ES,940410,4EHR4QW,UF34FEE,85394.72,434.8,441.844,LINE_MODE_40,51.4,Clear
87764539,2020-01-14,05:06:19,Import,CN,PORT_20,AM,610910,DKO3VRM,S6NJZC1,2187.12,140.2,139.036,LINE_MODE_10,41.2,Clear
16173686,2020-01-14,13:37:26,Import,MY,PORT_20,CL,382499,PRTVYKD,PMN0COE,187790.46,1229.8,1380.623,LINE_MODE_10,42.2,Low Risk
25998982,2020-01-14,05:48:22,Import,CN,PORT_20,GU,620433,BKOCK5T,CZ8VI2C,1030.74,4.1,4.285,LINE_MODE_10,10.5,Clear
52506053,2020-01-14,10:08:53,Import,CN,PORT_16,PG,620443,F41KWUW,K6DX3SI,748.8,6.0,5.908,LINE_MODE_10,36.6,Clear
66030982,2020-01-14,13:48:22,Import,CN,PORT_40,CL,850790,G39G9E4,H1U03NK,3013.2,558.0,583.222,LINE_MODE_10,10.5,Clear
13570418,2020-01-14,17:41:38,Import,MY,PORT_16,IR,481920,18POGDH,XEV6R9T,600.6,1001.0,1045.765,LINE_MODE_10,107.0,Low Risk
97559850,2020-01-14,17:57:30,Import,CN,PORT_20,RS,842230,UVMBMF2,F124A78,1400.6,47.0,47.526,LINE_MODE_10,54.1,Clear
24549119,2020-01-14,11:55:59,Import,CN,PORT_12,LR,850440,N969S0Q,NIJXPHF,9289.28,14.3,14.324,LINE_EIZP3I,47.8,Clear
74994476,2020-01-14,10:43:56,Import,CN,PORT_40,GN,281290,8VFNKGI,AQVUA3C,1448880.0,400.0,419.28,LINE_MODE_40,6.5,Clear
53030321,2020-01-14,04:34:41,Import,CN,PORT_33,NG,961800,W4TBTM0,S3H9X87,275595.0,950.0,903.165,LINE_MODE_10,14.2,Clear
72384831,2020-01-14,01:29:51,Import,VN,PORT_40,UG,070310,CILLJ7M,ZYZ8542,178200.0,900.0,941.13,LINE_MODE_10,10.9,Clear
17150268,2020-01-14,12:45:48,Import,DE,PORT_20,SV,950691,FF7J7GH,4MVXQ3G,1071.68,78.8,75.033,LINE_MODE_10,15.1,Clear
63326216,2020-01-14,13:32:56,Import,IT,PORT_40,AT,930510,604KGEF,4LZCG84,11543.8,2.0,1.956,LINE_MODE_40,26.3,Clear
75205915,2020-01-14,14:11:55,Import,CN,PORT_30,FJ,850790,C7B582A,LZAARVG,21.6,4.0,4.015,LINE_MODE_10,49.1,Clear
62942137,2020-01-14,04:47:37,Import,GB,PORT_40,SD,391190,UDL1Q0F,MX9EFVA,10106.25,24.5,26.203,LINE_MODE_10,122.8,Low Risk
25346387,2020-01-14,18:11:47,Import,CN,PORT_40,ES,071080,IWH4YJJ,H1FEUIK,15912000.0,60000.0,58062.0,LINE_MODE_40,19.4,Clear
28154094,2020-01-14,20:58:54,Import,FI,PORT_40,MT,940169,VZI4Y52,NGQTKZ0,4056.7,56.5,55.89,LINE_MWIDNS,33.6,Clear
97122435,2020-01-14,03:27:15,Import,CN,PORT_20,NG,400912,P9QLOYL,KM4PWGG,65844.0,3658.0,3817.855,LINE_77BN4M,75.5,Clear
99082088,2020-01-14,20:56:08,Import,CN,PORT_20,BA,852580,754Q0FM,PSQE29Y,16655.07,86.7,92.658,LINE_MODE_10,122.3,Low Risk
23728875,2020-01-14,16:21:15,Import,JP,PORT_30,HU,330499,RTI901V,OJP0SXE,89.05,0.5,0.512,LINE_MODE_40,56.3,Clear
23083805,2020-01-14,00:30:05,Import,KR,PORT_13,GG,844399,UJRFIJX,7LCAU8Y,2660.0,40.0,40.348,LINE_MODE_40,46.4,Clear
92713494,2020-01-14,18:08:54,Import,CN,PORT_39,FJ,711719,1C6FYFP,SFEY3S3,312.0,10.0,9.892,LINE_W6UCD9,33.6,Clear
87395044,2020-01-14,01:28:04,Import,TH,PORT_20,ZZ,390390,S00EJ2W,ZG1BT2Q,2936000.0,16000.0,15427.2,LINE_MODE_40,17.1,Clear
92954911,2020-01-14,14:04:31,Import,CN,PORT_40,IR,481950,TK1B464,0HC870L,94.77,24.3,24.439,LINE_MODE_10,50.5,Clear
73787391,2020-01-14,07:05:51,Import,CH,PORT_40,LB,854460,POP6YY4,7JUUMOF,93231.0,30.0,28.971,LINE_MWIDNS,18.1,Clear
22030440,2020-01-14,15:34:00,Import,CN,PORT_20,PY,847982,JJQOON5,HS7K496,80172.0,255.0,246.381,LINE_MODE_10,24.4,Clear
75341705,2020-01-14,16:35:05,Import,CN,PORT_40,GG,630790,BW6I6GM,2OQZJ37,5531.5,2405.0,2305.674,LINE_MODE_40,13.4,Clear
67602606,2020-01-14,06:06:06,Import,IN,PORT_30,SD,842123,LX5SS32,1VRR8DV,492460.8,2496.0,2578.867,LINE_MODE_10,68.6,Clear
10190948,2020-01-14,04:57:08,Import,IT,PORT_20,AM,711790,IV8156W,Q4SMFNB,18.63,0.9,0.911,LINE_MODE_10,54.7,Clear
31530516,2020-01-15,12:04:36,Import,JP,PORT_40,PY,841981,ET3KOGW,1XCM1XF,16074.6,73.4,76.8,LINE_MODE_40,102.1,Low Risk
58147732,2020-01-15,10:00:52,Import,CN,PORT_16,LB,620463,RH9BDB6,TLQTGJW,1052.8,16.0,16.323,LINE_MODE_10,60.0,Clear
78721724,2020-01-15,10:52:44,Import,CN,PORT_20,FJ,620443,3HPGX9I,RQXMNIE,12480.0,100.0,102.42,LINE_MODE_10,62.7,Clear
29579549,2020-01-15,03:16:29,Import,NL,PORT_20,GU,392690,37V8B48,AFYKNKR,18.96,0.6,0.622,LINE_MODE_10,70.9,Clear
75040710,2020-01-15,22:38:30,Import,ES,PORT_16,AM,711311,FSVV69P,RRWS63O,29.05,0.1,0.089,LINE_MODE_10,33.1,Low Risk
68869871,2020-01-15,06:27:11,Import,CN,PORT_20,PL,420292,JFGSC5R,CA08WV4,595.0,10.0,10.257,LINE_MODE_10,63.7,Clear
85949007,2020-01-15,02:55:27,Import,CN,PORT_40,IR,940520,R3CCUB4,AFYKNKR,86958.9,301.0,288.268,LINE_MODE_10,18.8,Clear
48150498,2020-01-15,01:56:18,Import,VN,PORT_30,JP,071080,F8K2I2H,586A4B5,12729600.0,48000.0,47385.6,LINE_MODE_10,38.2,Clear
16916484,2020-01-15,05:25:24,Import,IT,PORT_10,BA,620319,SRCDUMH,B7ODDGY,740.3,1.0,1.044,LINE_KJ8YGQ,69.9,Clear
73407082,2020-01-15,02:43:22,Import,CN,PORT_20,SV,851762,2J9B0QT,S18X2BI,1044.0,7.2,7.165,LINE_77BN4M,37.5,Clear
37849873,2020-01-15,20:19:13,Import,CN,PORT_40,BA,420239,SFSBQZA,9CSBMGI,3015.0,30.0,26.979,LINE_MODE_40,22.2,Low Risk
28440752,2020-01-15,12:44:32,Import,CN,PORT_20,LB,853229,BLYYZRQ,902LILY,67483.0,130.0,131.326,LINE_MODE_10,53.4,Clear
78230978,2020-01-15,18:57:38,Import,MY,PORT_40,UZ,321490,SWNQJ1A,GTTZC39,4849122.5,40175.0,43257.226,LINE_MODE_40,3.5,Low Risk
54956252,2020-01-15,14:09:32,Import,CN,PORT_20,MT,420299,0D7S6HR,5L562D8,824.5,85.0,81.617,LINE_W6UCD9,14.4,Clear
82039844,2020-01-15,20:34:44,Import,TH,PORT_30,TN,460211,8NCA7KS,RWYXI0J,15516.8,37.3,33.818,LINE_MODE_40,13.4,Low Risk
40762341,2020-01-15,19:28:21,Import,FR,PORT_20,BR,711319,XD54EY2,U5MOB1O,5064.56,0.1,0.104,LINE_MODE_10,73.6,Clear
22642593,2020-01-15,01:24:33,Import,CN,PORT_20,KR,680293,EUFPJE2,GYF1M1G,260571.6,24127.0,24481.667,LINE_MODE_10,56.4,Clear
68087210,2020-01-15,20:26:50,Import,CN,PORT_20,GU,902750,MDF0DW1,YY48EU3,17046.0,10.0,10.312,LINE_MODE_10,67.3,Clear
64527957,2020-01-15,06:37:57,Import,CN,PORT_20,UG,281290,572SHD6,GJH9PRF,1448880.0,400.0,413.08,LINE_MODE_40,62.3,Clear
21095898,2020-01-15,06:46:18,Import,US,PORT_40,NG,732690,A2JZHXN,V9GO1VJ,73.5,49.0,54.069,LINE_MODE_10,37.7,Low Risk
28585452,2020-01-15,11:36:12,Import,CN,PORT_16,EC,870899,ZZOZXYI,Z64QME2,7.0,1.0,0.96,LINE_MODE_10,20.4,Clear
21749044,2020-01-15,06:28:04,Import,US,PORT_40,RS,870899,P3HPF64,G2XEJEG,140.0,20.0,18.133,LINE_MODE_40,13.4,Low Risk
48025291,2020-01-15,01:37:31,Import,CN,PORT_40,CL,570500,973NFG3,NULLLLS,179.74,4.3,4.368,LINE_MODE_40,51.1,Clear
90910179,2020-01-15,04:13:39,Import,CR,PORT_40,IL,901839,96IVBMF,IXONETF,342.24,2.4,2.332,LINE_MODE_40,22.0,Clear
77758233,2020-01-15,23:18:33,Import,US,PORT_20,PG,731029,URLKB55,IS1YATG,0.87,0.3,0.298,LINE_MODE_40,37.2,Clear
70633377,2020-01-15,10:34:57,Import,CN,PORT_20,GG,850790,NAZRE3X,KDLLHDR,23601.24,4370.6,4469.813,LINE_MODE_10,61.7,Clear
30960580,2020-01-15,06:49:40,Import,US,PORT_40,GU,730722,IIE4KXB,88QPH3V,0.0,0.0,0.001,LINE_MODE_10,44.2,Clear
64522029,2020-01-15,08:11:09,Import,IT,PORT_30,HU,854460,O9EP9QZ,23RIU88,5341833.5,1985.0,2250.672,LINE_MODE_40,38.9,Low Risk
49549084,2020-01-15,08:42:04,Import,KR,PORT_20,NG,330499,6QB26U1,QOOP8MU,4283.2,16.0,16.707,LINE_MODE_10,75.9,Clear
18214086,2020-01-15,07:04:06,Import,CN,PORT_30,HN,392690,WT8SWYW,PF1L1IG,54.0,90.0,89.388,LINE_MODE_40,36.2,Clear
98994460,2020-01-15,17:07:40,Import,LK,PORT_40,LR,261900,X24LMZ8,2OQZJ37,18954352.0,952480.0,868909.405,LINE_MODE_10,14.7,Low Risk
25574809,2020-01-15,04:10:49,Import,CN,PORT_20,PG,853890,KA7LT12,7PN0VA5,921869.75,2927.5,2947.114,LINE_MODE_10,51.1,Clear
27131304,2020-01-15,22:52:24,Import,FR,PORT_40,MG,853890,OYP7YI7,B40JRXU,22.0,1.1,1.138,LINE_W6UCD9,63.3,Clear
87169418,2020-01-15,05:51:38,Import,MY,PORT_13,FJ,854370,B1NV979,ZUWRZIF,3238.4,1472.0,1512.038,LINE_W6UCD9,58.6,Clear
65218622,2020-01-15,22:49:02,Import,DE,PORT_40,CR,854442,5K2KBKY,09UPRFS,2.99,0.1,0.103,LINE_W6UCD9,57.3,Clear
70620527,2020-01-15,06:20:47,Import,CN,PORT_20,LB,392690,TCVEL80,4BJHN79,228.0,380.0,379.126,LINE_MODE_10,45.2,Clear
87646778,2020-01-15,18:27:38,Import,MY,PORT_20,UG,401519,JHEHLCS,DLKSFCK,555.0,10.0,10.767,LINE_MODE_10,9.5,Low Risk
75547590,2020-01-15,19:26:30,Import,JP,PORT_40,AT,732620,6I1UAQT,XO8H7LU,963.9,51.0,53.101,LINE_W6UCD9,73.9,Clear
98712955,2020-01-15,23:55:55,Import,GB,PORT_20,IR,870829,APJM46I,OB00LGF,4790.2,17.2,16.92,LINE_MODE_10,35.9,Clear
42560119,2020-01-15,04:19:19,Import,VN,PORT_40,IL,392329,0OUJIOF,5VD46T7,3.95,0.5,0.575,LINE_MODE_40,42.7,Low Risk
77329646,2020-01-15,01:23:26,Import,KR,PORT_20,ES,382590,JQ41EYY,GTYLX4I,28236.0,5430.0,5501.676,LINE_MODE_10,55.4,Clear
20043702,2020-01-15,12:53:42,Import,CN,PORT_41,BA,392690,PKMNBKA,SZJAV59,36.0,60.0,65.822,LINE_MWIDNS,36.2,Low Risk
65732664,2020-01-15,17:28:24,Import,NO,PORT_20,BA,853710,SNWMRYQ,2XTFA74,3663.6,142.0,135.496,LINE_MODE_40,10.5,Clear
54065841,2020-01-15,22:53:21,Import,CN,PORT_10,CR,560312,W91SJK0,5HK6ZV8,3754112.5,4058.5,4020.756,LINE_MODE_10,40.6,Clear
29800322,2020-01-15,20:24:02,Import,CN,PORT_82,LR,611710,7AZJZOZ,WNO2W1M,1769.3,13.0,12.678,LINE_W6UCD9,24.3,Clear
92725135,2020-01-15,20:38:55,Import,CN,PORT_40,GU,681599,41K4C26,ARBO8HW,479460.0,12200.0,12123.14,LINE_MODE_10,42.5,Clear
94872968,2020-01-15,03:44:08,Import,CN,PORT_40,OM,392062,8FRIUI5,8QOEWI1,92.8,6.4,6.414,LINE_W6UCD9,42.1,Clear
38800768,2020-01-15,17:27:28,Import,US,PORT_40,SV,901812,0QAM771,OZB7KED,1577544.0,120.0,120.264,LINE_MODE_40,42.1,Clear
86073343,2020-01-15,01:43:43,Import,CN,PORT_13,LV,950300,KJLBJQH,OC7KQSY,40392.0,440.0,435.468,LINE_MODE_10,39.9,Clear
73034566,2020-01-15,05:38:46,Import,CN,PORT_40,NG,620342,V7M710M,QDAGR42,826.2,3.0,2.86,LINE_MODE_10,15.8,Clear
66804474,2020-01-15,09:11:54,Import,AE,PORT_122,BR,392062,9L4B3DA,8L6O6KB,325728.0,22464.0,22446.029,LINE_MODE_40,40.2,Clear
39987718,2020-01-15,13:09:58,Import,IT,PORT_40,KR,621510,JBRDYDG,P5KJOIV,141.0,0.2,0.195,LINE_MODE_40,25.6,Clear
93150485,2020-01-15,15:28:05,Import,DO,PORT_39,TH,760200,TOINLY5,5VKXQQ5,180976.6,18467.0,17888.983,LINE_MODE_10,26.0,Clear
70433737,2020-01-15,21:47:37,Import,VN,PORT_20,ZZ,071080,BWQWUST,1N7NZ29,25459200.0,96000.0,100099.2,LINE_MODE_10,74.9,Clear
71719458,2020-01-15,04:52:18,Import,RU,PORT_40,MT,270111,708A72F,Q1RHL6S,630810000.0,16300000.0,16417360.0,LINE_MODE_10,51.4,Clear
17311317,2020-01-15,10:53:57,Import,CN,PORT_20,FJ,420292,V05JQFH,BUSF98I,2320.5,39.0,37.155,LINE_MODE_50,11.5,Clear
19771659,2020-01-15,19:31:39,Import,CN,PORT_40,JP,640299,GJITL0X,4VMRI9B,34756.68,338.1,348.818,LINE_MODE_40,61.6,Clear
37768553,2020-01-15,08:23:53,Import,CN,PORT_30,SV,071080,BJGEC7J,RZM2Z77,28641600.0,108000.0,111747.6,LINE_MODE_10,69.6,Clear
39385052,2020-01-15,00:49:32,Import,CN,PORT_13,SV,392690,H27ZHR5,CGU1MMQ,61.14,101.9,97.844,LINE_B12OMY,14.4,Clear
82469179,2020-01-15,14:10:19,Import,CN,PORT_20,ZZ,950629,L8LD7BY,CXPPJ83,204318.4,494.0,480.02,LINE_MODE_40,22.0,Clear
10379956,2020-01-15,11:35:16,Import,JP,PORT_20,CA,262029,5K7ZT6R,FTHV8CC,9799560.0,200400.0,202043.28,LINE_MODE_40,46.1,Clear
38465560,2020-01-15,07:32:40,Import,CN,PORT_20,PL,620443,O98KQL8,ZK8EHLJ,56160.0,450.0,452.79,LINE_MODE_40,44.8,Clear
94957897,2020-01-15,10:03:37,Import,IT,PORT_20,NO,900410,76HBDC0,18DHZJZ,424.8,6.0,5.776,LINE_MODE_10,22.1,Clear
60416968,2020-01-15,21:57:28,Import,DE,PORT_30,FJ,271019,RHRG285,0SJITJ7,125853.12,320.4,321.105,LINE_MODE_10,48.1,Clear
49524238,2020-01-15,06:11:58,Import,CN,PORT_40,MN,850440,5BHK07J,1DFQU9H,1441.41,6.9,8.276,LINE_MODE_40,90.8,Low Risk
51593265,2020-01-15,06:27:45,Import,MY,PORT_20,MT,210112,VFYMK73,VDQ6N74,19961.17,10.9,10.668,LINE_MODE_10,32.6,Clear
55938131,2020-01-15,02:18:11,Import,CN,PORT_40,FJ,481940,HQ420D1,3FZEI0F,2269.5,255.0,253.904,LINE_MODE_40,37.9,Clear
21057698,2020-01-15,09:29:38,Import,CN,PORT_40,PL,620442,U6ISFEA,HBJXEK9,5247.0,90.0,88.848,LINE_MWIDNS,34.2,Clear
17770216,2020-01-15,12:26:16,Import,CN,PORT_40,LB,852859,7XG9305,GCPNHU7,33104.2,41.2,48.997,LINE_MODE_40,36.9,Critical
13557375,2020-01-15,18:56:15,Import,CN,PORT_40,AM,732490,U0AOV8B,P5KJOIV,6726.72,54.6,53.164,LINE_MODE_10,29.3,Clear
71351918,2020-01-15,16:06:38,Import,CN,PORT_30,KR,842131,62SA44X,YS70JZK,12810.45,12.3,12.02,LINE_MODE_10,31.6,Clear
11677079,2020-01-15,20:21:59,Import,GB,PORT_20,WS,850819,L04I0P8,4VMRI9B,2446.5,35.0,42.484,LINE_MODE_40,95.4,Low Risk
65517560,2020-01-15,04:39:20,Import,CN,PORT_40,NO,392690,FTCY5U1,IC30DKM,34.2,57.0,57.353,LINE_MODE_40,44.8,Clear
77445832,2020-01-15,14:35:52,Import,CN,PORT_20,ES,842420,X6RS7TL,IL0ECV3,160.0,64.0,57.757,LINE_MODE_10,22.8,Low Risk
25858456,2020-01-15,11:10:16,Import,CN,PORT_40,SV,940510,KN5DHL6,PF1L1IG,225.4,3.5,3.354,LINE_W6UCD9,13.1,Clear
35970292,2020-01-15,17:36:52,Import,CN,PORT_20,BR,071080,9DTWNOV,4LFO2V5,15912000.0,60000.0,62412.0,LINE_MODE_10,73.2,Clear
23681022,2020-01-15,07:15:42,Import,CN,PORT_20,SV,960390,IKSA5YW,U8YJ1TN,36785.1,2343.0,2402.044,LINE_MODE_10,63.3,Clear
59915178,2020-01-15,21:54:18,Import,CN,PORT_40,CL,830610,26NEQ0N,TRN1G2W,27410.2,62.0,64.926,LINE_MODE_40,5.8,Clear
88244860,2020-01-15,07:07:40,Import,CN,PORT_20,DJ,850519,73V4WA8,8IQQIC3,7730.28,177.3,169.534,LINE_MODE_50,13.8,Clear
72064632,2020-01-15,05:09:12,Import,CN,PORT_40,GG,621210,EJ5PFZS,KBV1IYS,1276.5,23.0,22.315,LINE_MODE_40,21.0,Clear
23286964,2020-01-15,01:40:04,Import,JP,PORT_30,HU,871499,9HDFGL2,983T452,3126.22,466.6,468.56,LINE_MODE_10,49.5,Clear
62670789,2020-01-15,13:57:09,Import,IT,PORT_30,IL,640419,C156PIZ,LOH7K0F,294.58,1.1,1.318,LINE_MODE_10,96.3,Low Risk
63222811,2020-01-15,07:09:31,Import,CN,PORT_20,KR,940390,JBZU4K3,5PUF67Q,2.12,21.2,19.347,LINE_MODE_40,8.4,Low Risk
69045392,2020-01-15,03:48:32,Import,JP,PORT_80,AM,848210,YZQRS9F,Q7ML2OL,1395.9,11.0,10.892,LINE_30GFAP,40.2,Clear
22730441,2020-01-15,03:56:41,Import,JP,PORT_30,PL,282590,WQ9DHV6,7K3Z9A2,6793680.0,200.0,222.928,LINE_MODE_10,40.3,Low Risk
33627236,2020-01-15,15:49:56,Import,CN,PORT_40,LR,711719,AJ0C1S8,KBLH0LM,840.0,70.0,67.774,LINE_MODE_10,25.7,Clear
80369310,2020-01-15,06:48:30,Import,US,PORT_30,RS,230330,2H8FJAV,PALC9H5,56100703.2,521382.0,511580.018,LINE_MODE_10,34.3,Clear
39690124,2020-01-15,06:06:04,Import,JP,PORT_16,CR,560312,K97MUG4,M8ZQ6VM,1490300.8,11359.0,11633.888,LINE_MODE_40,56.7,Clear
66008489,2020-01-15,06:25:29,Import,US,PORT_50,CR,470710,Z165SAF,5HC6ZZD,1187308.2,152219.0,147150.107,LINE_MODE_10,24.7,Clear
15425970,2020-01-15,10:59:30,Import,CN,PORT_20,GU,841899,YQP5OVC,9BHVA88,719572.0,8290.0,7591.65,LINE_MODE_10,11.8,Low Risk
73639814,2020-01-15,05:14:14,Import,KR,PORT_40,PY,620520,7YG9JKH,8EJHEC2,318.4,4.0,4.117,LINE_A5IT1U,60.0,Clear
43871268,2020-01-15,19:15:48,Import,CN,PORT_20,DJ,854239,SGCIB9M,WBQKENF,16.72,0.4,0.381,LINE_MODE_40,9.1,Clear
74877978,2020-01-15,10:14:18,Import,YE,PORT_40,CA,720449,HFPCP3D,HMC79S0,369427.5,136825.0,143283.14,LINE_MODE_40,5.8,Clear
14728037,2020-01-15,10:39:17,Import,CN,PORT_30,GU,520849,MM0O73U,H60VURA,32652.0,20.0,22.421,LINE_MODE_10,41.9,Low Risk
68936389,2020-01-15,21:03:49,Import,US,PORT_40,LB,680690,LJCVX6K,Z9JNYEK,10216.0,40.0,40.668,LINE_VZIZJJ,51.7,Clear
15066933,2020-01-15,21:03:33,Import,HK,PORT_40,AM,210390,LR1KAO7,1XCM1XF,293457.6,10868.8,11354.635,LINE_MODE_10,10.2,Clear
35194572,2020-01-15,15:28:12,Import,CN,PORT_33,BR,640419,AG5ZDN4,23RIU88,2899.5,15.0,15.003,LINE_MODE_10,46.8,Clear
21005755,2020-01-15,06:35:55,Import,KR,PORT_40,KZ,851531,372XJWT,6ZQTY16,9108000.0,60000.0,59022.0,LINE_MODE_10,35.9,Clear
65761601,2020-01-15,05:02:41,Import,VN,PORT_20,MG,640299,REHX9VS,6FWZAH7,12336.0,120.0,141.437,LINE_MODE_10,55.5,Low Risk
72751551,2020-01-15,23:21:51,Import,CO,PORT_30,SI,760200,AKZ66E3,NT2EAS5,205114.0,20930.0,20630.701,LINE_MODE_10,37.3,Clear
66215185,2020-01-15,06:46:25,Import,TH,PORT_30,JP,210390,HESM5N3,EYJU0IX,369360.0,13680.0,13935.816,LINE_MODE_40,53.0,Clear
66479153,2020-01-15,07:33:53,Import,US,PORT_40,PY,620590,1MB3DIK,8BUVL8Z,48.75,0.5,0.528,LINE_MODE_40,108.7,Low Risk
51295716,2020-01-15,14:24:36,Import,CH,PORT_30,SD,910229,HSGH9IX,X3S3PP4,57.22,0.2,0.206,LINE_MODE_40,59.3,Clear
58184296,2020-01-15,14:34:16,Import,CN,PORT_16,UG,590610,0ZXZ9RN,KGAMHWT,559.02,0.7,0.727,LINE_MODE_10,71.9,Clear
25906635,2020-01-15,05:17:15,Import,IT,PORT_40,ZZ,200710,1FNE4MJ,OV1TFSI,22861525.4,9302.0,9708.497,LINE_MWIDNS,69.5,Clear
32930702,2020-01-15,13:57:02,Import,PL,PORT_62,NG,220299,USYTCHM,81V7VWF,1401705.48,5656.6,5572.882,LINE_MODE_40,30.9,Clear
66826688,2020-01-15,05:06:08,Import,GB,PORT_17,JP,853120,NVVX83K,YZ1B8GQ,1007.2,1.6,1.71,LINE_B12OMY,122.3,Low Risk
94909285,2020-01-15,05:21:25,Import,SK,PORT_40,GG,870350,OMIX4C2,4VMRI9B,30575875.8,2339.0,2265.789,LINE_MODE_40,20.0,Clear
51870806,2020-01-15,09:29:26,Import,AR,PORT_40,PY,160250,RX0108C,PH5S9HO,4461296.0,2135.0,2205.882,LINE_VZIZJJ,62.6,Clear
10067777,2020-01-15,08:08:17,Import,US,PORT_40,TH,401110,LKC7J7G,G6WIYA2,7429.0,23.0,23.522,LINE_MODE_40,55.7,Clear
67185566,2020-01-15,15:35:26,Import,DE,PORT_30,JP,853590,BBO6ILK,4GAPLNK,4414.4,24.8,22.676,LINE_MODE_40,7.0,Low Risk
40512358,2020-01-15,22:53:58,Import,CN,PORT_20,ES,071080,K1QUE6B,S66AF0F,2112000.0,8000.0,7657.6,LINE_MODE_10,18.4,Clear
77136319,2020-01-15,08:49:19,Import,NL,PORT_30,ZZ,940421,5GPFC5A,6KJAFTK,1250149.82,4606.3,4614.131,LINE_MODE_10,47.8,Clear
64785892,2020-01-15,13:56:52,Import,JP,PORT_20,LV,841410,LIBAZFC,V7U393R,37800.0,80.0,85.242,LINE_MODE_10,120.3,Low Risk
41721286,2020-01-15,11:30:46,Import,CN,PORT_20,MN,760711,HFV8WOP,O9QXSRZ,3386331.2,7352.0,7302.006,LINE_MODE_10,42.2,Clear
16578644,2020-01-15,12:54:44,Import,CN,PORT_20,ES,420329,9NPJOC7,827ZWS0,1194.0,2.0,1.928,LINE_MODE_10,23.1,Clear
73881378,2020-01-15,13:24:18,Import,JP,PORT_30,GN,401699,9QYKX0G,HHMCYU0,8378.4,8.0,8.378,LINE_MODE_10,11.8,Clear
67400540,2020-01-15,11:42:20,Import,LK,PORT_30,BR,621149,90C44DO,Y97E2L7,1828.4,14.0,16.747,LINE_MODE_40,89.8,Low Risk
88094637,2020-01-15,00:55:57,Import,US,PORT_40,GU,870332,GK5AG85,7GHJ33J,10709118.0,1845.0,1831.532,LINE_W6UCD9,35.9,Clear
90911129,2020-01-15,11:49:29,Import,CN,PORT_30,HU,901850,Y3PTN8K,CTLN3KC,2664.4,0.5,0.538,LINE_MODE_10,9.2,Low Risk
52769070,2020-01-15,12:04:30,Import,CN,PORT_40,GG,840510,ETQKW2I,0GUSQ61,9908.64,14.4,18.847,LINE_MODE_40,118.7,Critical
25776166,2020-01-15,22:18:46,Import,US,PORT_20,RS,291020,LSKUSNM,YXZ9F8Y,3394.27,1.1,1.049,LINE_MODE_40,9.8,Clear
47002938,2020-01-15,03:10:18,Import,US,PORT_20,GN,392690,G553U3V,GKJI956,6.0,10.0,9.046,LINE_MODE_10,21.1,Low Risk
29855361,2020-01-15,09:45:21,Import,CN,PORT_20,RS,611692,O7RSHF5,T6W63TW,106708.0,370.0,381.359,LINE_B12OMY,67.0,Clear
28194961,2020-01-15,07:12:01,Import,MM,PORT_20,FJ,071080,0YE2UXN,JYLVNYC,26520.0,100.0,105.032,LINE_MODE_10,110.6,Low Risk
72530732,2020-01-15,23:57:32,Import,SE,PORT_20,IL,853690,3QQMIBA,IWPIIW4,94.08,2.4,2.448,LINE_MODE_10,60.0,Clear
45888448,2020-01-15,18:15:28,Import,CN,PORT_20,IL,850152,87E01ES,3KYQETY,14551.2,1032.0,937.118,LINE_MODE_10,18.2,Low Risk
70260022,2020-01-15,20:32:22,Import,CN,PORT_20,PG,853949,R3CCUB4,Z13N8CV,37059.0,22.0,22.913,LINE_MODE_10,105.0,Low Risk
97668327,2020-01-15,10:17:27,Import,KR,PORT_20,SV,851762,MFV9AL2,O7LQ8CC,103917.0,110.0,109.747,LINE_MODE_10,45.2,Clear
93497055,2020-01-15,16:24:15,Import,KR,PORT_40,IR,844399,3GAV98D,ZUOUYIY,2660.0,40.0,41.348,LINE_MODE_40,62.9,Clear
73253592,2020-01-15,15:25:12,Import,CN,PORT_40,PL,830140,M38J478,PF1L1IG,28961.6,3148.0,3117.15,LINE_MODE_40,34.2,Clear
54211095,2020-01-15,07:38:15,Import,JP,PORT_40,CR,701090,GAZWHE9,OP5AL7R,16249.8,445.2,451.299,LINE_MWIDNS,49.7,Clear
84959854,2020-01-15,11:01:34,Import,JP,PORT_30,MG,950639,RT96YOK,RZM2Z77,2987.04,5.6,5.652,LINE_MODE_40,46.8,Clear
64143350,2020-01-15,00:55:50,Import,JP,PORT_30,PY,720449,OS4OEK5,CD1N1FS,2700000.0,1000000.0,961200.0,LINE_MODE_10,21.1,Clear
28062688,2020-01-15,10:39:28,Import,CN,PORT_40,LV,391910,N8G935I,72EH4SO,18062.5,1445.0,1544.3,LINE_MWIDNS,116.3,Low Risk
22024607,2020-01-15,03:28:47,Import,CN,PORT_40,UG,611030,7AW5DY7,BSW3H37,575.36,6.2,5.938,LINE_W6UCD9,12.8,Clear
65935511,2020-01-15,07:21:11,Import,CN,PORT_13,WS,392350,S6E020V,2JDP0CY,912.0,120.0,120.684,LINE_MODE_10,50.5,Clear
22479148,2020-01-15,23:40:28,Import,US,PORT_39,ZZ,010129,4U77YOA,3AP9I4Z,9813170.8,667.0,675.137,LINE_MODE_40,48.7,Clear
17330017,2020-01-15,22:45:37,Import,CN,PORT_10,LV,200599,TXHV96H,M6DTXEO,385200.0,6000.0,6016.2,LINE_MODE_40,42.5,Clear
95367615,2020-01-15,08:00:15,Import,US,PORT_40,BG,902780,UAUD6KE,C7AJP5O,10689.78,3.8,3.624,LINE_MODE_10,16.1,Clear
34372267,2020-01-15,18:43:07,Import,US,PORT_40,DJ,340399,SL7DVY4,YRQUMYX,254166.5,505.0,518.989,LINE_W6UCD9,59.0,Clear
41226659,2020-01-15,00:34:59,Import,CN,PORT_20,BG,701337,RS2C98C,F91R7MQ,21621.6,1638.0,1689.925,LINE_MODE_10,67.6,Clear
55377688,2020-01-15,14:09:28,Import,CN,PORT_20,IL,391990,LV4BGDG,PX7VDG2,0.14,1.4,1.459,LINE_MODE_40,68.5,Clear
53967869,2020-01-15,17:48:29,Import,RU,PORT_12,RS,030391,MZQ7M2V,Z64QME2,23508387.4,19366.0,18914.772,LINE_MODE_10,31.3,Clear
17827316,2020-01-15,02:57:56,Import,VN,PORT_20,LR,030752,QWIBZ7M,KBV1IYS,8682800.0,14000.0,14394.8,LINE_MODE_40,59.3,Clear
68019781,2020-01-15,17:39:01,Import,MY,PORT_20,MT,854390,2U4CMVO,4YJLSV6,1122.2,62.0,63.283,LINE_MODE_10,60.4,Clear
72495677,2020-01-15,17:13:17,Import,JP,PORT_16,WS,950691,T248XWP,R3BR3CT,99.28,7.3,7.101,LINE_MODE_40,22.7,Clear
67801848,2020-01-15,14:38:48,Import,CN,PORT_40,UG,620443,DSMSZ0C,3HA463C,2121.6,17.0,15.437,LINE_MODE_40,12.2,Low Risk
97201860,2020-01-15,04:31:00,Import,CN,PORT_30,MT,330790,IR7J36V,GQYT6GB,262525.5,1285.0,1228.717,LINE_MODE_40,11.8,Clear
98538512,2020-01-15,20:20:32,Import,CN,PORT_40,HU,851310,4T83MFO,IY55BC6,1920.0,150.0,154.53,LINE_MODE_40,60.6,Clear
62761868,2020-01-15,23:59:08,Import,CN,PORT_40,CA,940350,VJXVU88,FI3LRIW,1669203.9,10413.0,9915.259,LINE_MODE_40,9.1,Clear
81064038,2020-01-15,12:35:18,Import,CN,PORT_16,NO,870899,LVXKYX0,Q35LFO2,1197.0,171.0,173.941,LINE_MODE_40,52.0,Clear
74966176,2020-01-15,04:12:16,Import,CN,PORT_40,SV,420222,R25RDTT,HHR9JIP,12.48,1.3,1.48,LINE_MODE_40,40.0,Low Risk
65461415,2020-01-15,02:03:35,Import,CN,PORT_40,GU,640520,LZ07R0H,YVTS740,378.8,1.0,0.954,LINE_MODE_10,16.1,Clear
45920185,2020-01-15,09:16:25,Import,CN,PORT_40,NG,852871,VGJLOG2,OP5AL7R,24480.0,20.0,20.374,LINE_H35Z1A,53.0,Clear
17973888,2020-01-15,21:32:48,Import,CN,PORT_40,HN,853949,G543KZW,818J1DT,50535.0,30.0,31.266,LINE_MODE_10,74.5,Clear
95317620,2020-01-15,09:07:00,Import,CN,PORT_30,LB,392690,TOKWGF5,6X6SMWT,88.8,148.0,144.478,LINE_MODE_40,25.0,Clear
95294023,2020-01-15,19:01:43,Import,CN,PORT_40,UZ,732690,J654N8F,JZOJERU,7.5,5.0,5.084,LINE_MWIDNS,10.9,Low Risk
11339957,2020-01-15,21:31:17,Import,ES,PORT_40,KR,150910,22TBNIO,OR5W0QY,2708171.91,1769.7,1827.569,LINE_MODE_40,62.3,Clear
96373682,2020-01-15,09:00:02,Import,CN,PORT_20,BR,841320,B7Y8JPX,1XCM1XF,24468.62,2022.2,2012.493,LINE_MODE_10,43.5,Clear
10272029,2020-01-15,16:04:29,Import,NI,PORT_20,HN,621149,I6ZZOR2,SUWYZUN,5746.4,44.0,49.889,LINE_MODE_10,44.9,Low Risk
39381214,2020-01-15,14:17:34,Import,CN,PORT_20,NO,250100,EQM0ESL,71KRF9P,3270000.0,100000.0,102920.0,LINE_MODE_40,60.0,Clear
36847376,2020-01-15,18:18:56,Import,CN,PORT_20,RS,900219,HQC0J02,G6I3AN7,3004.8,6.0,6.832,LINE_MODE_10,46.0,Low Risk
26413544,2020-01-15,12:49:44,Import,US,PORT_110,MN,902290,DQR57UO,ZU3599W,989.4,2.0,2.028,LINE_VZIZJJ,56.1,Clear
70945237,2020-01-15,15:52:37,Import,CN,PORT_40,CL,392062,OXCTE1B,61RYTQS,164430.0,11340.0,11257.218,LINE_W6UCD9,35.9,Clear
61580952,2020-01-15,13:01:12,Import,CN,PORT_40,UG,611030,V5S3QHS,E44MM7Y,464.0,5.0,5.051,LINE_W6UCD9,47.4,Clear
24037470,2020-01-15,23:04:30,Import,CN,PORT_20,KR,551529,E9E37EM,7RGB4I2,5226.9,7.0,7.008,LINE_MODE_10,47.5,Clear
22461369,2020-01-15,08:40:09,Import,CH,PORT_20,BR,910121,J5QCYDX,G39HGVY,200964.56,0.2,0.205,LINE_MODE_10,64.3,Clear
33404933,2020-01-15,16:16:53,Import,JP,PORT_20,PL,871499,LUECPT8,HGOZVPV,3126.22,466.6,487.457,LINE_77BN4M,10.2,Clear
35530854,2020-01-15,06:04:54,Import,MY,PORT_20,KR,190590,ZBV2PV1,KXFBS1E,6037243.2,34128.0,34441.978,LINE_MODE_40,46.8,Clear
74891985,2020-01-15,14:19:45,Import,ZZ,PORT_20,UZ,840999,BE3LQAJ,KIV5EBO,5780.0,200.0,203.74,LINE_MODE_10,59.0,Clear
56154186,2020-01-15,13:59:06,Import,FR,PORT_40,HU,940540,YQ9P5JL,UOOH9ZX,0.0,0.0,0.001,LINE_MODE_10,75.2,Clear
42097745,2020-01-15,14:09:05,Import,DE,PORT_20,CA,391231,PPA8RFG,OLLTQ28,5189000.0,5000.0,5193.5,LINE_MODE_10,72.2,Clear
59564246,2020-01-15,02:33:26,Import,IN,PORT_20,JP,520911,7ZR16FJ,H0YUACY,17351430.8,14212.0,14399.598,LINE_MODE_10,55.4,Clear
40375975,2020-01-15,15:12:55,Import,CN,PORT_20,UG,380110,L302KMH,2RDQJ4A,7179.9,21.0,20.448,LINE_MODE_10,29.3,Clear
90318922,2020-01-15,04:27:22,Import,TH,PORT_13,DJ,330499,0WZ60WV,W5WQQV8,101873.2,572.0,460.437,LINE_MODE_10,40.4,Critical
70024861,2020-01-15,14:37:01,Import,GB,PORT_40,CR,940190,3IAV9EO,XOGGBMY,96.66,2.7,2.648,LINE_MODE_10,34.0,Clear
52727604,2020-01-15,00:57:24,Import,CN,PORT_10,TH,392094,B6MFGTS,SEIUP0I,9802080.0,10800.0,10629.36,LINE_MODE_40,30.3,Clear
27132064,2020-01-15,09:45:04,Import,CN,PORT_20,CL,551219,HEAXKRT,WM70Y5G,10227.0,70.0,63.956,LINE_MODE_10,13.6,Low Risk
57922054,2020-01-15,12:31:34,Import,CN,PORT_20,BG,961590,FJDDJ0P,TGINJXC,613.5,15.0,17.608,LINE_MODE_10,54.4,Low Risk
38882576,2020-01-15,15:38:56,Import,PL,PORT_40,EC,851539,SRJKKXK,KDT3IEI,28923.84,1161.6,1159.509,LINE_MWIDNS,39.5,Clear
71854267,2020-01-15,06:23:07,Import,IT,PORT_40,MN,870840,80JQZXN,USNDF3E,793614.84,1508.2,1576.853,LINE_MODE_40,101.5,Low Risk
63931180,2020-01-15,21:19:40,Import,SK,PORT_40,SD,871200,S26UAOR,PVZ5HWD,2098.7,6.2,7.02,LINE_MODE_40,38.5,Low Risk
84733488,2020-01-15,21:52:48,Import,KR,PORT_20,CL,848071,ZTN4NC4,7QOBTB2,50666.6,122.0,130.384,LINE_MODE_10,122.3,Low Risk
63689600,2020-01-15,08:53:20,Import,HK,PORT_10,GU,711790,MRH81WR,RBAAEZY,41.4,2.0,1.972,LINE_MODE_10,37.6,Clear
34165459,2020-01-15,12:28:19,Import,CN,PORT_20,MG,420100,FEDOZ13,4GGOROE,1888.0,160.0,165.072,LINE_VZIZJJ,67.6,Clear
78269765,2020-01-15,01:56:05,Import,CN,PORT_40,OM,420299,Q6Y1IDJ,DOA1EGY,97.0,10.0,10.287,LINE_MWIDNS,59.6,Clear
83864091,2020-01-15,18:10:51,Import,CN,PORT_40,AT,650500,OS4OEK5,3EVLVZQ,37000.0,10000.0,11946.4,LINE_MODE_10,95.3,Low Risk
12438670,2020-01-15,03:51:10,Import,CN,PORT_20,HN,961590,NJP3AWO,X8V2CQS,613.5,15.0,17.224,LINE_MODE_10,48.3,Low Risk
59331289,2020-01-15,20:58:49,Import,MY,PORT_20,BR,210390,433XCG6,COIXX7I,120112.2,4448.6,4300.462,LINE_MODE_40,18.7,Clear
43917903,2020-01-15,09:13:03,Import,CN,PORT_16,GN,071080,QN9P2J0,WXFK87I,15912000.0,60000.0,60582.0,LINE_MODE_40,47.1,Clear
91902701,2020-01-15,22:27:41,Import,KR,PORT_40,IR,330499,JVTFIKD,PFCGHX9,85128.6,318.0,289.097,LINE_MODE_40,11.3,Low Risk
39501987,2020-01-15,00:58:27,Import,CN,PORT_40,ES,701090,I18K31L,X0R6BR2,127.75,3.5,3.387,LINE_MODE_40,19.4,Clear
71669231,2020-01-15,16:03:11,Import,CN,PORT_30,HU,420500,AESOMO2,F700E1L,10.68,1.2,1.255,LINE_MODE_10,10.9,Clear
62099214,2020-01-15,18:10:54,Import,DE,PORT_30,FJ,853890,YWKV6EI,AAJIMRZ,20.0,1.0,1.048,LINE_MODE_10,109.1,Low Risk
49751621,2020-01-15,17:49:41,Import,CN,PORT_40,SV,640419,HFNLNJR,4VMRI9B,154640.0,800.0,800.56,LINE_MODE_40,41.2,Clear
29341863,2020-01-15,16:19:03,Import,CN,PORT_40,PL,854370,6O5AS97,JBBMVLK,12597439.42,4427.3,4558.791,LINE_W6UCD9,66.3,Clear
74520207,2020-01-15,04:15:27,Import,CN,PORT_20,UZ,940540,VFYCHZ3,2OQZJ37,1442.0,140.0,134.078,LINE_MODE_10,18.8,Clear
17574384,2020-01-15,08:10:24,Import,CN,PORT_40,BA,560312,W785OGV,OA8S3MD,653507.2,4981.0,4952.11,LINE_77BN4M,42.9,Clear
10506821,2020-01-15,04:29:41,Import,CN,PORT_40,GG,620453,MHZM8PA,G3NXGDB,2280.0,57.0,57.04,LINE_MODE_10,47.2,Clear
47701823,2020-01-15,17:38:23,Import,US,PORT_20,RS,841350,FWSBJIA,Z64QME2,45512.52,69.4,72.849,LINE_MODE_10,13.5,Clear
17807380,2020-01-15,09:09:40,Import,TW,PORT_20,IR,845290,HFVWJ5F,9JORV35,29903.84,49.6,49.412,LINE_MODE_40,38.2,Clear
45137354,2020-01-15,19:53:14,Import,CN,PORT_30,PL,853669,13IFJ5X,LNLVLF3,157.11,0.3,0.288,LINE_MODE_40,13.8,Clear
37648715,2020-01-15,16:18:35,Import,CN,PORT_40,BG,200599,YY20OSH,YQ0XW2U,1540800.0,24000.0,24088.8,LINE_MODE_10,49.1,Clear
96527918,2020-01-15,09:26:38,Import,US,PORT_40,HU,291590,71H0FH2,M599HF4,803520.0,1800.0,1758.96,LINE_MODE_10,31.6,Clear
25925992,2020-01-15,15:31:52,Import,DE,PORT_40,DJ,901890,IRYEI2T,PPFLSOA,1791.2,8.0,7.922,LINE_MODE_40,34.2,Clear
72593524,2020-01-15,09:56:04,Import,CN,PORT_20,GU,711719,QWEZAXC,44AV59B,36.7,1.0,1.04,LINE_MODE_10,104.0,Low Risk
28768336,2020-01-15,03:28:16,Import,KR,PORT_40,UZ,851762,92Q5BFQ,V5FCG3P,103917.0,110.0,112.002,LINE_MODE_40,52.7,Clear
31604703,2020-01-15,12:53:03,Import,CN,PORT_30,OM,620453,8CJ6OFI,9840R0O,160.0,4.0,4.039,LINE_MODE_10,53.1,Clear
55227822,2020-01-15,10:15:42,Import,CN,PORT_20,EC,630790,TQRUC5N,5E8VD3S,363.4,158.0,161.982,LINE_MODE_10,63.3,Clear
89194517,2020-01-15,15:47:17,Import,US,PORT_20,OM,732690,25YCOH8,QKB4FNW,3.0,2.0,1.905,LINE_MWIDNS,15.5,Clear
17566435,2020-01-15,19:13:55,Import,CN,PORT_40,LR,700600,RX0108C,NW04W1K,1053437.0,10.0,10.437,LINE_MODE_10,75.5,Clear
49704533,2020-01-15,23:56:53,Import,US,PORT_20,MT,760692,55P05IV,802KDHY,179244.0,260.0,278.907,LINE_MODE_10,8.0,Low Risk
65743011,2020-01-15,16:32:51,Import,CN,PORT_40,CL,900580,ZY80ULK,FUJHAKN,39579.0,30.0,28.671,LINE_MODE_10,17.5,Clear
90181357,2020-01-15,23:14:37,Import,CN,PORT_20,ES,854520,JFGSC5R,HLYJR44,7240.6,1.0,1.033,LINE_MODE_10,68.3,Clear
44679589,2020-01-15,03:03:49,Import,CN,PORT_40,IL,392113,IUQ883U,H4G0PI5,487458.0,2655.0,3180.265,LINE_MODE_40,90.3,Low Risk
20239682,2020-01-15,20:40:02,Import,CN,PORT_40,NG,950300,O1KYGAS,OJP0SXE,39.5,5.0,5.645,LINE_MODE_40,37.8,Low Risk
11244441,2020-01-15,00:03:21,Import,DE,PORT_30,SD,848180,3UD5DIP,NPPKWSH,702.0,12.0,11.888,LINE_MODE_10,40.6,Clear
67900259,2020-01-15,01:54:59,Import,CN,PORT_40,AM,853710,EG26P2O,HUIUK4E,1560196.0,5192.0,5356.586,LINE_MODE_10,67.6,Clear
71640917,2020-01-15,11:47:17,Import,TW,PORT_40,LB,950699,SPB30V0,7QOAMOA,58418.08,970.4,924.5,LINE_MODE_10,15.5,Clear
94466219,2020-01-15,21:20:59,Import,IT,PORT_40,PY,430310,HJYYMCS,OZB7KED,12738.5,5.0,4.758,LINE_MWIDNS,8.8,Clear
26839639,2020-01-15,05:31:19,Import,CN,PORT_40,LV,854370,ISD3YTS,71KRF9P,39.6,18.0,18.751,LINE_MODE_40,68.2,Clear
58121112,2020-01-15,19:57:12,Import,CN,PORT_30,FJ,851529,FCIDKNM,SUYVVOP,6490110.0,7100.0,7451.592,LINE_MODE_40,104.1,Low Risk
27609828,2020-01-15,22:11:48,Import,SK,PORT_40,JP,820559,KI9O5KB,549GS5G,2096.5,119.8,107.947,LINE_MODE_10,24.0,Low Risk
53519495,2020-01-15,20:51:35,Import,CN,PORT_30,BR,620463,NTT9HS2,KV0I6ZC,1842.4,28.0,28.384,LINE_MODE_10,55.7,Clear
90253261,2020-01-15,17:37:01,Import,JP,PORT_40,DJ,847170,BAFUH75,5B701T2,20704.6,7.0,6.865,LINE_MODE_40,28.0,Clear
30175337,2020-01-15,09:34:17,Import,CN,PORT_40,JP,650500,FSSTFL5,I86AB6I,8.47,1.1,1.147,LINE_W6UCD9,68.9,Clear
59907354,2020-01-15,21:19:54,Import,CN,PORT_20,NG,340211,W785OGV,X4JXSE1,501600.0,4000.0,3836.8,LINE_77BN4M,13.8,Clear
11131474,2020-01-15,03:08:34,Import,KR,PORT_40,GU,848071,YCSPV39,1PCTT1G,50666.6,122.0,139.304,LINE_MODE_40,40.8,Low Risk
14706450,2020-01-15,11:07:30,Import,CN,PORT_20,MN,071239,LUECPT8,1JWFDDB,2110860.0,5400.0,5460.48,LINE_MODE_10,54.1,Clear
10298786,2020-01-16,09:42:26,Import,CN,PORT_40,LV,071080,4DTEL7K,YAHFNQL,25209912.0,95060.0,101744.619,LINE_MODE_10,87.4,Low Risk
59882965,2020-01-16,11:49:25,Import,JP,PORT_20,OM,391590,SDZNZGT,KBGU3X7,0.0,25959.0,26704.023,LINE_MODE_40,59.6,Clear
87499311,2020-01-16,15:57:51,Import,CN,PORT_20,AT,854370,YP2SJG1,PBP2MYI,143.22,65.1,65.471,LINE_MODE_10,50.5,Clear
80482615,2020-01-16,03:56:55,Import,CN,PORT_40,RS,620719,TM6WOEY,RR98MHK,148680.0,280.0,255.923,LINE_W6UCD9,7.3,Low Risk
64243289,2020-01-16,12:05:29,Import,CN,PORT_40,WS,071080,ZJSGYKK,UFP820L,30232800.0,114000.0,110203.8,LINE_MWIDNS,18.7,Clear
65247834,2020-01-16,08:47:54,Import,ES,PORT_30,GU,021011,7H4X53Z,MM2STTN,8930060.6,776.5,936.335,LINE_MODE_40,92.9,Low Risk
13799920,2020-01-16,03:58:40,Import,DE,PORT_40,MT,390950,8BEF021,T8VBZI8,310252.8,704.0,722.445,LINE_MODE_10,64.0,Clear
51903904,2020-01-16,18:49:04,Import,CN,PORT_40,SI,854239,05XDFSK,O9C6ZIU,418.0,10.0,10.342,LINE_MODE_10,69.3,Clear
37476659,2020-01-16,22:54:59,Import,CN,PORT_20,IL,940560,S6P41ZO,PF1L1IG,67806.2,154.0,161.996,LINE_MWIDNS,105.6,Low Risk
80989928,2020-01-16,11:20:08,Import,DE,PORT_20,AT,870332,Y061S28,3C0ITRT,9977763.6,1719.0,1757.162,LINE_MODE_10,61.3,Clear
17232357,2020-01-16,04:57:57,Import,CN,PORT_40,GU,650500,TL2VM0O,Y9H9POV,421.2,36.0,37.177,LINE_MWIDNS,62.3,Clear
45523541,2020-01-16,03:21:41,Import,VN,PORT_30,PG,845150,Q39E078,HFE8D8G,601200.0,1800.0,1873.26,LINE_MODE_10,73.6,Clear
95465119,2020-01-16,20:09:19,Import,CN,PORT_40,DJ,281122,VOAOBQF,PF1L1IG,2756820.0,6600.0,6611.22,LINE_MWIDNS,41.8,Clear
81991448,2020-01-16,01:32:08,Import,DE,PORT_30,ES,340220,L26HSGE,XFP0UE3,79920.0,864.0,831.341,LINE_MODE_40,15.7,Clear
52197675,2020-01-16,04:21:15,Import,CN,PORT_40,BR,854390,S5NZ38U,AX4CW6G,1086.0,60.0,73.214,LINE_MWIDNS,97.5,Low Risk
81471325,2020-01-16,00:35:25,Import,JP,PORT_40,WS,870899,1VHJG03,L1C0ICG,532.0,76.0,77.453,LINE_MWIDNS,4.4,Low Risk
29920266,2020-01-16,22:47:06,Import,FR,PORT_20,CR,330300,ZTN4NC4,4E5DWHH,2905290.18,14110.2,14155.353,LINE_MODE_10,48.8,Clear
12742657,2020-01-16,04:29:37,Import,US,PORT_33,ES,720449,KHZJ0ZB,QG18XJA,69074.1,25583.0,25140.414,LINE_VZIZJJ,29.3,Clear
48754412,2020-01-16,11:25:32,Import,CN,PORT_30,SI,940520,2B2YMD1,LE2HDJL,23112.0,80.0,78.416,LINE_MODE_10,33.6,Clear
64780112,2020-01-16,19:00:32,Import,VN,PORT_40,CL,620930,3OFLK2K,6FG4JTR,44448.24,47.2,48.625,LINE_MODE_40,60.6,Clear
76266245,2020-01-16,13:24:05,Import,DE,PORT_20,BA,830241,KZ017NA,GFU157U,9097.92,32.4,32.034,LINE_VZIZJJ,33.2,Clear
33341356,2020-01-16,21:45:16,Import,CZ,PORT_40,MT,853690,8BX6D9Q,2A3NF5J,9310.0,50.0,50.41,LINE_MODE_40,46.1,Clear
44852078,2020-01-16,07:02:38,Import,CN,PORT_20,GN,071080,1QIU4N8,26TQEAT,7036800.0,24000.0,23932.8,LINE_MODE_10,44.8,Clear
34214177,2020-01-16,03:28:17,Import,CN,PORT_20,SI,392690,AYT3BO0,CUZTC0O,912.0,1520.0,1554.504,LINE_MODE_40,55.7,Clear
68668097,2020-01-16,06:00:17,Import,CN,PORT_30,GU,842310,V981F2H,47SGJPL,238263.0,430.0,413.961,LINE_MWIDNS,18.1,Clear
17573919,2020-01-16,13:02:39,Import,NO,PORT_40,AM,691490,MS2PD7B,LJTN8V8,1384.5,15.0,17.248,LINE_MODE_40,42.7,Low Risk
49450116,2020-01-16,13:44:36,Import,CN,PORT_20,AT,732690,NXZGW6G,DDKY5EA,2.25,1.5,1.569,LINE_MODE_10,108.1,Low Risk
97231702,2020-01-16,08:40:22,Import,JP,PORT_40,MT,293369,YTDL7IV,VH8BK8T,61720.0,100.0,98.52,LINE_MWIDNS,30.9,Clear
43199049,2020-01-16,01:08:09,Import,MY,PORT_40,DJ,392010,8HR1Z46,9P0AEGK,716121.91,18697.7,18449.021,LINE_MODE_40,31.9,Clear
88248534,2020-01-16,09:52:54,Import,CN,PORT_40,GU,620640,H1JN10U,1XCM1XF,114.6,6.0,5.815,LINE_MODE_40,20.4,Clear
75135655,2020-01-16,14:40:55,Import,CN,PORT_20,PY,848110,0KUR7KJ,2R0U492,681.28,0.8,0.827,LINE_MODE_10,68.9,Clear
95472880,2020-01-16,18:54:40,Import,JP,PORT_20,SI,330499,BICYU94,L8ZH331,2368.73,13.3,14.299,LINE_MODE_10,8.9,Low Risk
49140586,2020-01-16,12:25:46,Import,CN,PORT_40,CA,292241,BMBRH8L,R1TPBOE,19416000.0,60000.0,62592.0,LINE_VZIZJJ,75.2,Clear
15436407,2020-01-16,16:05:27,Import,KR,PORT_40,IL,330499,E9E37EM,5KSVBCD,1097.57,4.1,3.736,LINE_MWIDNS,9.6,Low Risk
68169785,2020-01-16,16:23:05,Import,US,PORT_40,LB,851712,TIP2U0D,DWNJQL8,29078.8,2.0,2.037,LINE_MODE_40,53.0,Clear
31958249,2020-01-16,04:01:29,Import,CN,PORT_20,OM,690721,HJ2FL9J,17QPAI9,315704.0,47120.0,46493.304,LINE_MODE_40,31.9,Clear
80240835,2020-01-16,10:07:15,Import,JP,PORT_13,KR,380899,FOL18SY,1LJJW3H,2117.0,5.0,5.356,LINE_MODE_40,67.5,Low Risk
78994854,2020-01-16,15:24:54,Import,CN,PORT_20,SD,200819,X6RS7TL,VBWF625,140292.0,216.0,217.987,LINE_MODE_10,52.8,Clear
30791719,2020-01-16,23:19:19,Import,CN,PORT_80,GU,940490,L021PCO,WJDBGJ1,11060.28,478.8,479.614,LINE_MODE_10,47.8,Clear
66289878,2020-01-16,04:39:18,Import,CN,PORT_40,UZ,854442,DXONTXN,RDIHWOR,164.45,5.5,6.245,LINE_MODE_40,39.3,Low Risk
59027165,2020-01-16,16:46:05,Import,US,PORT_20,FJ,392092,UMHGTMN,DKXL1AE,145737.0,90.0,92.583,LINE_MODE_10,65.6,Clear
71057691,2020-01-16,04:50:51,Import,ID,PORT_13,SV,610610,55LF9TJ,GF035F0,4351.0,10.0,11.946,LINE_MODE_10,95.3,Low Risk
32313762,2020-01-16,01:14:42,Import,AT,PORT_20,LB,851660,6Q89IO8,T4E9R7F,1659288.0,3760.0,3432.73,LINE_MODE_10,14.1,Low Risk
32593063,2020-01-16,18:05:43,Import,BD,PORT_30,IL,460219,ZGA1MB5,2JUMJC8,296277.0,305.0,314.059,LINE_MODE_10,66.3,Clear
29560980,2020-01-16,23:23:00,Import,CN,PORT_40,LV,560312,1VHJG03,ZNC89SY,1312000.0,10000.0,11322.4,LINE_MWIDNS,38.5,Low Risk
41433307,2020-01-16,12:07:07,Import,CN,PORT_20,NG,611011,W6XF6Q8,TRZRCFU,1213.65,4.5,4.535,LINE_MODE_10,51.8,Clear
33459759,2020-01-16,17:46:39,Import,CN,PORT_20,KR,846789,FG4V5N2,YV5NLNX,409.4,1.0,0.894,LINE_MODE_40,27.5,Low Risk
38956784,2020-01-16,01:03:44,Import,CN,PORT_30,RS,392690,5ATCYCO,RBC1071,120.0,200.0,225.168,LINE_W6UCD9,37.0,Low Risk
22876771,2020-01-16,23:55:31,Import,CN,PORT_40,KR,620892,JPOSB7N,1T4ITV9,9152.08,110.8,108.108,LINE_MODE_10,30.7,Clear
19023024,2020-01-16,02:34:24,Import,CN,PORT_30,PL,392690,JOVPF5F,23RIU88,400.8,668.0,650.766,LINE_MODE_40,23.7,Clear
91064678,2020-01-16,11:52:38,Import,JP,PORT_16,IL,410150,KBZWKRM,DQF2C2K,6064344.0,19760.0,19704.672,LINE_MODE_10,44.8,Clear
88690853,2020-01-16,13:28:53,Import,LT,PORT_30,WS,630260,P55G5T9,MKLIOFC,151.6,1.0,0.985,LINE_MODE_10,36.6,Clear
54121025,2020-01-16,17:57:05,Import,IT,PORT_20,GU,580136,MKRABRQ,Q5WK0B1,1401.85,11.5,11.485,LINE_MODE_40,39.8,Clear
92267431,2020-01-16,23:06:31,Import,CN,PORT_30,IL,620443,QD8W2DS,6ZQTY16,624.0,5.0,5.228,LINE_MODE_40,4.9,Clear
87018916,2020-01-16,12:11:16,Import,CN,PORT_10,RS,392329,NXZGW6G,WZDLSHJ,17514.3,2217.0,2279.519,LINE_MODE_10,65.3,Clear
95257661,2020-01-16,02:23:41,Import,CN,PORT_40,SV,071080,NFHCQLF,A70MDRN,21216000.0,80000.0,78456.0,LINE_MODE_10,34.0,Clear
52106091,2020-01-16,12:30:51,Import,CN,PORT_40,MG,721070,7E3XTQH,AVV6UI9,5729697.0,19710.0,20019.447,LINE_MWIDNS,57.1,Clear
14057402,2020-01-16,07:22:02,Import,JP,PORT_40,CA,842139,L21EB60,GV75CSH,754933.2,4.0,4.141,LINE_MODE_40,63.9,Clear
86041041,2020-01-16,00:53:21,Import,US,PORT_40,SV,470730,LVS4I4M,V0NQFTU,2733328.8,126543.0,125366.15,LINE_MODE_40,34.6,Clear
16997774,2020-01-16,15:20:14,Import,CN,PORT_16,UZ,901890,BM5TLTX,6HIO8TV,599828.1,2679.0,2810.807,LINE_MODE_40,7.2,Clear
74287926,2020-01-16,23:08:06,Import,CN,PORT_40,NO,853690,6XMAFQ1,KWSE1HX,235.2,6.0,5.839,LINE_MODE_40,23.0,Clear
18018454,2020-01-16,08:11:34,Import,JP,PORT_40,PY,391231,UWILZ8H,7OSA8BP,2075600.0,2000.0,2018.4,LINE_MODE_10,52.8,Clear
47915602,2020-01-16,09:45:22,Import,CN,PORT_40,CA,640610,9HDFGL2,SPCO89H,20460.8,32.0,33.126,LINE_MODE_40,63.9,Clear
51583088,2020-01-16,10:46:08,Import,JP,PORT_33,AT,820510,KTMROZ9,QG23MHO,391.68,14.4,15.008,LINE_VZIZJJ,74.5,Clear
63690012,2020-01-16,10:52:12,Import,CN,PORT_10,UZ,560312,PEJWA0Y,3M0I37R,3754112.5,4058.5,3978.142,LINE_MODE_10,33.6,Clear
64141431,2020-01-16,07:39:51,Import,CN,PORT_40,NO,853890,M1JKXOZ,DWNJQL8,3126.0,156.3,167.916,LINE_W6UCD9,2.6,Low Risk
29653419,2020-01-16,12:27:39,Import,CN,PORT_40,HN,854370,CGC11UA,K3OUMKH,120.64,10.4,9.52,LINE_MODE_40,6.1,Low Risk
79657461,2020-01-16,23:40:21,Import,IT,PORT_20,OM,321590,2K9FG1L,KKKQTH2,7263.76,95.2,93.363,LINE_MODE_10,34.0,Clear
90731243,2020-01-16,22:15:23,Import,CN,PORT_20,PL,610462,8Y8XPTK,9UVKO3A,923.9,1.0,1.04,LINE_MODE_40,66.9,Clear
53392252,2020-01-16,17:02:52,Import,US,PORT_56,NG,852580,9NCS6KL,OM0XA9D,975.92,0.4,0.384,LINE_MODE_10,20.4,Clear
78002103,2020-01-16,05:03:03,Import,FR,PORT_40,HN,200989,TVDDDNX,JAIMBCO,87030.0,300.0,302.91,LINE_H35Z1A,47.1,Clear
54505133,2020-01-16,13:26:53,Import,JP,PORT_20,CL,440719,Q39E078,XF34IOQ,1968120.0,19800.0,20685.06,LINE_MODE_40,4.2,Clear
27429695,2020-01-16,05:41:35,Import,CN,PORT_30,ZZ,850819,2TSD24C,2JUMJC8,300961.44,4305.6,4364.587,LINE_MODE_10,55.7,Clear
18485953,2020-01-16,01:27:13,Import,US,PORT_20,ZZ,321410,9KQBFDU,FJW0GJJ,40788.0,180.0,190.21,LINE_MODE_10,114.7,Low Risk
91581453,2020-01-16,19:05:33,Import,CN,PORT_13,CL,950300,Q8MAKJD,HSFB89Z,270798.31,2150.9,2117.991,LINE_MODE_10,36.6,Clear
51699243,2020-01-16,06:42:03,Import,KR,PORT_40,WS,392310,1ZNY80M,PDYT86E,761.6,238.0,247.449,LINE_MODE_40,66.9,Clear
69256645,2020-01-16,23:37:25,Import,CN,PORT_30,LV,940190,PCW8KX7,XUR1GYY,34414.54,961.3,950.437,LINE_MODE_10,39.2,Clear
30372070,2020-01-16,17:21:10,Import,US,PORT_30,IL,853710,26XIA6E,ITZ78A1,15.48,0.6,0.601,LINE_MODE_10,47.5,Clear
94986484,2020-01-16,06:12:04,Import,JP,PORT_40,PG,620339,0ZPJ81Y,1UUHDIF,3257.54,2.6,2.787,LINE_MODE_40,67.8,Low Risk
62595777,2020-01-16,17:54:57,Import,IT,PORT_20,LR,845130,1VHJG03,XHZGQIJ,26014.5,135.0,138.064,LINE_MODE_40,55.7,Clear
51656260,2020-01-16,19:37:40,Import,IT,PORT_13,MT,621520,JQQRUR3,M31P0RQ,799.2,2.0,1.825,LINE_MODE_40,8.7,Low Risk
52863363,2020-01-16,10:04:03,Import,DE,PORT_30,SI,382100,C1BHVKB,D232P6I,464.24,5.6,5.017,LINE_MODE_10,32.0,Low Risk
42027380,2020-01-16,19:36:20,Import,CN,PORT_30,KR,711719,PZB201M,2TLUM42,3397.8,42.0,41.84,LINE_MODE_10,44.2,Clear
89965231,2020-01-16,07:36:31,Import,CN,PORT_140,GG,690721,CJYENB6,7XE95N3,349740.0,52200.0,54585.54,LINE_MODE_10,10.9,Clear
32561571,2020-01-16,23:28:51,Import,IN,PORT_40,LB,320416,LVM1395,IMPGGJN,604.24,0.4,0.39,LINE_MWIDNS,24.7,Clear
63877683,2020-01-16,05:36:03,Import,CN,PORT_30,BG,071080,M7T6QNK,JABE2FY,28641600.0,108000.0,130403.52,LINE_MODE_10,99.4,Low Risk
95226203,2020-01-16,22:51:23,Import,CN,PORT_30,ES,732393,7JNCBSF,YS3CS8J,4476.4,722.0,692.903,LINE_MODE_40,14.1,Clear
82748344,2020-01-16,18:43:04,Import,FR,PORT_40,OM,420211,KC1ZGO0,KDLLHDR,7200.2,7.0,8.329,LINE_MODE_10,93.8,Low Risk
47989102,2020-01-16,10:10:22,Import,CZ,PORT_30,SD,293499,03XS8JE,SLUK7HR,3491.04,5.6,5.517,LINE_MODE_10,36.9,Clear
77081574,2020-01-16,19:56:54,Import,FR,PORT_20,LR,640520,8CD67PT,BOZ2T8T,909.12,2.4,2.518,LINE_MODE_10,13.2,Clear
65669185,2020-01-16,07:06:25,Import,CN,PORT_16,TH,420232,DFORID1,DZ1SHIO,6034.0,70.0,84.297,LINE_MODE_10,98.4,Low Risk
70939649,2020-01-16,00:11:29,Import,JP,PORT_40,NG,842420,1C7M4YL,JYBGO4Z,7.5,3.0,2.96,LINE_MODE_40,31.9,Clear
52303098,2020-01-16,03:26:18,Import,CN,PORT_40,IR,731815,2QWVROQ,KHV4JGX,281613.7,11783.0,13001.834,LINE_MODE_40,31.7,Low Risk
94588209,2020-01-16,11:54:09,Import,KR,PORT_30,AM,870870,X6GEN35,Y59VUJN,842.0,20.0,20.134,LINE_MODE_40,45.1,Clear
99377124,2020-01-16,23:09:24,Import,JP,PORT_16,PL,481141,6VREAKY,8YB4ZMN,591.36,26.4,27.454,LINE_MODE_10,104.0,Low Risk
82510638,2020-01-16,14:25:18,Import,AU,PORT_40,DJ,121490,REZ66P1,SB9VDSP,5061524.0,41420.0,42132.424,LINE_MODE_10,58.0,Clear
39570820,2020-01-16,06:33:40,Import,CN,PORT_40,SD,621149,FM9NO3G,MGQOU5F,2011.24,15.4,13.833,LINE_MODE_10,29.3,Low Risk
59011299,2020-01-16,23:25:39,Import,CN,PORT_30,AM,391190,4JJTYRL,73MLUZL,7095000.0,17200.0,17401.24,LINE_MWIDNS,54.4,Clear
90057858,2020-01-16,10:52:18,Import,CN,PORT_40,AM,392310,JYJ3P9M,7Y0FSAH,5616.0,1755.0,1767.636,LINE_MODE_10,51.4,Clear
70151231,2020-01-16,10:23:11,Import,CN,PORT_20,WS,430230,LZZS8UC,5HUOCR4,43251.5,23.0,24.051,LINE_MODE_40,4.9,Clear
36806825,2020-01-16,08:27:05,Import,DE,PORT_40,GG,170490,Q3VGT7H,F463TSU,5218768.8,8568.0,8556.862,LINE_MODE_40,39.8,Clear
63241700,2020-01-16,00:28:20,Import,FR,PORT_40,IL,600330,JBRDYDG,SXW7KJ7,21124.25,17.5,18.535,LINE_MODE_10,116.2,Low Risk
44529828,2020-01-16,18:11:48,Import,CN,PORT_40,HN,630392,VCARM98,9VBV1B6,1069.28,32.6,31.694,LINE_MWIDNS,22.3,Clear
83409441,2020-01-16,13:53:21,Import,CN,PORT_20,SV,071080,EWKP0ZU,YQT86JI,21216000.0,80000.0,79256.0,LINE_MODE_10,40.6,Clear
71673570,2020-01-16,19:19:30,Import,JP,PORT_20,IL,392690,EPIIL7G,O9QXSRZ,17.58,29.3,27.87,LINE_MODE_10,14.5,Clear
51140828,2020-01-16,19:55:08,Import,JP,PORT_40,GN,392690,0HPOW52,KPI7GNK,38236.0,1210.0,1176.362,LINE_VZIZJJ,22.3,Clear
20072423,2020-01-16,14:48:23,Import,CN,PORT_40,SI,392690,6MBHFVD,O7AFIN0,768.0,1280.0,1343.616,LINE_MODE_10,13.5,Clear
28681112,2020-01-16,23:30:32,Import,CN,PORT_40,BA,820559,OS4Q3CO,FO2K6VM,280.0,16.0,16.483,LINE_MODE_40,60.6,Clear
46811609,2020-01-16,09:57:29,Import,CN,PORT_16,UZ,550999,H28FJ0K,UT6CY00,23385.6,36.0,36.241,LINE_MODE_10,51.1,Clear
53268305,2020-01-16,05:05:05,Import,CN,PORT_40,AM,853290,96IVBMF,24B6WNV,32086.35,189.3,181.482,LINE_W6UCD9,13.4,Clear
51990185,2020-01-16,02:03:05,Import,HU,PORT_40,UZ,293499,7KGLWW5,LMHFBMC,1.32,0.4,0.407,LINE_MODE_10,59.0,Clear
55511860,2020-01-16,10:37:40,Import,US,PORT_40,GU,840999,51RX2UZ,MKP9Y8X,1569040.0,100.0,95.62,LINE_VZIZJJ,11.8,Clear
97632789,2020-01-16,21:37:09,Import,CN,PORT_30,WS,732490,RBU8WU5,CFPZY75,42208.32,342.6,348.321,LINE_MODE_10,57.7,Clear
58635350,2020-01-16,06:55:50,Import,DE,PORT_20,AM,870332,ZQ31KPQ,78IE02Z,10680096.0,1840.0,1768.608,LINE_MODE_10,21.1,Clear
45727784,2020-01-16,17:53:44,Import,CL,PORT_40,LB,230120,NYD8UZE,NLISKHO,36675000.0,150000.0,168876.0,LINE_MODE_10,43.0,Low Risk
10572763,2020-01-16,09:20:43,Import,US,PORT_30,IL,841989,GSJZ0OF,PSP8DCU,30708.3,73.5,65.842,LINE_MODE_40,26.0,Low Risk
41424523,2020-01-16,19:16:43,Import,US,PORT_40,PG,392690,2VY98AT,UPMTAEY,15.8,0.5,0.572,LINE_MWIDNS,41.2,Low Risk
98588752,2020-01-16,15:37:52,Import,US,PORT_20,GG,720441,SOLRGM3,H3MBN3A,244440.0,20370.0,23976.305,LINE_MODE_10,55.2,Low Risk
63234572,2020-01-16,17:41:32,Import,CN,PORT_62,SV,844900,XE08QFH,GFESPZQ,1235000.0,5000.0,5001.0,LINE_MODE_40,40.8,Clear
32058740,2020-01-16,18:32:20,Import,JP,PORT_40,OM,711719,JJFSY8Z,PF1L1IG,1.8,1.0,1.016,LINE_MODE_40,51.4,Clear
10131481,2020-01-16,21:34:01,Import,CN,PORT_30,LB,650500,BGXVS2O,3KKQWHO,2610.3,339.0,329.067,LINE_MODE_40,21.4,Clear
19665989,2020-01-16,17:30:29,Import,BR,PORT_40,GN,020714,EAHNZTB,0GG7OTZ,13455039.6,23004.0,23388.167,LINE_MODE_40,51.7,Clear
49812291,2020-01-16,07:20:51,Import,SE,PORT_40,MT,853690,M15WZMK,AWEYSS2,94.08,2.4,2.438,LINE_MODE_40,51.1,Clear
25623767,2020-01-16,11:14:47,Import,CN,PORT_30,MG,701790,JR90QT0,H4KDJ5R,624.0,1.5,1.467,LINE_MODE_10,32.0,Clear
43656882,2020-01-16,00:06:42,Import,DE,PORT_40,CA,960920,2KJ14Q9,DWNJQL8,11537.07,26.7,26.572,LINE_MODE_40,37.5,Clear
25912131,2020-01-16,08:24:51,Import,JP,PORT_20,AT,950639,4N1J2J3,JH86Y6C,8534.4,16.0,15.931,LINE_MODE_40,37.9,Clear
43738249,2020-01-16,09:34:49,Import,CN,PORT_20,GN,820320,G553U3V,TN0ARO6,2562.5,102.5,101.137,LINE_MODE_10,37.9,Clear
78288015,2020-01-16,07:40:15,Import,DK,PORT_151,BG,442199,OTKP290,YPN6AFW,646.4,808.0,688.626,LINE_MODE_10,14.4,Critical
30619527,2020-01-16,17:37:27,Import,CN,PORT_20,JP,611030,KRS94VR,4QC013K,519.68,5.6,6.367,LINE_MODE_10,45.7,Low Risk
78633428,2020-01-16,08:45:08,Import,US,PORT_40,MT,940290,R069SFI,O6JLM7J,3050.0,2.0,1.944,LINE_MODE_40,22.3,Clear
65717975,2020-01-16,17:19:35,Import,ZZ,PORT_20,PG,843110,GJGA9BQ,SG1N3IW,21623.0,70.0,68.159,LINE_MODE_10,29.3,Clear
56004458,2020-01-16,04:55:38,Import,JP,PORT_40,TT,401220,NM0H0BV,69Z0KLV,1664640.0,14400.0,14503.68,LINE_MODE_40,45.4,Clear
14620637,2020-01-16,20:49:17,Import,CN,PORT_20,PY,392190,7KGLWW5,UPX8K4Z,5206188.6,7881.0,7823.469,LINE_MODE_10,41.9,Clear
87920298,2020-01-16,01:06:18,Import,CN,PORT_40,OM,620342,LVM1395,0PB7T43,302.94,1.1,1.086,LINE_MWIDNS,32.2,Clear
23432920,2020-01-16,23:48:40,Import,JP,PORT_20,SD,392390,X6GEN35,1CN7YRL,83.22,43.8,44.948,LINE_MODE_10,64.0,Clear
98855026,2020-01-16,13:59:46,Import,KR,PORT_40,OM,847990,CIW3D9A,PF1L1IG,5642.5,25.0,30.466,LINE_MODE_40,97.0,Low Risk
36641997,2020-01-16,12:31:57,Import,CN,PORT_40,MN,842810,48FJ79W,0IYMXGG,291270.0,10950.0,12976.188,LINE_MWIDNS,51.1,Low Risk
30084807,2020-01-16,05:05:27,Import,KR,PORT_20,GG,852351,28IRRZY,Q33H0IP,2165.94,1.8,1.64,LINE_MODE_50,11.6,Low Risk
39178384,2020-01-16,19:57:04,Import,CN,PORT_40,IL,382479,49XYGXR,KJUQKOC,364.78,0.1,0.099,LINE_MODE_40,36.9,Clear
92595438,2020-01-16,15:45:18,Import,CN,PORT_40,NG,940490,4D6IOOS,XHPPPUI,277.2,12.0,12.206,LINE_W6UCD9,52.0,Clear
54933537,2020-01-16,01:30:57,Import,JP,PORT_40,IR,900211,MBD75A5,XRJ43AP,11751.32,1.4,1.497,LINE_MODE_10,122.8,Low Risk
59652777,2020-01-17,16:24:57,Import,ID,PORT_20,ZZ,630790,Z3YY2W1,D45MBGJ,144.44,62.8,64.226,LINE_MODE_10,61.7,Clear
70788045,2020-01-17,06:20:45,Import,CN,PORT_40,BA,850520,90H33FL,UTNPOCA,11595.96,119.3,117.952,LINE_MODE_40,33.2,Clear
23236112,2020-01-17,23:00:32,Import,CN,PORT_30,AT,392690,CT22F6G,VXL0RXW,43.8,73.0,75.205,LINE_MODE_10,66.6,Clear
34983577,2020-01-17,22:31:37,Import,CN,PORT_40,MG,392690,RTI901V,PMN0COE,3.0,5.0,6.085,LINE_MODE_10,102.4,Low Risk
51101411,2020-01-17,18:46:11,Import,CN,PORT_40,PL,382478,W6BKQ8I,U17ENFO,15537600.0,16000.0,15291.2,LINE_MODE_10,17.5,Clear
64753659,2020-01-17,10:31:39,Import,MY,PORT_12,DJ,854370,97IWPAL,26PWB2B,88.0,40.0,42.077,LINE_MODE_40,105.6,Low Risk
28844792,2020-01-17,12:58:32,Import,ID,PORT_40,IR,130219,MAHYJ16,KHOP43W,1976.0,10.0,9.902,LINE_MODE_10,40.2,Clear
14044266,2020-01-17,04:47:06,Import,VN,PORT_20,LB,621790,EAPRJGG,BWJRPQH,310.24,55.4,55.577,LINE_MODE_10,48.8,Clear
35180621,2020-01-17,02:19:41,Import,CN,PORT_20,WS,420222,FZV1RVD,FJY09YW,12.48,1.3,1.491,LINE_MODE_10,47.9,Low Risk
21556751,2020-01-17,07:55:11,Import,CN,PORT_40,AM,950691,NXZGW6G,S4A8GZF,4674.32,343.7,338.785,LINE_MODE_40,31.3,Clear
66473103,2020-01-17,18:33:03,Import,CN,PORT_30,IR,420239,Q5VP4R6,XEA5PL8,321.6,3.2,3.231,LINE_MWIDNS,53.1,Clear
51140493,2020-01-17,17:29:33,Import,PH,PORT_20,AM,847330,51SH41B,Q7Q5NE9,22279.0,5.0,4.824,LINE_MODE_10,23.4,Clear
51058326,2020-01-17,10:28:06,Import,CN,PORT_30,KR,621210,498CLFA,H1HS53K,1276.5,23.0,22.384,LINE_MODE_10,29.0,Clear
57901620,2020-01-17,23:47:00,Import,CN,PORT_20,HU,420292,L50FLGR,NZH6CRA,270.0,450.0,439.29,LINE_MWIDNS,25.0,Clear
96793053,2020-01-17,18:45:33,Import,KR,PORT_40,CL,391590,XVQO3RW,UIDV8X0,0.0,832595.0,819856.296,LINE_MODE_40,30.6,Clear
45718864,2020-01-17,12:45:04,Import,CN,PORT_30,HN,610910,N63XMF3,0L64CIX,3276.0,210.0,191.869,LINE_MODE_10,13.6,Low Risk
76930059,2020-01-17,16:51:39,Import,JP,PORT_20,CR,890399,K3XDD6I,8BUVL8Z,570750.0,1500.0,1547.55,LINE_MODE_40,61.6,Clear
19876834,2020-01-17,00:24:34,Import,CN,PORT_40,EC,940490,Q7OEUEH,DN7LBUR,10140.9,439.0,447.429,LINE_MODE_40,53.4,Clear
94031521,2020-01-17,15:08:01,Import,CN,PORT_40,MG,901910,7CYD630,26W89DR,31.2,6.0,5.704,LINE_MODE_40,8.2,Clear
94544420,2020-01-17,07:40:20,Import,CN,PORT_40,SV,850590,RMIFS15,5U5EWL2,78131.2,128.0,114.977,LINE_MWIDNS,23.3,Low Risk
36510490,2020-01-17,22:28:10,Import,CN,PORT_16,UG,392690,MZQ7M2V,76PT1S4,8.16,13.6,13.48,LINE_MODE_10,40.9,Clear
97712359,2020-01-17,04:23:19,Import,JP,PORT_30,SV,611692,QHYVP52,LCDMQZL,1845.76,6.4,6.283,LINE_MODE_40,28.6,Clear
76316273,2020-01-17,12:05:53,Import,DE,PORT_40,DJ,841330,VIPVPPY,EBAHJLA,792.68,26.6,25.927,LINE_MODE_40,24.0,Clear
98685284,2020-01-17,20:18:44,Import,PH,PORT_40,BA,760200,M1AV1L7,ZIQU1JD,523731.6,53442.0,55804.136,LINE_W6UCD9,69.9,Clear
26895426,2020-01-17,14:33:06,Import,KR,PORT_16,JP,847989,L5D8FO0,JW5G6WT,18.9,9.0,9.209,LINE_MODE_10,62.0,Clear
66675776,2020-01-17,15:58:56,Import,CN,PORT_20,SV,940310,B57RAZ5,AOB545H,216920.0,9350.0,10646.284,LINE_MODE_10,46.0,Low Risk
72551808,2020-01-17,22:04:48,Import,CN,PORT_40,TH,845180,CA78VPB,VIPORRV,1747657.45,4980.5,4452.866,LINE_MODE_10,33.9,Low Risk
18202092,2020-01-17,15:20:12,Import,CN,PORT_40,MN,902519,ZJTCOWH,SM89FYN,106.2,1.0,1.04,LINE_MODE_40,67.2,Clear
77313209,2020-01-17,02:37:29,Import,GT,PORT_40,BA,170114,DF9U4OC,1DWRP58,226172700.0,1487000.0,1496962.9,LINE_W6UCD9,45.1,Clear
51990309,2020-01-17,23:09:09,Import,CN,PORT_40,EC,940490,3QP5HIS,LM13VGG,277.2,12.0,11.48,LINE_MODE_10,18.1,Clear
28247750,2020-01-17,13:55:50,Import,CN,PORT_40,BR,330749,JJFSY8Z,O6JLM7J,88.2,14.0,13.457,LINE_W6UCD9,21.1,Clear
91074137,2020-01-17,13:54:17,Import,CN,PORT_80,NO,071080,HFVWJ5F,7W6HI9O,14366800.0,49000.0,51092.3,LINE_MWIDNS,68.9,Clear
56746829,2020-01-17,05:44:29,Import,CN,PORT_140,AT,340600,7R2ICRI,Y44119B,12284.6,257.0,291.397,LINE_OY910J,38.9,Low Risk
65181052,2020-01-17,19:42:52,Import,CN,PORT_20,BR,392690,KSAVTY9,TTSWZF1,3150.0,5250.0,5041.05,LINE_MODE_40,14.4,Clear
78137197,2020-01-17,13:38:37,Import,US,PORT_20,IR,330499,ZGPWKSF,0DUNGHD,94232.71,529.1,535.82,LINE_77BN4M,55.1,Clear
20938407,2020-01-17,16:25:27,Import,CN,PORT_20,AT,481710,SBUDOWR,ZC7MBCO,9.46,2.2,2.107,LINE_MODE_10,18.8,Clear
26766174,2020-01-17,11:26:54,Import,CN,PORT_21,UG,392690,UKDFKBY,QL82THZ,366.6,611.0,641.061,LINE_MAD31N,9.2,Clear
80079689,2020-01-17,19:05:29,Import,CN,PORT_40,TH,940360,3Z5L1PO,23RIU88,319.5,45.0,43.502,LINE_MODE_10,24.7,Clear
23966698,2020-01-17,06:52:58,Import,VN,PORT_40,UZ,420231,RTI901V,WZKXAUS,1354639.2,38.0,37.514,LINE_MODE_10,38.2,Clear
91868865,2020-01-17,02:07:45,Import,IT,PORT_30,CL,420231,1E7DTR5,NME7L1Q,1248.7,1.0,0.979,LINE_MODE_40,26.6,Clear
51825994,2020-01-17,11:10:34,Import,CN,PORT_30,GG,902750,G330M14,DN4D1IF,17046.0,10.0,10.392,LINE_B12OMY,66.6,Clear
28141975,2020-01-17,16:52:55,Import,CN,PORT_40,SI,560394,FFS7ADH,Y14YWDO,4213.5,795.0,774.092,LINE_MODE_40,23.3,Clear
87160436,2020-01-17,14:09:56,Import,DE,PORT_80,ZZ,850152,GDWQ56D,KQBEAXF,2495.7,177.0,159.983,LINE_MODE_10,21.7,Low Risk
56395671,2020-01-17,16:03:51,Import,CN,PORT_40,CL,854370,EHQSRSG,OIMCNMG,2331.0,92.5,94.877,LINE_MODE_40,57.7,Clear
60226813,2020-01-17,00:08:13,Import,CN,PORT_80,MG,292800,5G9VLBL,Z2Y3B7A,7372000.0,10000.0,10047.0,LINE_MODE_40,43.8,Clear
87677261,2020-01-17,16:43:41,Import,JP,PORT_20,UZ,330499,2UJDS7V,FLCRF0Z,29920.8,168.0,164.758,LINE_MODE_10,34.0,Clear
56726253,2020-01-17,09:05:33,Import,DE,PORT_16,NO,490890,QQJ2PFV,FE8KX3Y,56.58,0.1,0.098,LINE_MODE_40,30.6,Clear
14842448,2020-01-17,21:02:08,Import,ES,PORT_20,IL,841981,7S59D61,8GENMO2,157680.0,720.0,692.784,LINE_MODE_10,21.7,Clear
91117010,2020-01-17,01:36:50,Import,ES,PORT_20,CL,611510,NXZGW6G,S3NZR6G,37516.18,31.3,32.277,LINE_MODE_40,61.3,Clear
78605233,2020-01-17,21:15:13,Import,CN,PORT_30,GG,840490,YGJMXS9,UFO3ZSU,6039539.8,5938.0,5906.529,LINE_MODE_10,43.2,Clear
83415532,2020-01-17,04:50:52,Import,JP,PORT_40,OM,871310,WKL6C0Q,DWNJQL8,225188.34,522.6,631.844,LINE_W6UCD9,93.9,Low Risk
15509022,2020-01-17,17:15:42,Import,JP,PORT_40,KR,950300,XIKK7OW,H0EUU6L,12036.0,20.0,20.504,LINE_MODE_40,57.3,Clear
70321215,2020-01-17,02:40:15,Import,KR,PORT_40,OM,851829,ICNDQX8,SVLTV8F,1859.46,1.7,1.554,LINE_W6UCD9,7.3,Low Risk
13155035,2020-01-17,04:30:35,Import,MX,PORT_20,DJ,850152,J1LI8XR,V6XEK3S,298.92,21.2,22.126,LINE_MODE_10,75.5,Clear
54269853,2020-01-17,14:45:33,Import,IT,PORT_16,BA,420212,XZ2CD1J,2HWWR9F,7446.0,60.0,59.082,LINE_MODE_10,36.6,Clear
41719982,2020-01-17,23:25:02,Import,CN,PORT_20,CR,851830,B37F17Z,AG2ZHIR,432.8,4.0,4.181,LINE_MODE_10,10.5,Clear
85817257,2020-01-17,22:59:37,Import,CN,PORT_20,UG,841459,KBKFC75,BGE7F6K,230760.0,3600.0,3217.356,LINE_MODE_10,34.3,Low Risk
80323780,2020-01-17,14:49:40,Import,CN,PORT_16,ZZ,630140,QTLO29D,G53JCLN,769.5,15.0,14.943,LINE_MODE_40,38.2,Clear
36798822,2020-01-17,11:05:42,Import,IT,PORT_30,MG,210690,BFMYR2G,FO2K6VM,6325.0,50.0,51.26,LINE_MODE_10,63.3,Clear
99325201,2020-01-17,13:36:01,Import,US,PORT_16,HN,010619,66KN9IB,ACOO8YQ,64942.8,6.0,6.064,LINE_B12OMY,49.8,Clear
20670031,2020-01-17,14:56:31,Import,TW,PORT_10,HN,390730,2PA9DFM,IWPIIW4,3375744.0,960.0,1003.872,LINE_MODE_10,10.9,Clear
37932243,2020-01-17,06:32:03,Import,FR,PORT_20,NO,340111,Q9QUB3B,TG0EF7J,5557.5,25.0,25.993,LINE_MODE_40,66.9,Clear
94917751,2020-01-17,15:18:31,Import,CN,PORT_20,MG,850610,BQBBZAC,1DWRP58,2158367.22,9797.4,9657.297,LINE_MODE_10,37.3,Clear
72519607,2020-01-17,03:12:07,Import,CN,PORT_40,GU,071080,S7Q6MDF,SMPOM2X,21216000.0,80000.0,76616.0,LINE_MODE_10,18.8,Clear
72998323,2020-01-17,05:46:43,Import,IT,PORT_13,BR,870323,FLTJGXS,VMBKLHX,9023612.5,1405.0,1404.578,LINE_MODE_10,46.5,Clear
93336420,2020-01-17,02:47:00,Import,JP,PORT_40,BR,391590,ZZQ3HYY,FVI4U22,0.0,24158.0,23583.04,LINE_MODE_40,25.0,Clear
14089602,2020-01-17,10:58:42,Import,CH,PORT_30,UG,848180,UT4RVXS,HXN5Z29,591.56,0.2,0.207,LINE_MODE_10,69.9,Clear
23615697,2020-01-17,14:06:57,Import,KR,PORT_20,TT,852351,3Z5L1PO,N3O3WA2,3248.91,2.7,2.599,LINE_MODE_40,16.1,Clear
33308844,2020-01-17,06:51:24,Import,SG,PORT_20,NG,900290,6VQP8VE,04S212P,20114.77,43.1,41.557,LINE_MODE_10,23.1,Clear
72546500,2020-01-17,09:08:20,Import,JP,PORT_20,PL,380991,UQHPTK5,TRC46B7,366912.0,2016.0,2088.979,LINE_MODE_10,70.6,Clear
85770349,2020-01-17,17:09:49,Import,CN,PORT_20,NG,852580,QIXWVLH,RZM2Z77,731.94,0.3,0.311,LINE_MODE_10,70.9,Clear
49199460,2020-01-17,14:31:00,Import,CN,PORT_20,GU,441912,PCW8KX7,XOGGBMY,9743456.0,20855.0,19941.551,LINE_MODE_10,17.8,Clear
59328508,2020-01-17,19:36:28,Import,CN,PORT_40,LR,392690,PQ58CLS,CJWWZ5W,30.0,50.0,51.61,LINE_MODE_10,67.9,Clear
81488740,2020-01-17,02:25:40,Import,CR,PORT_40,WS,901910,FQ02U1K,148RY89,60.39,3.3,3.353,LINE_MODE_10,57.4,Clear
75203026,2020-01-17,19:59:46,Import,DE,PORT_40,GN,820780,N1XESJP,5N2EK7U,92220.3,57.0,58.322,LINE_MODE_40,56.0,Clear
69062791,2020-01-17,01:22:31,Import,MX,PORT_10,BR,681510,RD8P489,5Q1I9TI,8416.0,80.0,77.256,LINE_MODE_40,18.1,Clear
58919884,2020-01-17,19:42:04,Import,CN,PORT_40,ES,392690,0YIO2O8,XVV8TAI,16.2,27.0,28.193,LINE_MODE_10,75.9,Clear
21037138,2020-01-17,17:06:58,Import,IT,PORT_20,FJ,640419,VL79HPR,3QL3H8O,1606.8,6.0,5.803,LINE_MODE_10,25.0,Clear
83547607,2020-01-17,02:32:07,Import,US,PORT_30,BA,854231,BFMYR2G,AP43H42,202.82,0.1,0.096,LINE_MODE_10,18.8,Clear
54067876,2020-01-17,11:07:16,Import,CN,PORT_30,MN,391740,78RKRD4,H1I7Z83,204.9,3.0,3.145,LINE_MODE_40,6.5,Clear
62070552,2020-01-17,05:01:12,Import,DE,PORT_40,IL,901890,V996LBA,18PHT4F,12273660.9,1874.7,1893.822,LINE_MWIDNS,53.4,Clear
23512510,2020-01-17,23:55:10,Import,CN,PORT_20,MG,291511,IWH4YJJ,X2RAKC0,3699840.0,19200.0,18839.04,LINE_MODE_10,34.3,Clear
59678108,2020-01-17,07:23:08,Import,CN,PORT_82,WS,382499,CEQKMX1,HU6CSBB,8775.0,130.0,134.186,LINE_JZQYAK,63.9,Clear
49686797,2020-01-17,17:25:17,Import,DE,PORT_20,PL,392630,PP8ZEXF,9NJX8CU,11375.0,455.0,460.778,LINE_MODE_10,55.1,Clear
24617353,2020-01-17,16:37:13,Import,DE,PORT_40,GN,850440,H9JFFP2,TYPPLMV,32933.1,75.5,78.12,LINE_MWIDNS,69.6,Clear
50513101,2020-01-17,10:41:01,Import,US,PORT_30,NG,630720,YFMRO92,CSVOSSG,16060.0,40.0,38.428,LINE_MODE_40,14.8,Clear
86034205,2020-01-17,12:03:25,Import,CN,PORT_40,MN,570330,BNS67YA,JBBMVLK,699068.7,7953.0,8022.191,LINE_W6UCD9,46.4,Clear
83307574,2020-01-17,16:03:34,Import,CN,PORT_40,SV,390461,202D60E,VIOKHPG,5390.0,5.0,5.086,LINE_MODE_10,10.7,Low Risk
62893239,2020-01-17,01:44:39,Import,JP,PORT_20,MN,847990,67JPDLY,FONRRDB,105627.6,468.0,487.516,LINE_MODE_10,74.2,Clear
80715983,2020-01-17,20:14:23,Import,CN,PORT_40,ZZ,620640,8ZWCJTT,5RQ0VK6,382.0,20.0,19.394,LINE_MODE_10,26.7,Clear
47169914,2020-01-17,08:29:14,Import,DE,PORT_20,LR,901819,WFXVLN9,96015L9,8191.1,10.1,9.89,LINE_MODE_40,27.0,Clear
51455195,2020-01-17,19:26:35,Import,DE,PORT_20,SV,842490,L47LSJF,44A6UHR,5654.4,19.2,18.503,LINE_MODE_10,22.7,Clear
67297538,2020-01-17,13:53:38,Import,CN,PORT_30,JP,600632,8ZUGGKI,7UXMIRC,150432.66,1404.6,1270.545,LINE_MODE_10,21.1,Low Risk
51964326,2020-01-17,14:08:06,Import,CN,PORT_40,AT,940591,1VHJG03,J7H5HEL,2755.0,50.0,45.018,LINE_MODE_10,24.6,Low Risk
89364666,2020-01-17,07:07:06,Import,CN,PORT_40,DJ,071080,35WS6H7,OD9KMHM,21216000.0,80000.0,92371.2,LINE_MWIDNS,43.8,Low Risk
93641649,2020-01-17,04:58:09,Import,US,PORT_30,FJ,760692,YNUIVMW,TDQDK0U,179244.0,260.0,286.478,LINE_MODE_10,37.3,Low Risk
58081619,2020-01-17,10:30:59,Import,CN,PORT_16,CA,420222,7QS0RIE,WN7B3HD,960083.28,2829.6,2692.93,LINE_GVKCEG,8.8,Clear
95859223,2020-01-17,08:01:43,Import,CN,PORT_20,TT,420221,XSCA6RD,MCFTDUF,277.2,9.0,9.447,LINE_MODE_10,13.5,Clear
90710672,2020-01-17,05:56:32,Import,JP,PORT_20,BG,950300,H27ZHR5,BBZCDKB,631.2,2.4,2.28,LINE_MODE_10,13.8,Clear
16886774,2020-01-17,00:30:14,Import,CN,PORT_40,GG,950670,9RJXEN2,ML90HDX,11322.0,18.0,18.886,LINE_MODE_40,7.2,Clear
92875991,2020-01-17,18:49:11,Import,US,PORT_30,FJ,392310,YIXURHR,I7U6PY4,7195.84,2248.7,2171.57,LINE_MODE_10,24.1,Clear
74349970,2020-01-17,13:26:10,Import,VN,PORT_40,UZ,610990,0G0200R,8BMHE63,12.5,0.2,0.19,LINE_W6UCD9,8.5,Clear
47034302,2020-01-17,11:37:02,Import,NL,PORT_20,WS,392690,BE697VZ,HHSO7K7,2261.94,3769.9,3714.105,LINE_MODE_10,36.9,Clear
66357803,2020-01-17,19:51:23,Import,CN,PORT_80,RS,620640,TC78TU0,5YE5KJM,57.3,3.0,2.879,LINE_A5IT1U,20.1,Clear
19888000,2020-01-17,23:06:40,Import,TW,PORT_20,SD,901380,W67AFBX,N3E5VBU,6162.0,195.0,214.547,LINE_MODE_10,36.9,Low Risk
65339507,2020-01-17,15:23:47,Import,KR,PORT_40,BR,854239,BDJWVVI,OQY4ZUC,150.48,3.6,4.209,LINE_MODE_40,47.3,Low Risk
20850637,2020-01-17,04:42:37,Import,DE,PORT_30,SI,870210,5G9VLBL,CRBTT1X,7385.2,1996.0,1981.429,LINE_MODE_10,41.9,Clear
54345018,2020-01-17,18:38:18,Import,JP,PORT_40,SD,961900,IGUIMWR,9TG9HU1,198.05,0.5,0.514,LINE_MODE_40,58.6,Clear
91115736,2020-01-17,15:31:36,Import,US,PORT_30,BA,940320,CAX5FQH,B372BYW,1870.0,220.0,264.581,LINE_MODE_10,97.9,Low Risk
85410949,2020-01-17,05:19:49,Import,JP,PORT_20,CR,442010,9S6ZLUI,UXX1AJX,45.2,2.0,2.12,LINE_MODE_10,116.7,Low Risk
75226032,2020-01-17,11:19:12,Import,CN,PORT_39,BA,841459,US4ABZL,LC6Q2KQ,5615.16,87.6,84.99,LINE_MC8NDR,27.0,Clear
41856408,2020-01-17,15:34:48,Import,CN,PORT_20,LB,851810,LPHFCHL,SZ07W7Z,1376693.2,718.0,641.935,LINE_MODE_10,33.9,Low Risk
63498778,2020-01-17,04:00:58,Import,DE,PORT_30,FJ,320611,JGIPC4G,AM05MDE,99520.0,200.0,209.44,LINE_MODE_40,5.8,Clear
66570559,2020-01-17,17:53:19,Import,CN,PORT_30,SI,551612,J1QD5ZU,15FJDZI,543250.0,410.0,402.497,LINE_MODE_10,34.6,Clear
60321979,2020-01-17,06:10:19,Import,CN,PORT_20,RS,321590,NBFN0CQ,LPWGCTQ,18312.0,240.0,216.338,LINE_MODE_10,23.7,Low Risk
42593460,2020-01-17,03:31:00,Import,US,PORT_20,GN,420292,IWH4YJJ,IRDFQR7,2.28,3.8,3.634,LINE_MODE_10,17.8,Clear
83171232,2020-01-17,10:19:12,Import,CN,PORT_40,AT,851770,B8I1POB,1XCM1XF,3184.5,15.0,14.553,LINE_MODE_40,21.0,Clear
24266552,2020-01-17,05:14:32,Import,CN,PORT_40,BR,960610,IZ9D7IK,JW5G6WT,2380.15,131.5,132.841,LINE_MODE_40,47.4,Clear
44923605,2020-01-17,05:46:45,Import,CN,PORT_33,PG,160419,F014D5P,8JZT5CE,42094800.0,22000.0,22191.4,LINE_MODE_10,52.4,Clear
54244876,2020-01-17,04:17:16,Import,CA,PORT_40,LR,392610,J9A8W1K,R5TENLJ,17986.5,105.0,110.061,LINE_MODE_40,6.5,Clear
64919199,2020-01-17,04:30:39,Import,JP,PORT_30,PY,320820,2F9P4ZV,096LUDP,50760000.0,43200.0,39243.312,LINE_MODE_10,17.9,Low Risk
36206135,2020-01-17,19:35:35,Import,VN,PORT_40,CR,520849,VFI0GMT,SQAAOG6,5890747.32,3608.2,3585.468,LINE_MODE_10,42.5,Clear
17786018,2020-01-17,12:41:38,Import,CN,PORT_30,CA,611693,NEIJTZG,ILSUA9Y,26940.36,272.4,279.809,LINE_MODE_10,64.6,Clear
16482133,2020-01-17,16:50:13,Import,CN,PORT_62,BR,901510,PY7XMR6,7PN0VA5,381420.0,300.0,313.41,LINE_MODE_40,4.2,Clear
31298793,2020-01-17,05:54:33,Import,JP,PORT_40,PL,392690,L0OYQCH,OACSQAD,1.8,3.0,3.044,LINE_MODE_10,56.4,Clear
88676402,2020-01-17,22:52:02,Import,CN,PORT_40,PL,531090,6FHN7Y9,51PCJ7B,82269.6,168.0,177.663,LINE_MODE_10,115.2,Low Risk
47676455,2020-01-17,13:47:35,Import,DE,PORT_20,FJ,847990,TC8KDN0,9UVKO3A,24827.0,110.0,116.063,LINE_MODE_10,113.7,Low Risk
49720617,2020-01-17,09:28:57,Import,CN,PORT_40,BR,854449,V7U7NA0,OZB7KED,1808.04,5.7,5.715,LINE_VZIZJJ,42.5,Clear
25945749,2020-01-17,12:33:09,Import,KR,PORT_40,BG,160561,UJ7ION1,MHL4F2V,4738912.0,320.0,339.174,LINE_W6UCD9,110.7,Low Risk
92610692,2020-01-17,01:43:32,Import,JP,PORT_62,KE,392350,WPPJFT5,2V3VKT1,3.8,0.5,0.52,LINE_EIZP3I,73.2,Clear
32365641,2020-01-17,11:03:21,Import,US,PORT_20,CA,847989,UQS520K,WRC110G,151.2,72.0,80.254,LINE_MODE_40,34.3,Low Risk
38622100,2020-01-17,23:01:40,Import,JP,PORT_40,MT,290539,IFE21CP,LTF1VVO,4953000.0,19500.0,20205.9,LINE_MODE_10,70.6,Clear
16696931,2020-01-17,13:58:11,Import,GB,PORT_20,RS,300490,S9S4I9X,HI9I0GB,111.2,0.4,0.398,LINE_MODE_40,37.9,Clear
21084157,2020-01-17,13:34:37,Import,KR,PORT_10,CL,740400,FONQG0K,WTW9Q8F,24544.0,4160.0,4296.032,LINE_MODE_10,68.3,Clear
85586438,2020-01-17,18:08:38,Import,CN,PORT_16,NG,950300,WXD9K6R,2B2XIJP,18732.0,280.0,284.816,LINE_VZIZJJ,52.0,Clear
58352927,2020-01-17,14:40:47,Import,IT,PORT_20,PY,420222,Z19EZE9,TOBJ7H7,3035.24,2.6,2.956,LINE_MODE_10,45.7,Low Risk
33875720,2020-01-17,23:15:20,Import,AU,PORT_20,SV,470720,VJXVU88,SG3OO65,1610392.0,20860.0,21406.532,LINE_MWIDNS,64.0,Clear
85338601,2020-01-17,00:26:01,Import,GB,PORT_30,SD,847150,0MNMNV8,32RVS06,1241.52,5.6,5.66,LINE_MODE_10,53.8,Clear
86021603,2020-01-17,02:01:23,Import,CN,PORT_50,HN,851770,VIPROA0,W4IKNZI,1851.0,10.0,9.098,LINE_MODE_40,10.7,Low Risk
21846847,2020-01-17,23:26:07,Import,DE,PORT_30,IL,870324,0LCLR60,GMZMYBP,11700.0,2250.0,2334.825,LINE_MODE_10,71.6,Clear
82292325,2020-01-17,17:58:45,Import,DE,PORT_40,PG,853710,O2RC3WZ,QDUSBFS,60.1,0.2,0.21,LINE_MODE_40,6.8,Clear
22303520,2020-01-17,00:45:20,Import,CN,PORT_20,BG,940389,6NOJ404,U5GQY4C,11020.0,1450.0,1487.99,LINE_MODE_10,64.0,Clear
68769391,2020-01-17,15:52:31,Import,CN,PORT_40,UG,620821,0YE2UXN,1LJJW3H,10136.0,56.0,54.079,LINE_MODE_10,24.1,Clear
63421458,2020-01-17,03:52:18,Import,CN,PORT_20,SD,200899,BO1OHDZ,1MTE7FG,988756.2,23598.0,23767.906,LINE_MODE_10,51.4,Clear
56062277,2020-01-17,04:23:17,Import,CN,PORT_40,ZZ,820750,V0UTN69,Y734VNB,797101.8,267.0,259.711,LINE_MODE_40,22.7,Clear
89733112,2020-01-17,03:43:52,Import,FR,PORT_20,MG,970300,X0LS543,YQOQU6W,1699.5,30.9,32.43,LINE_MODE_40,104.1,Low Risk
30934120,2020-01-17,11:28:40,Import,JP,PORT_20,CR,853949,UOY4WRJ,6WFAQF8,4211.25,2.5,2.566,LINE_MODE_10,64.0,Clear
43029823,2020-01-17,13:11:43,Import,KH,PORT_40,MG,610610,QJXTKV6,0BYUS3N,15272.01,35.1,36.844,LINE_MODE_10,13.5,Clear
73100610,2020-01-17,07:43:30,Import,KR,PORT_30,NO,900120,AFE7ZX1,L9YZVUH,896.22,2.6,2.681,LINE_MODE_30,63.3,Clear
43940056,2020-01-17,09:50:16,Import,IT,PORT_33,FJ,630790,V3AX8Q8,H9NE890,6.9,3.0,2.875,LINE_MODE_50,15.1,Clear
34626211,2020-01-17,07:39:31,Import,CN,PORT_40,RS,392329,2FLLZQS,IWSDF6W,2701.8,342.0,326.849,LINE_MODE_40,11.5,Clear
98588986,2020-01-17,12:05:46,Import,US,PORT_40,IR,970200,7OME9ML,OZB7KED,56901.0,30.0,31.296,LINE_MODE_40,69.2,Clear
95434529,2020-01-17,20:19:29,Import,CN,PORT_20,LV,853690,T4XNNNB,0T7ROTC,8937.6,48.0,50.242,LINE_MODE_10,11.5,Clear
59050457,2020-01-17,06:26:17,Import,GB,PORT_40,SV,010620,BES92ZL,LC2CIII,19547.1,3.0,2.948,LINE_MODE_10,35.3,Clear
40544804,2020-01-17,14:10:44,Import,HK,PORT_20,BR,851770,T0TOOB3,4Q3ODR3,469.2,2.0,1.968,LINE_MODE_10,36.3,Clear
49493853,2020-01-17,16:05:33,Import,CN,PORT_16,LB,850790,IBRB3RT,F73TQWJ,3013.2,558.0,549.463,LINE_MODE_10,36.6,Clear
35440843,2020-01-17,05:08:43,Import,CN,PORT_20,LV,440890,EJ3XXHM,WPN0LAZ,36025753.5,17985.0,18699.005,LINE_MODE_10,72.9,Clear
65916776,2020-01-17,13:08:56,Import,CN,PORT_30,NG,842199,ZKFXYUA,U9TXABJ,2320.0,400.0,455.456,LINE_MODE_10,46.0,Low Risk
78691310,2020-01-17,10:01:50,Import,JP,PORT_40,MN,961900,0MMPJRV,CWOOK3M,198.05,0.5,0.491,LINE_MODE_10,34.3,Clear
75647835,2020-01-17,22:17:15,Import,CN,PORT_20,WS,847160,8V46M5H,1NYE9WJ,1420.2,6.0,6.262,LINE_MODE_10,75.5,Clear
49165993,2020-01-17,11:41:13,Import,IT,PORT_20,NO,420221,RJZFZS7,WFQJJE8,30.8,1.0,1.015,LINE_MODE_10,56.4,Clear
49505917,2020-01-17,20:30:37,Import,JP,PORT_40,HN,901890,LO774WZ,7PN0VA5,2910.7,13.0,12.385,LINE_MODE_10,15.5,Clear
14265786,2020-01-17,02:19:06,Import,JP,PORT_20,MN,900490,QHQHQFV,QKYMABG,6638.6,2.0,2.086,LINE_MODE_10,75.2,Clear
20224185,2020-01-17,20:49:45,Import,VN,PORT_30,ZZ,250510,IEKR5A0,GAS0PTI,237600000.0,11000000.0,11205700.0,LINE_MODE_40,53.0,Clear
29574997,2020-01-17,12:08:37,Import,CN,PORT_40,SD,392690,UIBL85Z,AEQWRG4,17.4,29.0,29.368,LINE_MODE_10,55.1,Clear
95542183,2020-01-17,23:57:43,Import,TW,PORT_30,CL,846799,ME5MFEM,YN8OEOK,17230.08,44.8,40.446,LINE_MODE_10,22.5,Low Risk
10544776,2020-01-17,05:22:16,Import,CN,PORT_16,TH,090421,65FVBWQ,K1LCNE0,9796400.0,9500.0,9482.9,LINE_MWIDNS,39.5,Clear
18162777,2020-01-17,11:24:57,Import,IT,PORT_30,UG,611090,W2MRIVJ,PDYT86E,6.84,1.8,1.841,LINE_MODE_40,55.7,Clear
85684740,2020-01-17,21:19:00,Import,JP,PORT_20,MT,291612,U7S5AC3,AHR2AID,12920000.0,16000.0,16259.2,LINE_MODE_10,57.4,Clear
93347339,2020-01-17,22:32:59,Import,CN,PORT_20,TH,940490,LR219J3,NOKWE8B,11781.0,510.0,505.767,LINE_MODE_10,41.2,Clear
77927293,2020-01-17,20:56:13,Import,CN,PORT_40,SD,950300,22JV8UE,3FPEL39,104160.0,1200.0,1157.64,LINE_MODE_40,17.4,Clear
69436319,2020-01-17,16:35:59,Import,CN,PORT_30,IR,910599,G1GT3NO,GGDP5TZ,469.5,3.0,3.005,LINE_MODE_40,41.8,Clear
10520819,2020-01-17,15:10:59,Import,CN,PORT_20,IL,950300,EY31TF8,AR39HJ3,32875.0,125.0,107.082,LINE_MODE_10,13.2,Critical
17736810,2020-01-17,04:53:30,Import,CN,PORT_20,EC,320417,QUX9DYP,PDBU3OC,19171200.0,16000.0,16499.2,LINE_MODE_10,67.3,Clear
11737661,2020-01-17,10:23:41,Import,US,PORT_20,ES,391000,EJ3XXHM,CKEOZ2N,384.36,0.4,0.392,LINE_MODE_10,34.0,Clear
44417127,2020-01-17,02:17:27,Import,SE,PORT_40,SV,490199,WM4U6TF,6C9ZZQU,3.96,1.1,1.097,LINE_MWIDNS,39.2,Clear
18989862,2020-01-17,00:09:42,Import,JP,PORT_30,AT,940179,C9CG60F,T1AQKZY,693.1,29.0,29.151,LINE_MODE_40,44.1,Clear
56184631,2020-01-17,08:06:31,Import,IT,PORT_20,CA,611090,J4HE1D5,Y0ORPFY,6.84,1.8,1.882,LINE_MODE_10,10.9,Clear
29259492,2020-01-17,14:50:12,Import,US,PORT_30,HU,711719,9U31JV5,46EOS1L,1.62,0.9,0.936,LINE_MODE_10,73.2,Clear
13498908,2020-01-17,14:29:48,Import,TH,PORT_40,OM,680530,61CKPXF,US07BHG,3654.64,8.8,9.083,LINE_MODE_10,67.9,Clear
98750667,2020-01-17,10:56:27,Import,CN,PORT_30,CR,940179,L9MV90N,0A0CV6F,1434.0,60.0,61.662,LINE_MODE_10,65.0,Clear
51202099,2020-01-17,16:52:19,Import,JP,PORT_40,GU,820559,FWVNMKK,JCOOTQY,19.25,1.1,1.113,LINE_MODE_10,54.4,Clear
64907737,2020-01-17,22:47:37,Import,CN,PORT_20,TT,620433,3KUEWHW,8C011U3,37710.0,150.0,160.428,LINE_MODE_10,122.8,Low Risk
36909058,2020-01-17,01:58:58,Import,IT,PORT_40,NO,841459,BM5TLTX,NUWS5CF,4692.12,73.2,73.727,LINE_MODE_40,45.4,Clear
89984210,2020-01-17,06:56:50,Import,CN,PORT_30,DJ,852351,PICJI0I,8QME8Z4,15642.9,13.0,13.406,LINE_MODE_10,67.3,Clear
18069763,2020-01-17,03:50:43,Import,JP,PORT_30,DJ,901819,WPVTUQ4,N66QKKU,6488.0,8.0,7.838,LINE_MODE_10,33.3,Clear
61419561,2020-01-17,01:35:21,Import,CN,PORT_40,ZZ,961610,TXTIFBM,MB06XRW,1.69,0.1,0.105,LINE_A5IT1U,110.6,Low Risk
65845514,2020-01-17,04:09:14,Import,MY,PORT_30,JP,903040,51V6028,80B5Z0E,1048226.4,104.0,93.201,LINE_MODE_10,31.6,Low Risk
30246240,2020-01-17,09:44:00,Import,US,PORT_33,KR,871499,PCHDO5A,9SF3QQI,107.2,16.0,15.459,LINE_MODE_40,18.4,Clear
52827148,2020-01-17,05:40:28,Import,KR,PORT_40,CA,848071,9KQBFDU,A7POIBB,29071.0,70.0,70.854,LINE_MODE_40,48.7,Clear
20753665,2020-01-17,02:34:25,Import,US,PORT_30,MT,870324,D9117A8,BVAJMF0,24112.0,2740.0,2681.638,LINE_MODE_10,32.6,Clear
34287980,2020-01-17,21:46:20,Import,CN,PORT_40,ZZ,420229,TNJ4HOF,IXHGLHQ,128.0,3.2,3.188,LINE_MODE_40,38.2,Clear
89210960,2020-01-17,10:09:20,Import,US,PORT_30,GU,271019,5EJ36OK,9UVKO3A,22398.7,43.0,43.267,LINE_MODE_10,50.8,Clear
57637142,2020-01-17,12:51:02,Import,CN,PORT_20,LV,950300,O7XIQDY,7UXMIRC,251.8,2.0,1.93,LINE_MODE_10,23.7,Clear
98995197,2020-01-17,12:51:57,Import,CN,PORT_20,ZZ,961900,F3VHSLH,U4OD3VB,12992.08,32.8,33.217,LINE_MODE_10,55.1,Clear
60619761,2020-01-17,03:25:21,Import,CN,PORT_20,ZZ,847149,1FSAJPY,R2AJ2DK,737.2,0.8,0.825,LINE_MODE_10,67.0,Clear
37991807,2020-01-17,06:48:47,Import,CN,PORT_20,HN,911120,P3AUP3U,H1I7Z83,196.68,0.3,0.273,LINE_MODE_10,15.6,Low Risk
74132437,2020-01-17,21:12:37,Import,CN,PORT_40,UG,761699,RF6M1Z9,OZB7KED,2500.0,200.0,198.54,LINE_MODE_40,35.9,Clear
74221483,2020-01-17,01:32:43,Import,CN,PORT_40,PG,732393,H2IX99H,Q7NCVQX,297.6,48.0,48.946,LINE_MODE_10,59.7,Clear
52388580,2020-01-17,04:23:00,Import,CN,PORT_30,UZ,620463,RMNINYE,Z8Q2ORL,65.8,1.0,0.996,LINE_MODE_10,44.2,Clear
26064499,2020-01-17,02:12:19,Import,CN,PORT_20,CR,620630,1PYVRPD,UM0A3XS,11934.0,54.0,54.632,LINE_MODE_10,54.4,Clear
30738014,2020-01-17,00:04:14,Import,CN,PORT_40,SI,847190,9EFEUJO,BK79DX4,14706.36,32.4,33.346,LINE_MWIDNS,60.0,Clear
92009825,2020-01-17,22:37:05,Import,CN,PORT_40,MT,620463,RP4LPS5,Z64QME2,7619.64,115.8,115.649,LINE_MODE_10,45.8,Clear
35479973,2020-01-17,16:40:53,Import,DE,PORT_30,LV,842199,AK2KT7S,8DDG2A9,319.0,55.0,56.358,LINE_MODE_10,63.0,Clear
74748471,2020-01-17,02:03:51,Import,IT,PORT_20,SI,870194,LCY1X7I,MYKRWJU,4567560.0,5100.0,5231.07,LINE_MODE_10,63.7,Clear
21337011,2020-01-17,17:32:51,Import,US,PORT_20,MG,901832,AXK5RQQ,ZILETXN,221.01,0.1,0.096,LINE_MODE_10,17.5,Clear
25197008,2020-01-17,09:18:08,Import,VN,PORT_20,KR,940360,4F4B99F,5D5CNQV,14200.0,2000.0,1964.4,LINE_MODE_10,34.9,Clear
11948086,2020-01-17,13:10:46,Import,US,PORT_30,MN,848620,RZT0LFO,GN1AUHX,6741.0,1.5,1.49,LINE_MODE_40,36.2,Clear
29815469,2020-01-17,04:48:29,Import,MM,PORT_30,PG,420299,XG03PX7,9G8M133,38.8,4.0,3.592,LINE_MODE_10,29.7,Low Risk
26261210,2020-01-17,10:06:50,Import,CN,PORT_20,PY,560749,AFIOC3F,RQFWZM0,2760.0,30.0,30.936,LINE_MODE_10,67.3,Clear
22480440,2020-01-17,20:34:00,Import,US,PORT_40,KR,381129,HRNIGL3,XLSPC6C,1684521.6,1816.0,1754.619,LINE_MODE_10,24.4,Clear
18380683,2020-01-18,10:12:43,Import,IN,PORT_30,LR,292151,Y4D8CGV,ACIWT2X,8947500.0,15000.0,15295.5,LINE_MODE_10,59.7,Clear
16208226,2020-01-18,05:53:06,Import,CN,PORT_30,GU,940169,GMXWA3D,XKRWLGX,287200.0,4000.0,4092.8,LINE_MWIDNS,62.0,Clear
89879514,2020-01-18,18:55:54,Import,CN,PORT_40,TT,854110,F3VHSLH,HHMCYU0,2417.85,24.3,23.795,LINE_MODE_40,27.0,Clear
78599485,2020-01-18,10:51:25,Import,CN,PORT_30,PG,870899,64Z9LNC,R1TAEYQ,189.0,27.0,26.155,LINE_MODE_10,26.0,Clear
95146193,2020-01-18,18:37:53,Import,CN,PORT_40,UG,620463,KGR47BK,QSEJHGV,1447.6,22.0,22.323,LINE_MODE_40,50.4,Clear
45282634,2020-01-18,17:34:34,Import,CN,PORT_40,BG,620453,3T9RU56,4YJMNDP,760.0,19.0,19.365,LINE_MODE_40,53.4,Clear
58656491,2020-01-18,13:24:11,Import,CN,PORT_20,SV,420222,2VNJ8S2,FTZJMS7,3.84,0.4,0.406,LINE_MODE_10,57.1,Clear
17761821,2020-01-18,06:26:21,Import,AT,PORT_30,BA,851680,MGI7MW1,JGQ2B6R,1417.5,9.0,10.32,LINE_MODE_10,47.9,Low Risk
45650679,2020-01-18,12:08:39,Import,VN,PORT_40,AT,620520,90H33FL,530LFCI,17830.4,224.0,228.861,LINE_MODE_40,55.0,Clear
98431316,2020-01-18,00:57:56,Import,CN,PORT_20,MT,293040,1LYVDST,HO1306D,1073800.0,1000.0,1028.2,LINE_MODE_40,59.3,Clear
20495986,2020-01-18,15:35:46,Import,CN,PORT_40,LB,630493,BFD9B0L,GC2OL6E,99.58,1.3,1.391,LINE_MODE_10,87.4,Low Risk
22065690,2020-01-18,23:21:30,Import,CN,PORT_153,GN,701399,A7EYR9P,K9HATCM,1278.9,87.0,86.234,LINE_VZIZJJ,34.9,Clear
74209964,2020-01-18,13:36:44,Import,CN,PORT_20,IR,950490,OBS4FMN,A0W1TBM,1438.2,423.0,424.777,LINE_MODE_10,49.5,Clear
11021621,2020-01-18,03:29:41,Import,CN,PORT_30,FJ,382499,K0YPT10,LJ91WA0,302400.0,24192.0,24208.934,LINE_MODE_10,47.2,Clear
83740492,2020-01-18,15:06:52,Import,CN,PORT_30,HU,071331,7QHT111,ZJRXYGF,11592000.0,40000.0,41608.0,LINE_MODE_10,73.2,Clear
92535430,2020-01-18,04:57:10,Import,CN,PORT_40,LR,060290,TUXRKWH,0U8YYJB,817920.0,11520.0,11764.224,LINE_MODE_40,54.7,Clear
58566713,2020-01-18,17:39:53,Import,CN,PORT_20,GN,920710,ZNB72K1,E68CZ1J,28824.0,120.0,109.597,LINE_MODE_10,13.8,Low Risk
79814560,2020-01-18,05:22:40,Import,CN,PORT_20,MG,940540,15UGJL3,HOGSXIE,20909.0,2030.0,2042.586,LINE_MODE_10,50.8,Clear
35810594,2020-01-18,05:07:14,Import,JP,PORT_16,BG,330499,JMKX6MI,KDLLHDR,11591.41,43.3,44.997,LINE_MODE_10,72.6,Clear
82874839,2020-01-18,02:51:19,Import,CN,PORT_16,LB,850790,XHSPZS9,249LO7A,1350.0,250.0,266.98,LINE_MWIDNS,121.8,Low Risk
59954746,2020-01-18,00:21:46,Import,NZ,PORT_30,BR,442199,9BH9EMS,NNYM6TP,1.04,1.3,1.252,LINE_MWIDNS,16.4,Clear
99219197,2020-01-18,00:25:17,Import,CN,PORT_30,NO,940161,WM7RUV4,I1AKNFO,1860610.5,2835.0,2871.004,LINE_MODE_40,49.1,Clear
91950672,2020-01-18,09:03:12,Import,NO,PORT_40,RS,691490,80UF6A8,SS1OT7H,1384.5,15.0,13.747,LINE_MODE_40,5.2,Low Risk
80631205,2020-01-19,15:13:25,Import,CN,PORT_10,HU,940490,02VPZMG,9SS326B,120166.2,5202.0,5247.257,LINE_MODE_40,46.4,Clear
80388884,2020-01-19,17:58:44,Import,CN,PORT_21,KR,610439,N412YBV,VJARK1F,190532.0,40.0,41.768,LINE_MODE_10,75.9,Clear
64232006,2020-01-19,03:09:26,Import,CN,PORT_33,GN,854140,6NKFACW,9816PRX,23947.2,12.0,12.398,LINE_MODE_10,68.6,Clear
98497647,2020-01-19,16:39:27,Import,CN,PORT_30,EC,610910,3XKJAJK,QJUGTJB,11856.0,760.0,788.652,LINE_MODE_10,71.6,Clear
61898688,2020-01-19,14:52:48,Import,CN,PORT_16,MT,690722,8R8B9QR,RAO84QC,406583.85,12283.5,12801.864,LINE_MODE_10,74.5,Clear
29620843,2020-01-19,04:28:43,Import,CN,PORT_40,PY,650699,PVXH6XX,01FHELM,63025.9,179.0,190.585,LINE_MODE_40,113.8,Low Risk
10976064,2020-01-19,07:18:24,Import,CN,PORT_16,HU,630710,D3KWTHU,KSI6U9R,1171.5,165.0,157.443,LINE_MODE_10,16.5,Clear
19877372,2020-01-19,06:01:32,Import,CN,PORT_30,MN,070610,5Y4HE8W,2FNDH8Z,7296000.0,48000.0,48009.6,LINE_MODE_40,40.8,Clear
64546422,2020-01-19,06:45:42,Import,CN,PORT_30,GN,200599,0JHQM27,XK5S95C,12879200.0,136000.0,139427.2,LINE_MODE_10,63.3,Clear
65160873,2020-01-19,12:02:33,Import,US,PORT_16,CR,848210,L5S0E84,8QOEWI1,253.8,2.0,1.799,LINE_B12OMY,22.2,Low Risk
91297486,2020-01-19,22:40:46,Import,US,PORT_20,TH,591190,LDYNJO2,KMOT1OW,180.0,30.0,29.796,LINE_MODE_40,36.2,Clear
49582812,2020-01-19,12:12:12,Import,FR,PORT_40,LV,420299,HVMXP1N,D9828DN,79.54,8.2,8.038,LINE_MODE_10,33.6,Clear
31134818,2020-01-19,00:41:38,Import,IN,PORT_30,SI,710239,OXCTE1B,4196FZZ,753.12,0.4,0.411,LINE_MODE_40,58.6,Clear
83475688,2020-01-19,19:09:28,Import,CN,PORT_62,UZ,851890,O4E9YZD,BVO3VTZ,119.0,170.0,177.174,LINE_MODE_40,68.5,Clear
40725599,2020-01-19,09:23:59,Import,JP,PORT_140,EC,380210,ZFFGH4G,JMVS3OX,2191266.0,16830.0,16185.411,LINE_MODE_10,21.4,Clear
99243435,2020-01-19,08:37:15,Import,JP,PORT_20,ES,610892,ML9KFEZ,X641JP1,177.7,1.0,1.044,LINE_MODE_40,69.5,Clear
10059721,2020-01-19,17:38:01,Import,CN,PORT_40,PG,640520,QGPVBK6,79I2X46,378.8,1.0,0.951,LINE_MODE_40,8.2,Clear
53402327,2020-01-19,15:30:47,Import,VN,PORT_40,GN,620463,0GTSEI1,CIXSRKD,72380.0,1100.0,1097.47,LINE_MODE_50,41.2,Clear
15500976,2020-01-19,11:25:36,Import,MY,PORT_30,PY,902780,WS4QWE5,UL2N2C9,211815.5,65.0,74.012,LINE_MODE_10,46.0,Low Risk
92002845,2020-01-19,19:20:45,Import,CN,PORT_40,DJ,382499,MZQ7M2V,5VD46T7,73219.65,479.5,474.082,LINE_MODE_40,33.2,Clear
53580127,2020-01-19,06:14:07,Import,KR,PORT_20,MN,848310,KGJ5DZY,3EVLVZQ,60912.0,80.0,79.816,LINE_MODE_10,45.2,Clear
78038153,2020-01-19,10:23:53,Import,ID,PORT_21,FJ,620439,C1Y102J,OACSQAD,1878.7,1.0,1.057,LINE_MODE_10,114.7,Low Risk
10562375,2020-01-19,08:19:35,Import,HU,PORT_13,SD,850760,FK7B8QY,4LNDYO0,770.0,14.0,12.6,LINE_MODE_10,27.4,Low Risk
92243425,2020-01-20,04:50:25,Import,CN,PORT_20,KR,392690,RY10NRC,O6JLM7J,862.8,1438.0,1639.665,LINE_MODE_40,40.4,Low Risk
90890618,2020-01-20,23:31:38,Import,JP,PORT_30,HU,848190,BZO05BI,DNISQDR,921.9,21.0,21.571,LINE_MODE_10,64.6,Clear
26817540,2020-01-20,13:19:00,Import,CN,PORT_30,RS,854370,FB8JLH7,NN70LU5,393.12,15.6,15.853,LINE_MODE_10,57.4,Clear
89563150,2020-01-20,11:19:10,Import,CN,PORT_20,EC,620822,LJAEOYN,ETXKP6P,25860.0,100.0,96.12,LINE_MODE_10,21.1,Clear
69328502,2020-01-20,20:27:02,Import,KR,PORT_40,LR,390730,N40R2GC,249LO7A,2666.4,6.0,5.911,LINE_EIZP3I,30.9,Clear
41475174,2020-01-20,01:16:54,Import,CN,PORT_16,KR,320411,23IGHG3,1N24S3K,744600.0,2000.0,2098.4,LINE_MODE_10,13.2,Clear
15018602,2020-01-20,10:22:02,Import,JP,PORT_40,PY,190590,PMEDQJ8,JGVX9P4,48376.25,84.5,87.474,LINE_MWIDNS,63.9,Clear
69999647,2020-01-20,09:52:47,Import,IT,PORT_20,FJ,841981,2YVMSVO,4KKFVL4,110376.0,504.0,523.001,LINE_MODE_40,65.6,Clear
63240846,2020-01-20,18:30:06,Import,CN,PORT_40,TH,731815,VLCQV1A,89L3UKQ,132.0,60.0,71.198,LINE_MODE_40,51.4,Low Risk
26671891,2020-01-20,22:07:31,Import,SG,PORT_20,SI,381121,U2PK219,Y3X5L3Y,21431279.0,19990.0,20303.843,LINE_MODE_40,51.1,Clear
75027085,2020-01-20,18:31:25,Import,KR,PORT_20,KZ,844399,CNWX5WV,KXFBS1E,2660.0,40.0,38.748,LINE_MODE_10,26.0,Clear
83907389,2020-01-20,14:20:29,Import,CN,PORT_20,SD,900211,E0QJHWB,KDLLHDR,1479.4,1.3,1.557,LINE_MODE_10,96.3,Low Risk
31920021,2020-01-20,11:16:21,Import,SG,PORT_40,UZ,850110,TVWA2KM,MOFM7EB,924.12,10.2,10.207,LINE_MODE_40,41.2,Clear
40791981,2020-01-20,11:42:21,Import,TH,PORT_40,RS,401519,44UERO7,5ND59PA,81879.15,1475.3,1505.839,LINE_MODE_10,60.4,Clear
77376784,2020-01-20,14:37:04,Import,CN,PORT_40,OM,392690,PK7LJDB,GBX6W6J,79.8,133.0,132.229,LINE_W6UCD9,36.9,Clear
11368626,2020-01-20,21:33:06,Import,JP,PORT_20,LV,392690,ZQL305G,DWNJQL8,0.24,0.4,0.409,LINE_MODE_40,56.0,Clear
50909739,2020-01-20,20:59:39,Import,CN,PORT_40,BR,851770,H6L883Q,9QIF0MP,1851.0,10.0,11.178,LINE_MODE_40,35.1,Low Risk
13563568,2020-01-20,07:07:28,Import,AU,PORT_30,PY,200921,RG3GUBC,YMT1GGN,3143292.36,2698.8,2704.737,LINE_MODE_10,48.1,Clear
99221404,2020-01-20,22:34:04,Import,NZ,PORT_40,BG,440321,GHUPRPW,43MSLZK,26277062.0,413812.0,407273.77,LINE_MODE_40,30.3,Clear
42855584,2020-01-20,04:03:44,Import,FR,PORT_13,GU,291590,C46LO2P,QPISR7N,44.64,0.1,0.113,LINE_MODE_10,43.0,Low Risk
23879151,2020-01-20,15:41:51,Import,GB,PORT_12,OM,610461,CKIF214,UF9KDM4,27349.65,1.5,1.648,LINE_VZIZJJ,36.5,Low Risk
49719144,2020-01-20,09:16:24,Import,CN,PORT_40,UG,330499,GKLIYC0,HBJXEK9,190851.96,1071.6,1275.033,LINE_MODE_10,93.8,Low Risk
80925082,2020-01-20,11:03:22,Import,CN,PORT_40,LV,620333,B0KZ8QG,O2BJ601,8864.0,80.0,79.616,LINE_MODE_40,37.5,Clear
65275128,2020-01-20,16:46:48,Import,CN,PORT_20,CL,284190,O8FQ6LI,ZZPI7TO,45260000.0,100000.0,102220.0,LINE_MODE_10,61.3,Clear
17986830,2020-01-20,14:20:30,Import,SE,PORT_40,MT,901839,X6RS7TL,09UPRFS,1630.5,5.0,5.106,LINE_MODE_40,54.7,Clear
33142603,2020-01-20,14:44:43,Import,JP,PORT_30,IL,842129,TUS3BDK,FYH8R1A,2702905.0,50.0,47.985,LINE_MWIDNS,14.1,Clear
97825896,2020-01-20,15:27:36,Import,CN,PORT_40,LB,620213,708A72F,PF1L1IG,8760.0,600.0,622.92,LINE_MWIDNS,65.9,Clear
74187199,2020-01-20,05:37:19,Import,CN,PORT_40,AT,950300,L0NAY45,KIV5EBO,35061.78,4438.2,4268.217,LINE_MODE_10,21.4,Clear
56210279,2020-01-20,14:41:59,Import,CN,PORT_20,AM,120799,QHQHQFV,0VVA70J,36852750.0,49500.0,50574.15,LINE_MODE_10,61.0,Clear
66635269,2020-01-20,05:51:49,Import,CN,PORT_20,BR,091011,7M4N5K0,JLST0VY,940000.0,5000.0,4883.5,LINE_77BN4M,25.3,Clear
15675922,2020-01-20,14:17:22,Import,AU,PORT_16,CA,020610,9UPAA7N,ZX33IL2,403464.57,409.9,399.734,LINE_MODE_10,30.3,Clear
27816058,2020-01-20,12:08:58,Import,CN,PORT_20,UZ,441990,RRL82BC,XVLZRCZ,5051.2,14.0,16.344,LINE_MODE_10,52.9,Low Risk
10774806,2020-01-20,12:36:06,Import,NL,PORT_20,ZZ,390290,JH0SIXZ,GYF1M1G,23113200.0,66000.0,68191.2,LINE_MODE_10,68.6,Clear
40399297,2020-01-20,06:53:37,Import,CN,PORT_40,SI,071080,8VCPJHV,LQ7OM3O,30232800.0,114000.0,109747.8,LINE_MODE_10,22.1,Clear
71443409,2020-01-20,04:07:29,Import,CN,PORT_20,SD,850152,8V9TP7G,9HUR70P,14551.2,1032.0,1203.147,LINE_MODE_10,52.5,Low Risk
66655156,2020-01-20,19:35:16,Import,CN,PORT_30,PL,732393,I6MT5SX,4FGVYGU,124.0,20.0,23.413,LINE_MODE_10,53.6,Low Risk
71901975,2020-01-20,09:46:15,Import,CN,PORT_20,EC,760612,RU3WDDM,X4JXSE1,2062755.0,3450.0,3105.034,LINE_MODE_10,27.4,Low Risk
24054639,2020-01-20,13:14:39,Import,FR,PORT_40,IL,340600,929ZVVQ,R1TPBOE,90.82,1.9,1.979,LINE_MODE_40,68.2,Clear
44216244,2020-01-20,20:41:24,Import,MA,PORT_40,LR,420221,3GHW5N1,AEJ64VX,64.68,2.1,1.904,LINE_MODE_10,19.4,Low Risk
64614221,2020-01-20,18:19:41,Import,KR,PORT_40,HU,847160,9B6HO2Y,UBK0QYT,26258.0,190.0,248.186,LINE_MODE_40,117.9,Critical
70182817,2020-01-20,00:05:37,Import,IN,PORT_20,SI,251320,2PYQIOO,JVV60MG,5032000.0,40000.0,46121.6,LINE_MODE_40,43.5,Low Risk
48072208,2020-01-20,00:51:28,Import,DE,PORT_40,CA,870324,5H6YIUJ,H8ZGGKH,15436000.0,2270.0,2229.594,LINE_MWIDNS,28.9,Clear
93026147,2020-01-20,10:07:47,Import,CN,PORT_21,FJ,740400,708A72F,P3I462Q,89744.9,15211.0,15023.905,LINE_MODE_40,32.6,Clear
53910410,2020-01-20,18:26:50,Import,CN,PORT_20,MN,711790,A2JZHXN,7KMDS8S,2384.64,115.2,121.089,LINE_MODE_40,105.1,Low Risk
41198812,2020-01-20,21:58:52,Import,CN,PORT_20,PL,071080,MKU34Y6,RZM2Z77,53040000.0,200000.0,196040.0,LINE_MODE_10,33.6,Clear
39858910,2020-01-20,20:35:10,Import,CN,PORT_40,HN,620630,FB99HY5,4MEGGRW,144755.0,655.0,642.686,LINE_MODE_40,28.3,Clear
38117953,2020-01-20,14:47:13,Import,CN,PORT_30,JP,392690,VKOKSA3,JIF6DYQ,19.2,32.0,33.815,LINE_MODE_10,114.7,Low Risk
87627304,2020-01-20,21:59:04,Import,SE,PORT_20,NG,851830,LHMZ0BH,8IQQIC3,39341.52,363.6,376.035,LINE_MODE_10,69.3,Clear
18553485,2020-01-20,16:44:45,Import,CN,PORT_20,HN,420292,F26GCXC,2FZMZJH,5735.8,96.4,93.383,LINE_W5AYVM,20.0,Clear
28759463,2020-01-20,19:52:23,Import,CN,PORT_40,RS,540246,ROMS712,7HB4P94,19745280.0,46080.0,47448.576,LINE_MODE_10,66.3,Clear
51085531,2020-01-20,03:41:31,Import,JP,PORT_30,BA,392610,GZ27I9I,0MUHENO,34260.0,200.0,199.14,LINE_MODE_10,43.9,Clear
81676006,2020-01-20,06:02:46,Import,CN,PORT_40,PG,442090,5P44PNC,37FNJH5,24.48,14.4,15.182,LINE_MODE_40,107.2,Low Risk
63500345,2020-01-20,23:19:05,Import,JP,PORT_30,IL,840721,NXZGW6G,AM05MDE,316642.0,278.0,295.547,LINE_MODE_10,118.8,Low Risk
32904985,2020-01-20,09:56:25,Import,JP,PORT_20,IL,390799,F0G9F61,7FEZ4VE,200320.0,6400.0,6519.68,LINE_MODE_10,59.0,Clear
44024332,2020-01-20,06:50:52,Import,KR,PORT_20,GG,392310,09TGIXN,Q9ZG6R5,1824.0,570.0,581.514,LINE_MODE_10,60.0,Clear
26836087,2020-01-20,17:20:07,Import,CN,PORT_30,DJ,320419,APJM46I,23RIU88,71437.5,125.0,127.212,LINE_MODE_10,58.4,Clear
37031006,2020-01-20,23:19:26,Import,CN,PORT_40,NO,581092,ZRVFAKS,P3Z8JCO,5230.0,10.0,10.543,LINE_VZIZJJ,107.2,Low Risk
56176756,2020-01-20,20:55:16,Import,CN,PORT_40,NO,392690,UJ81QQO,OZB7KED,934.8,1558.0,1570.776,LINE_MODE_40,46.1,Clear
30682358,2020-01-20,23:00:38,Import,JP,PORT_30,IL,420500,EA3V6JE,PFKZXJL,89.0,10.0,9.116,LINE_MODE_40,9.3,Low Risk
84969227,2020-01-20,20:05:47,Import,US,PORT_30,SI,340490,4BJSP68,AJ2PV6I,596760.0,1200.0,1257.24,LINE_MODE_10,12.2,Clear
91682577,2020-01-20,01:34:57,Import,CN,PORT_40,EC,200899,RZ3C3N6,ZUNH69S,1005432.4,23996.0,24540.709,LINE_EIZP3I,55.7,Clear
15914425,2020-01-20,18:20:25,Import,CN,PORT_40,PL,640299,ODBAPJA,PF1L1IG,21999.2,214.0,244.011,LINE_MWIDNS,40.4,Low Risk
33857627,2020-01-20,14:25:47,Import,DE,PORT_40,GG,903149,52V8T8F,F1UINZ0,35759.88,8.1,8.486,LINE_W6UCD9,6.2,Clear
69756667,2020-01-20,07:43:07,Import,KR,PORT_40,UZ,900211,WJERN9A,T92NP86,12973.2,11.4,11.716,LINE_EIZP3I,59.0,Clear
69103239,2020-01-20,22:44:39,Import,CN,PORT_30,UZ,852990,7KGLWW5,QFKJP1C,54.0,30.0,32.038,LINE_MODE_10,121.8,Low Risk
36849472,2020-01-20,01:49:52,Import,CN,PORT_20,MN,950662,ZY9MRH8,UAP0BTB,112860.0,5700.0,5416.14,LINE_MODE_10,13.8,Clear
21845966,2020-01-20,13:15:26,Import,CN,PORT_40,RS,680100,CU1WXCY,530LFCI,1187200.0,224000.0,213516.8,LINE_MWIDNS,9.8,Clear
72889332,2020-01-20,14:14:12,Import,ID,PORT_53,LR,440922,ERCKI6L,SOAMOJP,4477592.1,17691.0,18048.358,LINE_VZIZJJ,54.0,Clear
42739578,2020-01-20,02:54:18,Import,SI,PORT_20,GG,871491,FUSIRJS,DWNJQL8,55966.4,56.0,58.643,LINE_MODE_40,5.8,Clear
72578097,2020-01-20,22:46:57,Import,JP,PORT_30,RS,760200,Q8MAKJD,Y24HW2Z,202174.0,20630.0,19860.501,LINE_MODE_10,22.1,Clear
32879018,2020-01-20,05:11:38,Import,DE,PORT_40,CA,940599,96HTU9Z,4FP9GVL,342.0,10.0,10.272,LINE_MODE_40,58.6,Clear
20234889,2020-01-20,22:12:09,Import,VN,PORT_40,PY,621133,ELZ37AF,8XEHFK4,1323052.5,6873.0,6644.129,LINE_MODE_10,24.7,Clear
22175103,2020-01-20,01:33:03,Import,US,PORT_40,UZ,490700,NAP6QRC,A7POIBB,1199.92,0.4,0.404,LINE_MODE_40,47.1,Clear
38378313,2020-01-20,12:26:33,Import,CN,PORT_40,PL,852852,7VS9RHI,T1D13XX,1394640.0,3600.0,3436.92,LINE_MODE_40,10.8,Clear
17721401,2020-01-20,04:32:41,Import,CN,PORT_40,BA,200551,H3KPREH,A7POIBB,2942160.0,5520.0,5579.064,LINE_MODE_40,47.8,Clear
65336029,2020-01-20,04:57:49,Import,JP,PORT_20,SI,350610,TULOVRB,XJYB7QM,3272.4,36.0,35.881,LINE_MODE_10,44.5,Clear
73881447,2020-01-20,10:49:27,Import,KR,PORT_30,NO,848640,RR6OJ19,YTM5KD0,26960.0,50.0,53.076,LINE_MODE_40,111.7,Low Risk
52124100,2020-01-20,10:55:00,Import,CN,PORT_40,MT,630790,IJWLMYP,4JC6ZM9,23.0,10.0,10.362,LINE_MODE_40,64.6,Clear
65167037,2020-01-20,13:29:17,Import,JP,PORT_20,GU,440799,N2BQVXA,RF5DC9B,80301.0,2130.0,2114.451,LINE_MODE_10,41.9,Clear
71667102,2020-01-20,08:43:42,Import,CN,PORT_40,AM,392490,SKDR671,AFVVDCL,2.2,2.0,1.97,LINE_MWIDNS,30.9,Clear
72734701,2020-01-20,07:21:01,Import,TH,PORT_40,GG,210390,M8SCJCR,Z5NFVHS,13608.0,504.0,484.193,LINE_MODE_10,20.8,Clear
37258469,2020-01-20,08:18:29,Import,CN,PORT_40,JP,090421,E35YDWG,KX3BHK5,22686400.0,22000.0,21487.4,LINE_W6UCD9,25.3,Clear
88211631,2020-01-20,13:49:51,Import,CN,PORT_20,NG,940490,TR2GNIX,UFNMRV4,272.58,11.8,12.339,LINE_MODE_10,10.9,Clear
45337113,2020-01-20,01:26:33,Import,CN,PORT_16,MN,920992,EA9XUXW,HS7K496,22264.2,217.0,207.17,LINE_MODE_10,16.8,Clear
44003089,2020-01-20,03:08:49,Import,KR,PORT_40,LV,842099,3UN5YIT,ZN0A109,28397.6,308.0,278.712,LINE_MODE_40,14.8,Low Risk
74405408,2020-01-20,22:18:08,Import,CN,PORT_40,CA,650691,M4TDU0A,YH4AHQ4,48870.0,150.0,134.109,LINE_W6UCD9,27.9,Low Risk
38363107,2020-01-20,15:17:07,Import,KR,PORT_30,NG,540832,6FW0Q3L,ZZPI7TO,335000.4,159.6,160.829,LINE_MODE_10,51.8,Clear
55051930,2020-01-20,12:52:10,Import,CN,PORT_30,SV,420299,3V3DFNJ,TPAIBT4,73.72,7.6,7.381,LINE_MODE_10,27.7,Clear
48379849,2020-01-20,10:54:49,Import,CN,PORT_16,FJ,570299,798SXTF,PJ8NV7A,39998.0,140.0,138.138,LINE_W6UCD9,37.9,Clear
36718015,2020-01-20,07:06:55,Import,DE,PORT_30,CA,621139,A7NM18M,P575YW3,5852.0,10.0,9.14,LINE_MODE_10,13.3,Low Risk
30341995,2020-01-20,07:59:55,Import,CN,PORT_40,AM,701790,GI6S9WT,JK9ML4S,624.0,1.5,1.446,LINE_MWIDNS,16.7,Clear
88662695,2020-01-20,14:51:35,Import,VN,PORT_40,CR,853669,SNAEUD8,9C4XVXJ,204923.81,391.3,396.661,LINE_MWIDNS,49.7,Clear
93045952,2020-01-20,19:57:52,Import,CN,PORT_40,TH,843149,22J64CH,S1N2WHR,1193456.79,9159.3,9252.725,LINE_MWIDNS,47.4,Clear
75609744,2020-01-20,09:06:24,Import,CN,PORT_20,CR,420222,XOQ0N90,39GUE4A,16.32,1.7,1.724,LINE_MODE_10,56.1,Clear
63212898,2020-01-20,09:56:18,Import,CN,PORT_16,HN,070690,41YS4CM,D6NEX3J,2098500.0,15000.0,14808.0,LINE_MODE_10,38.2,Clear
23655358,2020-01-20,20:23:58,Import,JP,PORT_30,BA,401170,0HYRA9B,0DMMCY4,4640.4,3.6,3.446,LINE_MODE_10,18.4,Clear
26361745,2020-01-20,00:22:25,Import,FR,PORT_40,LB,210690,HZ118CR,OZB7KED,88550.0,700.0,744.184,LINE_MODE_40,112.8,Low Risk
60720734,2020-01-20,08:36:14,Import,CN,PORT_140,OM,848210,EQ9WSB5,IGQDS9A,3807.0,30.0,27.095,LINE_MODE_10,22.3,Low Risk
20992194,2020-01-20,19:33:54,Import,CN,PORT_20,MG,560311,1BU8OBB,5JG4PIG,579600.0,3000.0,3117.6,LINE_MODE_10,72.6,Clear
84871308,2020-01-20,08:09:48,Import,CN,PORT_30,TH,611030,0MPDQ19,IEI6N0Q,3953.28,42.6,43.972,LINE_MODE_10,67.9,Clear
52326031,2020-01-20,08:16:31,Import,US,PORT_40,SV,850720,TM601LP,U86UIPH,8318108.4,16413.0,17163.074,LINE_MODE_10,10.9,Clear
30715569,2020-01-20,05:30:09,Import,IT,PORT_40,MG,870899,IJKOG7K,6BM86QF,476.0,68.0,70.987,LINE_MODE_40,100.5,Low Risk
98514546,2020-01-20,12:45:06,Import,CN,PORT_40,EC,851310,W15QVGV,QMQPXLB,444.16,34.7,33.423,LINE_MODE_40,16.4,Clear
43890753,2020-01-20,15:40:33,Import,CN,PORT_40,NO,850490,RSZ1WEI,X3S3PP4,0.0,0.0,0.001,LINE_MODE_10,69.6,Clear
67330674,2020-01-20,03:21:54,Import,CN,PORT_40,SD,903090,5KW688C,NHYMUJM,393503.88,569.8,569.344,LINE_MODE_10,46.2,Clear
54862524,2020-01-20,01:59:24,Import,CN,PORT_20,LV,290729,4786GV5,RMO6DL3,16753500.0,9000.0,9217.8,LINE_MODE_10,62.7,Clear
94807330,2020-01-20,08:02:10,Import,CN,PORT_20,SD,620640,RX0108C,UT6CY00,3285.2,172.0,167.046,LINE_MODE_10,27.7,Clear
27127798,2020-01-20,16:57:58,Import,CN,PORT_40,JP,620432,VLTZBS9,O9QXSRZ,13120.0,25.0,25.93,LINE_MODE_10,71.2,Clear
93252099,2020-01-20,14:45:39,Import,CN,PORT_30,MN,820320,XMSIMF6,TR78HTA,6521.2,17.0,17.199,LINE_MODE_10,54.4,Clear
43759675,2020-01-20,23:07:55,Import,KR,PORT_40,ES,820239,8O9CWQV,RY6FKQ9,1755.0,18.0,21.964,LINE_MODE_10,103.5,Low Risk
35147388,2020-01-20,19:57:48,Import,CN,PORT_20,IR,910211,RP4LPS5,RXJ40SG,4006.4,64.0,63.501,LINE_MODE_40,35.5,Clear
18567550,2020-01-20,18:19:10,Import,US,PORT_13,GU,721049,H1GHBOH,AYNT1A0,418880.0,1700.0,1634.04,LINE_MODE_40,15.1,Clear
36191894,2020-01-20,19:02:14,Import,IT,PORT_30,EC,420221,VS1F8PW,TDT9OOR,616.0,20.0,19.784,LINE_MODE_10,39.6,Clear
17516535,2020-01-20,06:42:15,Import,CN,PORT_20,NG,640199,W6982DB,FMH83UH,3109569.0,7457.0,7410.021,LINE_MODE_10,42.5,Clear
55682056,2020-01-20,23:30:16,Import,CN,PORT_30,SI,200811,0J1NW26,K7KEXR2,1780800.0,8000.0,7665.6,LINE_MODE_10,19.1,Clear
24677773,2020-01-20,05:24:13,Import,CN,PORT_20,AT,420231,KWXYQAL,T0Q5UDF,140299.8,186.0,190.594,LINE_MWIDNS,63.0,Clear
36372120,2020-01-20,15:22:00,Import,CN,PORT_50,TT,620640,HFPCP3D,JVN6YVC,955.0,50.0,51.31,LINE_MWIDNS,58.0,Clear
66197605,2020-01-20,05:53:25,Import,US,PORT_30,NO,392690,6X5D3QS,ZIQU1JD,0.3,0.5,0.504,LINE_MODE_10,52.4,Clear
17021719,2020-01-20,14:19:19,Import,CN,PORT_30,KR,850790,JR00P65,7PN0VA5,16.2,3.0,3.005,LINE_MODE_10,47.8,Clear
68694289,2020-01-20,13:48:49,Import,CN,PORT_20,BA,902519,TJUR9FT,1DF6QZB,10.62,0.1,0.097,LINE_MODE_10,24.7,Clear
76787778,2020-01-20,12:44:18,Import,AR,PORT_20,NG,160250,8UQ4E87,7PN0VA5,4461296.0,2135.0,2235.772,LINE_MODE_10,11.8,Clear
69391028,2020-01-20,01:25:08,Import,CN,PORT_40,LB,950300,D31L7GF,PF1L1IG,47.4,6.0,5.833,LINE_VZIZJJ,22.3,Clear
95854092,2020-01-20,09:20:12,Import,JP,PORT_30,KR,330499,O4DGSYI,UQPSXWH,3918.2,22.0,22.884,LINE_B12OMY,73.2,Clear
81844752,2020-01-20,09:51:12,Import,DE,PORT_40,CA,848190,E3W9HXB,IG7Y31F,4.39,0.1,0.118,LINE_VZIZJJ,49.2,Low Risk
27195222,2020-01-20,15:25:42,Import,CL,PORT_30,JP,050400,65FVBWQ,ZY7AMTV,65597.84,101.2,103.75,LINE_MODE_10,63.3,Clear
87740655,2020-01-20,01:24:15,Import,CN,PORT_20,TH,441299,P8TSNHG,S1N2WHR,37410800.0,24800.0,25635.76,LINE_W6UCD9,62.9,Clear
98594443,2020-01-20,19:48:43,Import,CN,PORT_80,JP,420212,1VHJG03,NSP2ZF7,14271.5,115.0,122.443,LINE_MODE_40,113.8,Low Risk
45395510,2020-01-20,17:11:50,Import,DE,PORT_20,SI,291411,YB3U6ZR,R3L94ST,8717.0,37.9,37.187,LINE_MODE_10,34.3,Clear
97588364,2020-01-20,03:36:44,Import,JP,PORT_13,LB,844332,KPQJD4O,S6T0BDW,42681.0,30.0,30.126,LINE_MODE_10,49.5,Clear
22224059,2020-01-20,02:04:59,Import,IT,PORT_40,GN,420231,EPQIDBJ,W9IQT02,1248.7,1.0,1.032,LINE_MODE_40,61.6,Clear
72923726,2020-01-20,09:31:26,Import,US,PORT_16,BA,940540,W70HNG8,0GS8SUL,1190.68,115.6,104.082,LINE_MODE_10,24.6,Low Risk
88262736,2020-01-20,15:01:36,Import,MX,PORT_30,FJ,852872,H3XCBC5,2OQZJ37,7383110.0,20300.0,20669.46,LINE_MODE_40,52.7,Clear
63200391,2020-01-20,10:15:51,Import,JP,PORT_40,SI,293190,AAZ42G3,7CYE3M7,209154.0,660.0,637.362,LINE_MODE_40,18.1,Clear
50395664,2020-01-20,02:31:44,Import,CN,PORT_16,NO,392690,2RF3BQ7,MB06XRW,110.4,184.0,175.573,LINE_W6UCD9,10.5,Clear
15742256,2020-01-20,03:46:56,Import,US,PORT_10,WS,900219,JQ0HT0Q,50FXYLG,200.32,0.4,0.383,LINE_MODE_10,19.1,Clear
13199304,2020-01-20,16:52:24,Import,JP,PORT_40,MG,847190,5FX36JK,GKIYMO3,136.17,0.3,0.31,LINE_MODE_40,63.3,Clear
71896903,2020-01-20,23:49:43,Import,VN,PORT_40,PG,621143,E9ACZ4R,0OMV69U,23310.0,450.0,454.365,LINE_MODE_10,53.1,Clear
86279377,2020-01-20,23:21:37,Import,CN,PORT_20,CR,847150,MWLFJ14,9C1ET8F,3990.6,18.0,25.572,LINE_MODE_10,159.5,Critical
76166736,2020-01-20,15:01:36,Import,CN,PORT_20,SV,854442,1ICKYIH,9840R0O,1291.68,43.2,51.954,LINE_MODE_10,97.9,Low Risk
62863765,2020-01-20,23:49:25,Import,KR,PORT_40,JP,330499,HHAE182,T0Q5UDF,78.43,3.1,3.189,LINE_VZIZJJ,59.6,Clear
89234371,2020-01-20,16:35:31,Import,CN,PORT_40,KR,420299,HK2V788,5TOJHA9,228.92,23.6,23.027,LINE_MODE_10,30.7,Clear
96149109,2020-01-20,09:29:09,Import,JP,PORT_20,AM,842420,CEWTZDM,6T0AJ3G,7.5,3.0,2.87,LINE_MODE_40,12.1,Clear
28331698,2020-01-20,19:22:58,Import,FR,PORT_40,AT,380892,LFX1QKX,5VD46T7,1969200.0,4000.0,3948.8,LINE_W6UCD9,38.2,Clear
86812598,2020-01-20,22:44:38,Import,CN,PORT_20,SD,621143,AABLSTW,4YJMNDP,1657.6,32.0,33.943,LINE_MODE_40,111.2,Low Risk
96641258,2020-01-20,12:55:38,Import,US,PORT_40,IR,950440,ET2GD3E,O9QXSRZ,227.4,1.5,1.511,LINE_MODE_40,45.4,Clear
46643767,2020-01-20,07:28:07,Import,IT,PORT_40,FJ,640419,PDK6PHD,FBLRME3,1071.2,4.0,3.911,LINE_VZIZJJ,26.0,Clear
41732583,2020-01-20,18:11:03,Import,CN,PORT_40,NO,630790,K09T0IL,6LV96I6,3910.0,1700.0,1648.49,LINE_MODE_40,20.7,Clear
51373060,2020-01-20,20:57:40,Import,CN,PORT_30,CA,090230,CKVOLVZ,DCYSED2,398837.66,224.9,215.049,LINE_MODE_10,17.8,Clear
47020872,2020-01-20,08:33:12,Import,JP,PORT_20,LV,392690,MZQ7M2V,7K3Z9A2,186.44,5.9,5.606,LINE_MODE_40,7.8,Clear
63424958,2020-01-20,14:10:38,Import,CN,PORT_40,JP,850152,AVKB9XU,2162JQU,662.7,47.0,44.988,LINE_MODE_10,18.4,Clear
42412728,2020-01-20,10:06:48,Import,VN,PORT_40,BG,482110,4UCFY75,IG7Y31F,0.55,0.5,0.511,LINE_MODE_40,55.3,Clear
16604772,2020-01-20,03:38:12,Import,US,PORT_20,GU,970200,7KGLWW5,DWNJQL8,16121.95,8.5,8.502,LINE_MODE_40,40.8,Clear
34461039,2020-01-20,15:54:39,Import,CN,PORT_20,BG,842449,HK4G0IL,HNT1N38,47382.3,1449.0,1547.416,LINE_MODE_10,121.8,Low Risk
95878551,2020-01-20,07:31:51,Import,TH,PORT_20,LR,940169,PAIJ315,N2VMOHG,142164.0,1980.0,1951.686,LINE_MODE_10,37.3,Clear
44821158,2020-01-20,09:07:18,Import,CN,PORT_40,BG,621149,V4VP2K5,DLOILOI,4440.4,34.0,32.545,LINE_MODE_40,12.4,Clear
30141533,2020-01-20,21:46:53,Import,CA,PORT_40,ZZ,220870,ARCOI2A,7TTJVAJ,14202.0,90.0,94.023,LINE_MODE_40,4.2,Clear
95085629,2020-01-20,15:24:29,Import,CN,PORT_40,AT,091011,UEJD32T,ES6KNJT,4512000.0,24000.0,23920.8,LINE_MODE_40,38.5,Clear
54810561,2020-01-20,05:45:21,Import,US,PORT_30,IL,970200,1ZNY80M,XF6D4LX,13276.9,7.0,7.215,LINE_MODE_10,67.0,Clear
44058340,2020-01-20,13:05:40,Import,CN,PORT_20,MG,382499,ZKJ3S6H,Z4SIJDK,8775.0,130.0,132.106,LINE_MODE_10,57.4,Clear
70010127,2020-01-20,23:27:27,Import,US,PORT_140,GU,731819,5ZQ2RVX,WNSRGJU,19.08,0.2,0.2,LINE_VZIZJJ,41.2,Clear
25928566,2020-01-20,00:38:46,Import,CN,PORT_20,PL,640291,8MF09QH,73XHQDI,54904.5,147.0,140.12,LINE_MODE_40,9.8,Clear
96671609,2020-01-20,11:57:29,Import,CN,PORT_20,EC,640690,8FNMZRE,FQKH1PD,31.6,4.0,4.663,LINE_MODE_40,46.5,Low Risk
31784554,2020-01-20,20:06:34,Import,KR,PORT_20,GG,740400,SN8R2AU,SFCTSZU,126319.0,21410.0,20536.472,LINE_MODE_10,19.8,Clear
24683991,2020-01-20,15:15:51,Import,CA,PORT_20,HU,220870,9QVY8XS,9AMO0W8,96573.6,612.0,591.008,LINE_MODE_10,24.1,Clear
96081737,2020-01-20,12:54:17,Import,CN,PORT_20,PG,392690,O15NJO1,FOVFD9M,12.0,20.0,20.854,LINE_MODE_10,74.9,Clear
46830687,2020-01-20,08:43:27,Import,CN,PORT_20,LR,640299,PWWXTS3,Q9TQJ0E,25083.2,244.0,248.319,LINE_MODE_10,58.4,Clear
44128417,2020-01-20,02:45:37,Import,TW,PORT_30,TT,854239,JU47NQN,0VVMNI1,6504.08,155.6,156.02,LINE_MODE_10,48.5,Clear
10104646,2020-01-20,13:06:46,Import,CN,PORT_40,FJ,732510,66B13S4,902LILY,1405300.0,47000.0,47620.4,LINE_W6UCD9,49.4,Clear
54778070,2020-01-20,23:27:50,Import,CN,PORT_40,BA,392690,RD7T82Z,CYPEK0L,4.44,7.4,7.409,LINE_MWIDNS,41.5,Clear
63661507,2020-01-20,18:37:07,Import,JP,PORT_20,UG,330410,M8XI4PR,M9T2XIX,2669.6,1.0,1.008,LINE_MODE_10,51.8,Clear
14424074,2020-01-20,16:25:14,Import,CN,PORT_40,GN,841899,V0UTN69,FSBBAJU,183148.0,2110.0,2409.282,LINE_MODE_40,40.8,Low Risk
86363095,2020-01-20,21:24:55,Import,CN,PORT_20,UZ,442199,H195T4M,BZCJY1G,404.8,506.0,601.249,LINE_MODE_10,93.3,Low Risk
30702121,2020-01-20,15:38:01,Import,CN,PORT_30,PY,430230,9RS4680,L2SX065,43251.5,23.0,21.866,LINE_MODE_10,14.2,Clear
97150726,2020-01-20,16:34:46,Import,JP,PORT_30,IL,330790,HK4G0IL,23RIU88,17099.91,83.7,75.36,LINE_MODE_10,24.6,Low Risk
35782391,2020-01-20,15:29:11,Import,FR,PORT_20,SD,853890,CWFUXON,SOMS4EJ,22.0,1.1,1.062,LINE_MODE_10,24.1,Clear
79588228,2020-01-20,07:18:28,Import,IN,PORT_40,JP,520812,LORLDOA,JERB7XJ,8540657.88,14480.6,14078.039,LINE_MODE_40,22.3,Clear
33124873,2020-01-20,03:49:13,Import,CN,PORT_40,ZZ,611595,03RR5SU,DWNJQL8,660.3,31.0,30.216,LINE_MODE_40,24.0,Clear
56502209,2020-01-20,21:47:29,Import,SG,PORT_30,ES,340213,2AUV05N,WTG8LFO,5848000.0,16000.0,16107.2,LINE_MODE_10,51.1,Clear
49964600,2020-01-20,12:23:20,Import,CN,PORT_16,SV,850440,FUUKSO0,B8OI389,584240.0,2680.0,2643.016,LINE_MODE_10,37.6,Clear
25334739,2020-01-20,04:49:39,Import,CN,PORT_40,WS,950300,XIF0SEK,D88DTE8,13540.5,22.5,25.151,LINE_MWIDNS,35.1,Low Risk
84057976,2020-01-20,09:42:16,Import,CN,PORT_20,LV,853120,8I3DP0A,CI2SCR7,668.0,10.0,9.982,LINE_MODE_10,45.5,Clear
79016541,2020-01-20,05:38:21,Import,VN,PORT_20,WS,640299,5CKN2JD,KSOU2X6,12336.0,120.0,127.958,LINE_MODE_10,120.8,Low Risk
69390068,2020-01-20,09:09:08,Import,CN,PORT_40,BG,070310,JDYKXA6,CZSPZG9,2272800.0,24000.0,22852.8,LINE_MODE_10,15.1,Clear
77820828,2020-01-20,01:41:48,Import,KR,PORT_40,AT,854720,3DDM3YG,DWNJQL8,18571.6,29.0,28.194,LINE_MWIDNS,22.3,Clear
95342862,2020-01-20,09:19:42,Import,CN,PORT_30,ES,392390,OGU3CW8,Z8UMH9A,203.87,107.3,107.858,LINE_MODE_10,50.1,Clear
90183500,2020-01-20,04:18:20,Import,CN,PORT_30,AT,854390,7AW5DY7,P5KJOIV,65.16,3.6,3.73,LINE_MODE_10,70.6,Clear
15210829,2020-01-20,09:17:49,Import,US,PORT_30,IL,392190,X2NKSS0,1DWRP58,4915.68,83.6,83.324,LINE_MODE_10,44.5,Clear
60710087,2020-01-20,13:26:47,Import,JP,PORT_40,GU,902290,RMIFS15,ZUOUYIY,395.76,0.8,0.961,LINE_MODE_10,97.3,Low Risk
63134808,2020-01-20,14:14:48,Import,CN,PORT_40,TH,843890,C7HHFF1,ACZQF57,589219.2,2994.0,2940.707,LINE_MWIDNS,28.9,Clear
49297695,2020-01-20,02:48:15,Import,IT,PORT_30,JP,940350,M5KYBBQ,7CYE3M7,26192.0,160.0,190.118,LINE_MODE_10,93.3,Low Risk
45958536,2020-01-20,07:51:36,Import,KR,PORT_40,UG,481890,XG4BSA8,WKOMNF4,3820.77,26.7,32.11,LINE_MODE_10,97.9,Low Risk
80113100,2020-01-20,06:58:20,Import,JP,PORT_40,TH,848120,HR70J0M,ZN0A109,154238.5,65.0,67.353,LINE_MODE_40,64.6,Clear
87142386,2020-01-20,13:49:06,Import,CN,PORT_20,IR,940540,D12LFSH,ZIEW745,61.8,6.0,6.259,LINE_MODE_10,75.2,Clear
24355008,2020-01-20,02:04:48,Import,CN,PORT_40,SI,732393,4CNTQM2,AGEBSW5,27900.0,4500.0,4419.9,LINE_MODE_40,28.9,Clear
94096962,2020-01-20,03:14:42,Import,CN,PORT_30,SV,620690,7JD1S2X,L69YFW4,2664.32,9.2,8.788,LINE_MODE_10,17.1,Clear
25282462,2020-01-20,14:46:22,Import,JP,PORT_40,CL,710490,5LL9KST,IYKY18A,119229.4,0.1,0.101,LINE_MODE_10,50.1,Clear
35615189,2020-01-20,15:50:29,Import,CN,PORT_40,IL,300390,AKXWXQB,Y7MWSFH,0.0,0.0,0.001,LINE_VZIZJJ,96.3,Low Risk
79017930,2020-01-20,19:25:30,Import,CN,PORT_30,NG,940520,Y1519MH,XDCRVOW,52002.0,180.0,162.317,LINE_MODE_10,23.4,Low Risk
47258409,2020-01-20,00:44:09,Import,JP,PORT_30,FJ,830250,PF01O0Y,MX95NLM,380.1,3.0,3.02,LINE_MODE_10,51.1,Clear
20850016,2020-01-20,03:56:16,Import,JP,PORT_40,OM,732690,CBZU3TU,PF1L1IG,360.0,240.0,234.768,LINE_MWIDNS,26.3,Clear
62432940,2020-01-20,10:29:00,Import,BG,PORT_20,LB,621149,CYBJI1O,CHDHU6S,417.92,3.2,3.828,LINE_MODE_10,95.8,Low Risk
42162053,2020-01-20,08:48:53,Import,US,PORT_40,ES,010649,HHNCOSI,PF1L1IG,12582.85,0.7,0.689,LINE_MODE_40,30.6,Clear
36879496,2020-01-20,00:34:16,Import,CN,PORT_20,AT,081190,OJN10ZO,DN4D1IF,4819500.0,17500.0,18168.5,LINE_MODE_10,71.9,Clear
78751249,2020-01-20,23:24:49,Import,JP,PORT_40,HN,901530,LPUTM8C,5AW1A4O,70603.4,74.0,73.016,LINE_MWIDNS,37.9,Clear
86861723,2020-01-20,11:23:23,Import,CN,PORT_20,UZ,841381,83GM6ED,9XKG8X1,236.36,7.6,8.69,LINE_MODE_10,47.2,Low Risk
39094167,2020-01-20,11:41:27,Import,CN,PORT_40,GG,482110,U0IV1NP,O3GMT68,1.1,1.0,0.978,LINE_MODE_10,32.0,Clear
88261441,2020-01-20,20:20:01,Import,VN,PORT_40,LV,870894,Q0JPPQD,F03XGJ8,92.88,0.4,0.396,LINE_W6UCD9,34.6,Clear
97870391,2020-01-20,22:09:11,Import,US,PORT_13,BA,853669,WXED4IH,QH7XJKJ,35.05,0.5,0.483,LINE_MODE_40,18.1,Clear
44382600,2020-01-20,16:30:00,Import,VN,PORT_40,GU,901839,CL9T7ZZ,A3TBSCM,740997.03,2272.3,2240.942,LINE_MODE_40,31.6,Clear
43805608,2020-01-20,23:41:28,Import,CN,PORT_40,UZ,621210,BYV1E05,DK6SW8O,1276.5,23.0,22.591,LINE_MODE_10,34.9,Clear
36467528,2020-01-20,20:00:08,Import,US,PORT_20,DJ,940540,9QUMA4V,AZI5L7O,9.27,0.9,0.92,LINE_MODE_10,61.3,Clear
83275223,2020-01-20,11:08:23,Import,SG,PORT_40,OM,300490,I7I7Q5S,GCPNHU7,60431.8,11.0,11.547,LINE_MODE_40,7.5,Clear
24071290,2020-01-20,15:08:10,Import,CN,PORT_21,SV,070690,08C46KB,9XKG8X1,2098500.0,15000.0,14868.0,LINE_VZIZJJ,34.9,Clear
42927796,2020-01-20,20:39:16,Import,US,PORT_40,LB,902790,W2TYO0F,7H4FQBD,731.8,2.0,2.213,LINE_MODE_40,32.4,Low Risk
84994901,2020-01-20,15:37:41,Import,CN,PORT_39,BA,440719,ZP1KAKE,FE9X0QG,775005.5,7789.0,7482.892,LINE_5V1OQR,14.8,Clear
35995753,2020-01-20,01:17:13,Import,JP,PORT_10,SI,840721,KXV3NHA,OO9SQ6H,1437418.0,1262.0,1305.791,LINE_MODE_40,63.6,Clear
63101810,2020-01-20,19:36:50,Import,TH,PORT_30,EC,844331,T9WFKDO,3RN3KW3,9661056.0,7240.0,7713.496,LINE_MODE_10,173.3,Critical
72579959,2020-01-20,09:49:59,Import,CN,PORT_40,JP,950450,777A50B,DWNJQL8,461380.0,460.0,451.582,LINE_MODE_40,28.6,Clear
67187612,2020-01-20,03:45:32,Import,IN,PORT_20,BA,710239,XKQ6VBA,L8X60FC,0.0,0.0,0.001,LINE_MODE_10,33.6,Clear
10406524,2020-01-20,23:46:04,Import,KR,PORT_20,NO,847990,Z6U5NGA,8LKSYYO,10495.05,46.5,48.356,LINE_MODE_10,104.0,Low Risk
78789326,2020-01-20,14:51:26,Import,TW,PORT_20,PL,392330,7L5EOS4,WF5Z9SF,17452.8,1728.0,1555.822,LINE_MODE_10,24.6,Low Risk
90044605,2020-01-20,22:03:25,Import,CN,PORT_40,GN,670210,WHFHJKE,IR57BHP,429.0,165.0,166.436,LINE_VZIZJJ,46.4,Clear
78575070,2020-01-20,12:24:30,Import,CN,PORT_20,IL,401610,3JFSKU3,4FRFW9Q,1010202.6,8877.0,8887.652,LINE_MODE_40,41.5,Clear
56976091,2020-01-20,23:57:31,Import,JP,PORT_20,MT,732690,AD5ELLK,4WSXDSK,15.0,10.0,11.946,LINE_MODE_10,95.3,Low Risk
85514491,2020-01-20,15:17:31,Import,IT,PORT_40,OM,681381,86LOJRX,RBKRC5B,478187.4,141.0,168.444,LINE_MODE_40,89.3,Low Risk
31806857,2020-01-20,06:46:17,Import,CN,PORT_40,TH,950490,KW8H97R,BKYOXFF,94842.4,1841.6,1809.74,LINE_MODE_40,29.3,Clear
91422522,2020-01-20,04:20:42,Import,DE,PORT_40,UG,854449,MIDLECR,25WQUW1,20.32,25.4,24.77,LINE_MWIDNS,30.3,Clear
81952667,2020-01-20,14:09:47,Import,CN,PORT_40,WS,250100,RO4I0VY,WK881X2,13800.0,1000.0,1027.7,LINE_MODE_40,59.0,Clear
58136564,2020-01-20,04:46:44,Import,CA,PORT_20,IR,151411,CCCNN53,O9QXSRZ,307881009.6,681756.0,684619.375,LINE_MODE_10,49.5,Clear
17201565,2020-01-20,17:12:45,Import,CN,PORT_40,HN,962000,ROCGG22,DWNJQL8,3845.52,58.8,62.352,LINE_MWIDNS,163.3,Critical
37678179,2020-01-20,09:33:39,Import,GB,PORT_40,RS,630720,9L4B3DA,DWNJQL8,4015.0,10.0,8.127,LINE_MODE_40,31.4,Critical
97809870,2020-01-20,03:24:30,Import,CN,PORT_20,CR,350400,6A5T73S,IL7YA1I,15163900.0,9500.0,10908.28,LINE_MODE_10,48.3,Low Risk
77136846,2020-01-20,14:30:06,Import,CN,PORT_16,CR,392690,372XJWT,2OQZJ37,360.0,600.0,711.984,LINE_MODE_10,57.4,Low Risk
28613019,2020-01-20,11:27:39,Import,GR,PORT_40,DJ,220421,H60W7AD,DWNJQL8,1782.0,13.5,12.848,LINE_MODE_40,8.8,Clear
15786868,2020-01-20,20:42:28,Import,RO,PORT_40,MN,870895,37FVXQA,PF1L1IG,707584.0,1280.0,1171.277,LINE_MWIDNS,6.4,Low Risk
21892849,2020-01-20,21:24:49,Import,CN,PORT_16,JP,720521,ZMZCHLV,NDRMNDD,1956720.0,4960.0,4894.032,LINE_MODE_40,31.9,Clear
31799705,2020-01-20,17:35:05,Import,KR,PORT_40,JP,870899,KX9HPYJ,1QZYGCU,391468.0,55924.0,53614.339,LINE_MODE_40,13.4,Clear
57557511,2020-01-20,10:47:51,Import,CN,PORT_20,FJ,940180,2B2YMD1,7PN0VA5,429.6,358.0,416.225,LINE_MODE_10,51.7,Low Risk
27987657,2020-01-20,12:32:57,Import,JP,PORT_30,LR,392690,MIQBKYB,QPISR7N,4.8,8.0,7.862,LINE_MODE_10,35.3,Clear
43713725,2020-01-20,03:02:05,Import,US,PORT_20,TT,690390,5WSXJV6,UHXDM25,117075.0,70.0,71.338,LINE_MODE_10,10.4,Low Risk
66329078,2020-01-20,04:52:38,Import,KR,PORT_30,AT,902710,2PFPAVE,0FE5PX4,31784.0,20.0,19.944,LINE_MODE_40,38.8,Clear
10377268,2020-01-20,14:02:28,Import,CN,PORT_40,PY,853400,IQQN0GO,74FHLEX,155.0,5.0,4.575,LINE_MODE_10,12.4,Low Risk
12321666,2020-01-20,06:17:06,Import,CN,PORT_20,MT,630710,EXXEXCS,F2SD6OI,42.6,6.0,6.019,LINE_MODE_10,48.8,Clear
19756356,2020-01-20,05:28:36,Import,CN,PORT_20,CR,620432,1XEIAPB,OQY4ZUC,13120.0,25.0,25.205,LINE_MODE_10,52.1,Clear
40866826,2020-01-20,02:09:46,Import,US,PORT_13,HU,843890,HKBSDTW,DY2N1CV,15744.0,80.0,97.491,LINE_LM3SJ4,97.0,Low Risk
84150716,2020-01-20,10:07:56,Import,CN,PORT_20,HN,847150,24V2ECO,9QIF0MP,467676.15,2109.5,2168.988,LINE_MODE_10,65.3,Clear
46629449,2020-01-20,07:21:29,Import,JP,PORT_40,AM,960910,HMQ7Q53,RPIVBD2,670.5,89.4,88.211,LINE_MWIDNS,31.9,Clear
13829894,2020-01-20,07:22:14,Import,CN,PORT_40,SV,730810,J7CI7B7,5IZD95H,396172.5,1307.5,1293.379,LINE_W6UCD9,33.6,Clear
84045350,2020-01-20,17:15:50,Import,MY,PORT_20,JP,030617,KIP93LD,J6CQGJD,1775800.0,6500.0,6247.8,LINE_W5AYVM,15.1,Clear
35818977,2020-01-20,19:54:57,Import,JP,PORT_40,MN,391190,ALD7H7V,3FZEI0F,412500.0,1000.0,1022.7,LINE_MODE_40,55.7,Clear
96193148,2020-01-20,14:27:08,Import,CN,PORT_20,EC,640419,F7PSD3R,KMM5MEM,77769.12,290.4,293.943,LINE_MODE_10,54.7,Clear
72460666,2020-01-20,10:13:46,Import,DE,PORT_20,FJ,300490,XM89H2T,XZZVG98,222010.8,798.6,801.156,LINE_MODE_10,48.8,Clear
93623161,2020-01-20,13:42:01,Import,CN,PORT_20,PY,392690,1UNSTGP,G9G9F13,25.8,43.0,44.32,LINE_MODE_10,67.0,Clear
81892616,2020-01-20,18:52:56,Import,CN,PORT_10,SV,580632,YF2VA71,LJ94Q88,322.3,1.0,0.978,LINE_MODE_10,32.3,Clear
23393806,2020-01-20,16:32:46,Import,CN,PORT_40,PG,681599,3LYI1Q8,ZE8X170,393.0,10.0,10.543,LINE_MODE_10,113.2,Low Risk
58337033,2020-01-20,01:51:53,Import,CN,PORT_20,NO,851290,XB2QVT4,VZN3JZ6,36420.4,332.0,330.24,LINE_MODE_10,43.2,Clear
84061006,2020-01-20,20:32:46,Import,CN,PORT_20,IR,071080,1VHJG03,IB17J2O,7036800.0,24000.0,24796.8,LINE_MODE_10,68.6,Clear
78479749,2020-01-20,15:59:49,Import,DE,PORT_40,SV,300490,NDL5F5D,DSSX3VP,22240.0,80.0,82.936,LINE_MODE_40,64.9,Clear
32446804,2020-01-20,02:04:04,Import,CN,PORT_40,LB,200811,XIPHXXV,TAU9HB1,890400.0,4000.0,3936.8,LINE_MODE_10,36.3,Clear
61556002,2020-01-20,06:45:22,Import,CN,PORT_40,KR,392690,EMRSLVX,GCPNHU7,476.82,794.7,822.673,LINE_MODE_10,69.9,Clear
38679564,2020-01-20,02:43:24,Import,JP,PORT_20,LR,330420,SRXEFLI,N8XBQG4,1379.2,8.0,8.034,LINE_MODE_10,49.5,Clear
78718544,2020-01-20,13:59:44,Import,CN,PORT_20,PY,850140,XIKK7OW,26W89DR,504249.3,243.0,246.451,LINE_MODE_10,56.1,Clear
84896028,2020-01-20,07:01:48,Import,JP,PORT_30,CL,842199,SMN7A85,DKJKAJA,1586.88,273.6,265.994,LINE_MODE_10,28.3,Clear
13192198,2020-01-20,09:57:58,Import,US,PORT_13,HU,850440,ZY9MRH8,P575YW3,1932.23,71.3,73.952,LINE_MODE_10,71.2,Clear
49039301,2020-01-20,19:57:41,Import,US,PORT_20,ES,853710,1YD1KUL,Z00PHDR,3335.55,11.1,10.664,LINE_MODE_10,20.8,Clear
40398541,2020-01-20,09:05:01,Import,CN,PORT_30,EC,830140,0G1THMR,QJIO1RS,28961.6,3148.0,3276.124,LINE_W6UCD9,73.6,Clear
20641018,2020-01-20,19:04:58,Import,CN,PORT_30,GG,120190,O7KAO7O,GB5G7N9,11164000.0,40000.0,41088.0,LINE_MODE_10,64.6,Clear
70630742,2020-01-20,06:11:02,Import,CN,PORT_20,HN,491199,KXVTRV8,9YN4W8K,1.08,0.4,0.386,LINE_MODE_10,23.7,Clear
14294626,2020-01-20,20:59:46,Import,JP,PORT_20,UG,848180,NN50EKD,96CCC16,1762.4,2.0,2.046,LINE_MODE_10,62.0,Clear
42044462,2020-01-20,01:33:02,Import,SG,PORT_40,NO,960820,SAJQ1AU,GOMZHMJ,19.1,1.0,1.005,LINE_VZIZJJ,44.1,Clear
51705393,2020-01-20,10:24:33,Import,JP,PORT_40,PG,340319,P4HZS7W,87TO3QR,935616.0,1920.0,2287.565,LINE_MWIDNS,88.3,Low Risk
22703513,2020-01-20,15:39:53,Import,US,PORT_20,GG,220421,EZPJ2HR,QHBKQSS,1320.0,10.0,9.547,LINE_MODE_40,10.8,Clear
92737682,2020-01-20,07:00:02,Import,CN,PORT_40,NG,940179,CBZU3TU,D3XK1OR,67541.4,2826.0,2812.435,LINE_MODE_40,37.5,Clear
18849977,2020-01-20,23:38:17,Import,JP,PORT_20,MG,392340,Q5BH16X,CF2J6WU,737.1,117.0,119.656,LINE_MODE_10,61.7,Clear
48955129,2020-01-20,02:42:49,Import,RU,PORT_20,MT,270111,TBGUXTZ,DC8ZFRX,387000000.0,10000000.0,10467000.0,LINE_MODE_10,11.5,Clear
79936158,2020-01-20,11:17:18,Import,FR,PORT_30,BR,400259,T0TOOB3,I7VSXV7,12855.0,25.0,23.93,LINE_MODE_40,12.4,Clear
43594892,2020-01-20,18:13:32,Import,CO,PORT_10,AT,090111,FD4BTQT,RB6HURK,1280790.0,2100.0,2184.42,LINE_MODE_40,67.2,Clear
35057321,2020-01-20,04:04:41,Import,CN,PORT_40,SI,621210,WNUHZT1,YQ1JLRT,444.0,8.0,7.606,LINE_MODE_10,14.2,Clear
38800325,2020-01-20,22:12:05,Import,CN,PORT_20,CR,420329,803AH17,MS796BZ,445097.52,65.8,69.004,LINE_MODE_10,12.8,Clear
70445130,2020-01-20,06:05:30,Import,MY,PORT_20,LB,190590,A8OMSMK,0JTKLDW,6037243.2,34128.0,33145.114,LINE_MODE_10,27.7,Clear
79527523,2020-01-20,11:26:43,Import,CN,PORT_40,NG,950300,L9X0PE1,P0PG8TK,738600.0,2000.0,2602.08,LINE_MODE_10,122.3,Critical
30852897,2020-01-20,16:26:57,Import,US,PORT_40,CL,902750,ZIX6041,EJJWKKF,76707.0,45.0,43.322,LINE_MODE_10,22.1,Clear
70463457,2020-01-20,11:22:57,Import,CN,PORT_40,DJ,854160,1RPARTO,K24WNBY,43246.0,14.0,13.758,LINE_MODE_40,29.3,Clear
15489616,2020-01-20,02:56:16,Import,CN,PORT_20,SD,420292,3GQAOA4,F3DWT0P,195.96,326.6,292.914,LINE_MODE_10,30.8,Low Risk
23194549,2020-01-20,18:59:49,Import,US,PORT_40,IR,841981,I8GNRZH,15FJDZI,93075.0,425.0,440.597,LINE_MWIDNS,64.9,Clear
57153735,2020-01-20,09:02:15,Import,IE,PORT_40,SD,340119,X867S1Y,FVI4U22,159.0,2.0,1.987,LINE_MODE_10,42.5,Clear
98936789,2020-01-20,21:10:29,Import,CN,PORT_30,MG,392690,LGN9ZMM,RA72JWT,27.0,45.0,45.752,LINE_MWIDNS,51.7,Clear
62479965,2020-01-20,02:32:45,Import,CN,PORT_40,SV,392690,0ER8AX5,ZXPO8JG,8.76,14.6,15.288,LINE_VZIZJJ,102.6,Low Risk
96735495,2020-01-20,19:58:15,Import,VN,PORT_40,GG,851770,P36MQTO,FVI4U22,1316.26,6.2,6.285,LINE_W6UCD9,49.7,Clear
41375120,2020-01-20,10:25:20,Import,US,PORT_20,OM,392092,BVRSMT8,YO5Y5XW,145737.0,90.0,92.358,LINE_MODE_10,64.0,Clear
39802097,2020-01-20,19:40:17,Import,CN,PORT_20,UG,420299,SAD6I5L,41GHZ47,144.53,14.9,13.525,LINE_MODE_10,18.5,Low Risk
56709287,2020-01-20,22:06:47,Import,TH,PORT_20,SD,420221,VZBTNCB,7DORHA7,2038.96,66.2,67.372,LINE_MODE_40,52.4,Clear
65876708,2020-01-20,09:13:08,Import,US,PORT_20,MN,420219,N4B2SNZ,23RIU88,110.72,6.4,6.606,LINE_MODE_10,67.9,Clear
34080747,2020-01-20,07:04:27,Import,CN,PORT_40,BG,950300,3WDK65Q,K0KC0F8,868407.84,6897.6,8543.643,LINE_MODE_40,44.9,Critical
36919025,2020-01-20,07:37:05,Import,JP,PORT_40,WS,851110,W9FRQSI,LB7BFK6,4256.12,3.4,3.396,LINE_VZIZJJ,39.8,Clear
70937755,2020-01-20,04:35:55,Import,FR,PORT_40,CL,380892,PIRJPAS,LSITAA8,1969200.0,4000.0,3934.8,LINE_MODE_40,29.9,Clear
68734091,2020-01-20,12:44:11,Import,MY,PORT_40,CL,401519,HJQ2F2M,W8M5371,16650.0,300.0,358.392,LINE_VZIZJJ,89.3,Low Risk
95061167,2020-01-20,19:24:47,Import,US,PORT_40,PY,851712,PM6V876,DB9B0VN,29078.8,2.0,1.955,LINE_MODE_10,32.0,Clear
15371453,2020-01-20,22:58:53,Import,KR,PORT_41,LV,070959,MX2J1DG,97L41CL,6910800.0,1500.0,1477.05,LINE_AT9SIZ,30.6,Clear
93543253,2020-01-20,06:42:13,Import,CN,PORT_16,GU,620343,OD8U2KQ,M27RTMS,12270.96,62.1,68.027,LINE_MODE_10,35.8,Low Risk
64754230,2020-01-20,15:57:10,Import,IT,PORT_30,CA,610910,KMQZ1J0,QOOP8MU,546.0,35.0,35.742,LINE_MODE_40,54.7,Clear
57456164,2020-01-20,07:46:44,Import,VN,PORT_30,ES,620211,1FRX7EL,P8B16SX,12734.4,16.0,16.067,LINE_MODE_10,49.5,Clear
13870097,2020-01-20,08:20:17,Import,CN,PORT_30,HN,640192,0F8KPVF,UBDPJGR,857082.0,1266.0,1218.778,LINE_MODE_10,22.1,Clear
51307475,2020-01-20,18:24:35,Import,FR,PORT_40,OM,711790,1I4Z34P,L2QAD0K,12.42,0.6,0.732,LINE_MODE_10,103.5,Low Risk
50157785,2020-01-20,21:03:05,Import,JP,PORT_20,IR,390810,EGIPDC3,BVO64SZ,21760.0,20.0,20.374,LINE_MODE_10,59.0,Clear
50104464,2020-01-20,04:18:24,Import,CN,PORT_30,OM,392690,M9GVCC8,8IYZ18J,474.0,790.0,753.818,LINE_MODE_10,16.5,Clear
94466381,2020-01-20,22:35:41,Import,JP,PORT_20,GN,401220,OTOAH9B,EF1QZ5H,1579211.6,13661.0,13943.783,LINE_W6UCD9,60.4,Clear
65223929,2020-01-20,20:29:29,Import,RO,PORT_20,MG,392690,RG3N914,MRCDA0F,84.6,141.0,147.585,LINE_MODE_40,5.5,Clear
31220287,2020-01-20,19:10:07,Import,IT,PORT_40,NO,610910,OY1CLID,9FA4L2D,15.6,1.0,1.018,LINE_MODE_10,58.4,Clear
82656676,2020-01-20,16:27:16,Import,US,PORT_40,NG,621143,VM11XFB,VH8BK8T,41.44,0.8,0.839,LINE_MWIDNS,6.5,Clear
84794668,2020-01-20,21:32:28,Import,KR,PORT_40,JP,490199,XS9UCGK,NMBOXXZ,5.76,1.6,1.524,LINE_MODE_10,15.1,Clear
65350324,2020-01-20,13:56:04,Import,CN,PORT_30,WS,850511,7H957L2,4QC013K,5399.2,34.0,34.823,LINE_MODE_40,56.7,Clear
56883733,2020-01-20,23:30:13,Import,US,PORT_20,BG,841451,5OU9E45,7CKSPNF,85736.64,211.8,231.37,LINE_MODE_40,3.0,Critical
79767872,2020-01-20,22:16:32,Import,CN,PORT_40,AM,910211,R9JRPYJ,U7VHXHV,8413.3,7.0,6.415,LINE_MODE_10,11.2,Low Risk
72437148,2020-01-20,02:13:48,Import,CN,PORT_40,LB,392690,L5S0E84,S1VM86P,18.0,30.0,35.503,LINE_MODE_10,56.7,Low Risk
38659822,2020-01-20,18:42:22,Import,TH,PORT_53,SD,330499,XTVUD7A,MEVSSBL,100387.5,375.0,384.45,LINE_5V1OQR,57.3,Clear
68553394,2020-01-20,01:40:34,Import,TH,PORT_30,WS,160415,RJG1N2G,QFUTQDH,6323040.0,1800.0,1870.56,LINE_MODE_10,72.6,Clear
84045203,2020-01-20,05:01:23,Import,CN,PORT_16,BA,920999,GFCD3GY,33765J1,6887.5,72.5,69.578,LINE_MODE_10,20.1,Clear
55600070,2020-01-20,19:47:50,Import,FR,PORT_20,ZZ,340130,81KGW8I,NPKQ6XY,49.12,0.2,0.2,LINE_MWIDNS,41.5,Clear
11495563,2020-01-20,09:40:43,Import,CN,PORT_40,GG,071080,YAOW3J7,E44MM7Y,5304000.0,20000.0,19594.0,LINE_MODE_40,27.3,Clear
43056301,2020-01-20,19:21:01,Import,KR,PORT_40,CA,382499,WNUHZT1,ERI5688,6875.0,550.0,528.385,LINE_MODE_40,14.8,Clear
67544951,2020-01-20,14:25:11,Import,JP,PORT_20,PY,903289,RM2K1WE,1HCOTVX,168055.23,0.7,0.69,LINE_77BN4M,31.3,Clear
59193959,2020-01-20,03:29:59,Import,GB,PORT_20,AT,392099,Q5041RK,RZXCX7U,6272.0,35.0,31.304,LINE_MODE_10,33.5,Low Risk
82636162,2020-01-20,06:21:22,Import,US,PORT_40,IL,680690,708A72F,PF1L1IG,10216.0,40.0,38.208,LINE_VZIZJJ,11.1,Clear
35012717,2020-01-20,13:17:17,Import,VN,PORT_40,CL,210220,EA1ZLUZ,4EHHHTX,4168000.0,20000.0,19054.0,LINE_MODE_10,15.5,Clear
36494005,2020-01-20,10:53:25,Import,JP,PORT_40,AM,540710,KL9KGVP,DV61O8W,7630.0,100.0,117.224,LINE_MODE_40,48.0,Low Risk
11934446,2020-01-20,20:03:26,Import,CN,PORT_40,TT,851310,KZ0ODMF,DWNJQL8,43.52,3.4,3.445,LINE_MODE_40,49.4,Clear
36044062,2020-01-20,12:06:22,Import,CN,PORT_40,PG,940389,4TNV14J,43MSLZK,38000.0,5000.0,5805.2,LINE_VZIZJJ,45.4,Low Risk
86897786,2020-01-20,23:12:26,Import,US,PORT_10,LR,340319,EA3V6JE,8EF0CRI,12912.48,18.9,19.716,LINE_MODE_40,69.2,Clear
66254100,2020-01-20,23:55:00,Import,CN,PORT_30,JP,850440,VOM36NJ,AZC73FG,1034385.0,1650.0,1709.73,LINE_MODE_10,70.6,Clear
64287695,2020-01-20,04:01:35,Import,CN,PORT_20,GG,292690,JZ3YBF9,HV7KVEA,5910300.0,3000.0,3041.1,LINE_MODE_10,55.7,Clear
97869146,2020-01-20,22:48:26,Import,CN,PORT_13,LV,392640,AGXO7U4,GBYVYGD,932.1,239.0,230.205,LINE_MODE_10,22.4,Clear
63111696,2020-01-20,12:37:36,Import,CN,PORT_39,ES,442191,OUDRKX8,WQG5VEC,271454.4,336.0,348.835,LINE_MODE_10,71.9,Clear
79282177,2020-01-20,07:41:37,Import,JP,PORT_20,MG,330499,KN4OLII,F8VJJE0,32058.0,180.0,219.067,LINE_W6UCD9,96.4,Low Risk
11611183,2020-01-20,21:47:43,Import,CN,PORT_20,BG,854370,F3VHSLH,BOZIS9R,117012.0,398.0,385.941,LINE_MODE_10,26.7,Clear
20765462,2020-01-20,10:43:02,Import,CN,PORT_40,RS,851310,5S3RCE5,KKOLQ16,135180.0,150.0,150.78,LINE_W6UCD9,44.1,Clear
66129874,2020-01-20,00:28:34,Import,DE,PORT_40,DJ,391732,FW6SKEE,6IV15GL,464.48,1.6,1.599,LINE_MODE_10,46.2,Clear
58358453,2020-01-20,19:48:53,Import,JP,PORT_40,CA,330420,36P2O8F,IB17J2O,30669.96,177.9,175.178,LINE_MODE_40,30.6,Clear
69002227,2020-01-20,22:09:07,Import,NL,PORT_40,EC,903180,KE4DKQ1,HC3VPPG,226.08,7.2,7.758,LINE_MWIDNS,9.8,Low Risk
89672753,2020-01-20,10:13:53,Import,CN,PORT_20,ES,392610,MDKA6F1,GXH2G0H,1527240.0,2860.0,3022.219,LINE_MODE_40,108.7,Low Risk
94215567,2020-01-20,11:11:27,Import,BR,PORT_40,AT,020714,FWVNMKK,7JUUMOF,13455039.6,23004.0,22491.011,LINE_MODE_10,32.0,Clear
29540507,2020-01-20,15:13:47,Import,CN,PORT_30,SI,401320,P12ECLQ,J3UWRSR,8597.55,19.5,19.65,LINE_MODE_10,51.8,Clear
87603605,2020-01-20,10:40:05,Import,UA,PORT_40,CR,440711,V4VP2K5,DWNJQL8,3042900.0,24500.0,24713.15,LINE_MWIDNS,46.4,Clear
20284156,2020-01-20,18:45:16,Import,TH,PORT_20,MG,854110,2E83XOW,ERYBM20,79.6,0.8,0.807,LINE_MODE_40,46.1,Clear
62937479,2020-01-20,03:21:59,Import,FR,PORT_20,HU,611595,J1HQZKD,E44MM7Y,534.63,25.1,25.645,LINE_MODE_40,55.0,Clear
24095086,2020-01-20,19:20:46,Import,CN,PORT_20,LB,420232,D4KBDAP,VQH6DMS,6034.0,70.0,78.585,LINE_MODE_10,42.2,Low Risk
67214706,2020-01-20,06:21:06,Import,CN,PORT_20,AT,820559,8OZ1RD1,ISUWA68,280.0,16.0,15.731,LINE_MODE_10,35.6,Clear
95245430,2020-01-20,16:23:50,Import,CN,PORT_40,PG,820540,EELPGVQ,VFZOUUJ,3.36,1.4,1.43,LINE_MWIDNS,54.7,Clear
78230380,2020-01-20,09:19:40,Import,DE,PORT_20,UG,382499,6WI3Z60,7T0XVZC,120500.0,9640.0,9603.368,LINE_MODE_10,44.2,Clear
64648207,2020-01-20,00:42:07,Import,CN,PORT_40,GG,732690,RCBLCFH,1NYE9WJ,99.0,66.0,63.208,LINE_MWIDNS,12.8,Clear
81880267,2020-01-20,07:23:07,Import,VN,PORT_20,TT,030617,OZDV9XY,RFLJFCH,20516623.2,8172.0,8398.364,LINE_MODE_10,65.0,Clear
84528374,2020-01-20,05:50:14,Import,CN,PORT_16,CR,640291,UZWSRZ3,XOWXO9L,1481729.2,4501.0,4722.449,LINE_MODE_10,13.2,Clear
77526242,2020-01-20,05:36:02,Import,CN,PORT_40,ES,850440,N9A4JMJ,UFNMRV4,4336.0,160.0,162.432,LINE_MODE_40,50.7,Clear
17414577,2020-01-20,11:34:57,Import,CN,PORT_40,UG,853949,J1HQZKD,PE6X6GZ,1684.5,1.0,1.023,LINE_MODE_10,61.7,Clear
49614554,2020-01-20,07:33:14,Import,CA,PORT_20,LB,854442,XBQ4OVA,82Z9WH9,91.0,10.0,9.102,LINE_MODE_10,16.5,Low Risk
52938298,2020-01-21,06:32:58,Import,CN,PORT_40,IL,120799,EAHNZTB,V5FCG3P,20860890.0,28020.0,27661.344,LINE_MODE_40,32.2,Clear
30413618,2020-01-21,08:21:38,Import,KR,PORT_40,SV,700490,S6KR8Y7,DWNJQL8,6777977.3,14351.0,14741.347,LINE_MODE_40,58.6,Clear
53347137,2020-01-21,00:50:57,Import,CN,PORT_16,OM,392490,VSVO2FY,0C582ID,6.6,6.0,6.256,LINE_MODE_40,68.9,Clear
74110540,2020-01-21,16:55:40,Import,JP,PORT_20,KR,350610,PWWGR45,ZR5U4CH,3272.4,36.0,36.583,LINE_MODE_10,57.4,Clear
26250268,2020-01-21,23:12:28,Import,CN,PORT_10,TH,392690,8H5AOC3,P3DBABM,6.6,11.0,10.474,LINE_MODE_40,9.1,Clear
42585108,2020-01-21,05:59:48,Import,CN,PORT_40,TH,392410,1FLJZD6,SWHP4GN,126.0,90.0,92.898,LINE_MODE_40,61.9,Clear
47917237,2020-01-21,11:12:37,Import,JP,PORT_40,TH,330499,YG3LDQ3,5JVKX6N,1602.9,9.0,8.934,LINE_MODE_40,35.9,Clear
62545241,2020-01-21,15:36:41,Import,VN,PORT_30,GU,620463,WWTR0T0,SPMRN9P,2724.12,41.4,46.146,LINE_MODE_10,40.3,Low Risk
28516994,2020-01-21,19:07:14,Import,TH,PORT_40,PL,560391,80UF6A8,IG7Y31F,243363.32,2810.2,2920.36,LINE_MODE_40,66.6,Clear
74543332,2020-01-21,12:20:52,Import,US,PORT_40,ES,903082,8UDLWKF,9Z8AYH4,1301850.0,2750.0,2805.55,LINE_MODE_40,54.0,Clear
79927929,2020-01-21,19:36:09,Import,CN,PORT_20,DJ,854442,0LOQCO3,1HLSD3H,63.7,7.0,7.327,LINE_MODE_10,11.5,Clear
73506910,2020-01-21,23:15:10,Import,CN,PORT_40,JP,071080,9OGGU9Q,E9ZH8JR,2368236.0,8930.0,8762.116,LINE_MODE_40,28.3,Clear
97929075,2020-01-21,03:31:15,Import,RU,PORT_40,TH,870240,XMFKCU1,7TTJVAJ,112967905.6,3454.0,3535.86,LINE_MODE_40,56.3,Clear
37374040,2020-01-21,16:20:40,Import,CN,PORT_40,RS,392690,SMT4VXO,XF34IOQ,84.0,140.0,126.736,LINE_MODE_10,20.5,Low Risk
42838574,2020-01-21,17:20:14,Import,JP,PORT_20,PL,740931,9PSPPC3,6IV15GL,55676949.16,11119.6,11310.412,LINE_MODE_10,10.7,Low Risk
95408564,2020-01-21,22:06:44,Import,CN,PORT_30,PY,900490,9S6ZLUI,7UXMIRC,102532.5,525.0,527.205,LINE_MODE_40,43.5,Clear
19442614,2020-01-21,19:47:34,Import,CN,PORT_40,PY,392690,0QAM771,QANXX3L,2.4,4.0,4.117,LINE_MODE_40,60.0,Clear
31521760,2020-01-21,14:42:40,Import,CN,PORT_40,NO,732690,4RUS242,ZZPCNEC,322.35,214.9,250.195,LINE_MODE_40,46.1,Low Risk
53489137,2020-01-21,10:57:37,Import,JP,PORT_20,BR,870340,NDGEE7P,EEQB3ND,10965040.0,1640.0,1710.028,LINE_MODE_10,74.9,Clear
94251382,2020-01-21,04:48:22,Import,DE,PORT_40,BA,390950,V0UTN69,GO1EBDS,310252.8,704.0,735.821,LINE_MODE_40,4.5,Clear
38007123,2020-01-21,03:20:03,Import,CN,PORT_30,GN,850790,EZPV6CR,TZEW4M0,453.6,84.0,83.975,LINE_MODE_10,46.5,Clear
42228774,2020-01-21,02:36:54,Import,CZ,PORT_40,BG,392690,CGPQL2J,SL2P7II,10.2,17.0,17.836,LINE_MODE_40,7.2,Clear
81643827,2020-01-21,11:02:27,Import,DE,PORT_40,LV,847989,FHDMYQM,2OQZJ37,525.0,250.0,261.925,LINE_MODE_40,6.2,Clear
74795990,2020-01-21,23:59:50,Import,CN,PORT_40,SD,851640,EX9ITDQ,V35PQBL,5257305.0,4050.0,4216.86,LINE_MODE_40,67.9,Clear
25302053,2020-01-21,21:28:53,Import,DE,PORT_62,LB,852852,M88BEQK,7GHJ33J,75896.16,27.2,33.267,LINE_MODE_40,42.4,Critical
71327146,2020-01-21,15:21:46,Import,PL,PORT_20,LB,870880,NZS7ECV,W2O1BC0,237710.0,1100.0,1059.52,LINE_MODE_10,22.4,Clear
33479801,2020-01-21,21:52:41,Import,CN,PORT_40,JP,540761,NKB1QJ7,U1XPQ4X,2976.6,123.0,124.316,LINE_MODE_40,47.8,Clear
19244253,2020-01-21,21:25:33,Import,CN,PORT_40,FJ,392490,LWXRX7T,F2SS4WH,8.8,8.0,7.878,LINE_MODE_40,30.6,Clear
81715358,2020-01-21,22:50:38,Import,CN,PORT_40,UG,610821,E7W2IOD,E3Q8ABV,1110.0,20.0,18.231,LINE_MODE_40,9.3,Low Risk
12064997,2020-01-21,06:55:17,Import,CN,PORT_20,CA,732690,3BFUK83,DC8ZFRX,75.0,50.0,59.252,LINE_MODE_10,57.1,Low Risk
73801910,2020-01-21,03:51:50,Import,US,PORT_20,GU,853710,6092V8C,6YJ5BTT,706.92,27.4,24.516,LINE_MODE_40,27.1,Low Risk
65885306,2020-01-21,18:24:26,Import,CN,PORT_40,BR,392690,10TTF21,R5P6P4N,331.98,553.3,544.005,LINE_MWIDNS,29.6,Clear
54419316,2020-01-21,10:04:36,Import,US,PORT_20,GU,854370,1SO3GD6,E3Q8ABV,20.16,0.8,0.823,LINE_MODE_10,65.3,Clear
80469826,2020-01-21,18:59:46,Import,CN,PORT_40,HU,853400,T0VBTTY,L5GONLU,46.5,1.5,1.828,LINE_MODE_40,97.0,Low Risk
11472854,2020-01-21,16:38:14,Import,US,PORT_40,MG,820750,BDIPD96,WPN0LAZ,3020.76,10.8,10.899,LINE_MODE_40,46.8,Clear
23172714,2020-01-21,01:15:54,Import,JP,PORT_30,CA,711719,GJ6QPBH,CD1YKQ5,0.72,0.4,0.358,LINE_MODE_40,25.6,Low Risk
40410243,2020-01-21,06:52:03,Import,CN,PORT_40,OM,850440,4ZYUO21,DWNJQL8,13793.9,509.0,529.207,LINE_MODE_40,66.9,Clear
11252724,2020-01-21,00:09:24,Import,US,PORT_40,TT,848690,DK98G4I,NCM4TBO,1489.8,2.6,2.663,LINE_MODE_40,56.7,Clear
47955867,2020-01-21,21:16:27,Import,CN,PORT_30,RS,852852,8WMV8R9,I03XNA6,54236.0,140.0,143.878,LINE_MODE_40,59.0,Clear
65413289,2020-01-21,01:05:29,Import,CN,PORT_100,NG,940599,BES92ZL,DP1VO72,30609.0,895.0,865.196,LINE_B12OMY,24.7,Clear
70747182,2020-01-21,09:11:42,Import,VN,PORT_16,HU,610990,3U0QYI3,KV0I6ZC,1225.0,19.6,20.486,LINE_MODE_10,10.5,Clear
91175201,2020-01-21,16:22:41,Import,CN,PORT_20,BG,392610,HV44VG3,X3S3PP4,359.73,2.1,2.122,LINE_MODE_40,47.8,Clear
78726848,2020-01-21,22:42:08,Import,JP,PORT_13,KR,853690,RGD01EF,I8X6L0U,3761.24,20.2,19.436,LINE_GVKCEG,17.7,Clear
78825579,2020-01-21,23:23:39,Import,CN,PORT_20,PG,392410,Y1ZVV7W,5V5OQ50,823.2,588.0,571.36,LINE_MODE_10,28.0,Clear
54038765,2020-01-21,07:06:05,Import,ES,PORT_40,MN,420291,D1CM4K6,DWNJQL8,361.85,0.5,0.514,LINE_MODE_40,59.6,Clear
52338541,2020-01-21,05:45:01,Import,CN,PORT_20,MT,620463,S18BLR8,1VRR8DV,132258.0,2010.0,2143.303,LINE_MODE_10,120.8,Low Risk
72696351,2020-01-21,00:01:51,Import,CN,PORT_40,PY,940169,7YKT823,FQ7MHVJ,335521.4,4673.0,4606.176,LINE_MODE_40,31.3,Clear
31730708,2020-01-21,04:13:08,Import,LK,PORT_20,SV,611241,TUJBEB0,EMSFHV2,319.52,0.4,0.413,LINE_MODE_10,67.9,Clear
11640106,2020-01-21,11:37:46,Import,CN,PORT_16,CR,390810,RP174UU,ULVRNYI,97680.0,200.0,196.64,LINE_MODE_10,35.6,Clear
96230670,2020-01-21,04:44:30,Import,VN,PORT_40,MG,741110,M2Q3ZHV,HHVV4NY,4634639.36,7446.4,7455.336,LINE_MODE_40,41.5,Clear
37470124,2020-01-21,21:26:04,Import,US,PORT_40,CL,330290,8VCPJHV,FN0RAZS,4325.5,5.0,5.121,LINE_MWIDNS,56.7,Clear
72528959,2020-01-21,03:39:59,Import,JP,PORT_40,WS,330499,TLICAF6,IK8JYCI,1602.9,9.0,8.835,LINE_MODE_40,28.6,Clear
80224874,2020-01-21,06:25:14,Import,CN,PORT_40,LR,441700,G2K2LS5,UBO4ZVW,74900.0,350.0,399.644,LINE_MODE_40,40.8,Low Risk
88655228,2020-01-21,16:35:08,Import,DE,PORT_30,GU,853890,KX6418K,98ILTUP,10.0,0.5,0.451,LINE_MODE_10,24.0,Low Risk
70124294,2020-01-21,04:42:14,Import,CN,PORT_40,SI,392690,C9B163D,A7POIBB,6.54,10.9,10.782,LINE_MODE_40,33.6,Clear
92247322,2020-01-21,04:07:22,Import,TW,PORT_16,MG,330499,TRUKM9O,ZMZXOAJ,55923.4,314.0,282.273,LINE_KJ8YGQ,22.6,Low Risk
71179399,2020-01-21,10:07:19,Import,GB,PORT_20,ES,441400,EJ5PFZS,PMU0W61,14973.0,210.0,201.957,LINE_MODE_10,21.4,Clear
25273105,2020-01-21,09:58:25,Import,CN,PORT_40,SD,392620,7JEUB25,3EVLVZQ,90295.7,1909.0,1830.158,LINE_MWIDNS,13.4,Clear
66838986,2020-01-21,05:59:06,Import,ES,PORT_40,JP,420291,6SSQC4O,1XCM1XF,361.85,0.5,0.522,LINE_MODE_40,69.2,Clear
41568390,2020-01-21,20:46:30,Import,CN,PORT_30,LR,830241,3LDKDS3,3WIE9T3,22109.6,232.0,241.558,LINE_MWIDNS,73.9,Clear
28483375,2020-01-21,23:42:55,Import,JP,PORT_30,UZ,210390,Y7K2P0D,D0D8SWX,10692.0,396.0,385.585,LINE_MWIDNS,23.3,Clear
50124589,2020-01-21,03:33:49,Import,JP,PORT_40,IR,340119,T27OVN0,6T0AJ3G,119.25,1.5,1.797,LINE_MODE_40,90.3,Low Risk
96960848,2020-01-21,23:42:08,Import,CN,PORT_40,SV,071080,R5NWKMU,PF1L1IG,53040000.0,200000.0,192440.0,LINE_MWIDNS,15.7,Clear
28394987,2020-01-21,09:01:47,Import,CN,PORT_40,SI,840999,DR8QZOL,4E5DWHH,163242.8,674.0,609.438,LINE_MODE_10,21.4,Low Risk
36793441,2020-01-21,11:40:01,Import,CN,PORT_40,BR,620640,M5KYBBQ,ZGNH4UK,859.5,45.0,44.582,LINE_MODE_40,34.6,Clear
21486782,2020-01-21,11:05:02,Import,CN,PORT_40,BA,961610,Q6EAW8E,2SEPFG5,348.14,20.6,21.531,LINE_MODE_40,4.5,Clear
89163599,2020-01-21,00:23:59,Import,IN,PORT_30,UZ,620452,OHC2NJT,ZN21MCW,65.65,1.3,1.25,LINE_MODE_10,21.4,Clear
60080758,2020-01-21,02:33:58,Import,CN,PORT_40,KR,590310,K6OA6BQ,91J0P94,4304.0,40.0,38.288,LINE_MODE_40,12.4,Clear
96897585,2020-01-21,22:59:45,Import,KR,PORT_40,IL,902710,7JV4WMX,J4EGNZM,31784.0,20.0,20.374,LINE_MODE_40,53.0,Clear
95755843,2020-01-21,23:18:43,Import,ID,PORT_20,UZ,330210,FBRYQJE,7GX8XJ6,1263450.0,300.0,311.91,LINE_MODE_40,66.9,Clear
78576282,2020-01-21,11:56:42,Import,CN,PORT_40,HN,200899,LD8GM65,PVP6099,1005348.6,23994.0,23878.829,LINE_MODE_40,37.5,Clear
28734261,2020-01-21,06:20:21,Import,CN,PORT_40,SD,940540,4H0240W,ND7VZAO,25521.12,532.8,522.517,LINE_MODE_10,34.0,Clear
58366177,2020-01-21,05:41:37,Import,VN,PORT_20,EC,071080,GPBMSJL,D9A9VWB,5304000.0,20000.0,20454.0,LINE_MODE_10,61.7,Clear
25094170,2020-01-21,19:16:10,Import,BG,PORT_40,TH,621149,RUJJ1D5,M60DBCO,417.92,3.2,2.93,LINE_MODE_40,5.8,Low Risk
83015181,2020-01-21,20:22:21,Import,CN,PORT_16,BA,330530,0K4OKGF,ZYZ8542,274796.5,85.0,102.904,LINE_MODE_10,100.4,Low Risk
40880549,2020-01-21,14:26:29,Import,CN,PORT_20,SV,950300,P26GTNK,XLVMLCC,27583.16,45.1,47.802,LINE_MODE_10,116.7,Low Risk
26256471,2020-01-21,20:03:51,Import,CN,PORT_40,BA,848340,JPX81OJ,5A0OMW7,3480291.1,15899.0,16307.604,LINE_MODE_40,57.7,Clear
29787066,2020-01-21,09:47:06,Import,IT,PORT_16,MN,680422,72H6MPQ,XCPU02P,2252826.4,16456.0,16508.659,LINE_MODE_10,48.8,Clear
35420668,2020-01-21,10:32:28,Import,CN,PORT_30,MN,847180,708A72F,O9QXSRZ,3013.6,4.0,3.809,LINE_MODE_40,9.1,Clear
95199296,2020-01-21,19:10:56,Import,CN,PORT_40,IR,630710,A61JN5C,EO1X47K,11.36,1.6,1.7,LINE_MODE_10,118.3,Low Risk
20669969,2020-01-21,04:23:29,Import,JP,PORT_40,EC,620333,CG34ZO5,GFQ1SLJ,886.4,8.0,8.214,LINE_MODE_40,58.3,Clear
16686519,2020-01-21,06:32:39,Import,JP,PORT_20,GN,842420,MG77MTE,PAO2VWW,7.5,3.0,3.005,LINE_MODE_10,47.8,Clear
62543879,2020-01-21,06:01:59,Import,CN,PORT_30,PY,961590,OVWC9G8,G13NYJ2,43.5,15.0,15.326,LINE_MODE_40,55.0,Clear
13711131,2020-01-21,11:14:51,Import,KH,PORT_30,BG,611300,HIW6MYN,MUN8DGS,117286.4,98.0,97.579,LINE_MODE_10,43.9,Clear
85395832,2020-01-21,22:55:52,Import,CN,PORT_40,GN,420299,ZMZCHLV,X1TJS5Y,859.42,88.6,85.96,LINE_MODE_40,21.0,Clear
81589044,2020-01-21,18:01:24,Import,JP,PORT_40,SD,330499,6SEWAYS,4QC013K,1602.9,9.0,8.678,LINE_MODE_40,17.1,Clear
99668084,2020-01-21,05:18:44,Import,JP,PORT_20,BR,392690,IWYGMHU,FV3MNLL,0.6,1.0,1.044,LINE_MELYTX,71.9,Clear
55264858,2020-01-21,20:48:58,Import,PH,PORT_40,TT,853939,R3K28HB,PF1L1IG,23315.2,32.0,32.23,LINE_MODE_40,45.4,Clear
94195195,2020-01-21,08:59:55,Import,CN,PORT_39,KR,854370,LUECPT8,N5PFRLN,10602.4,914.0,880.822,LINE_MODE_40,16.7,Clear
33963740,2020-01-21,11:42:20,Import,US,PORT_40,BR,903082,HFVWJ5F,V5FCG3P,1301850.0,2750.0,2794.55,LINE_MODE_40,51.4,Clear
14105257,2020-01-21,22:59:37,Import,CN,PORT_20,CL,392410,DE94UPG,PU7WQG6,126.0,90.0,88.443,LINE_MODE_40,29.3,Clear
80052141,2020-01-21,21:18:21,Import,VN,PORT_40,AT,570220,GY8V5R5,HKEF2UA,2005355.0,11110.0,11562.177,LINE_MODE_40,67.6,Clear
56098437,2020-01-21,09:05:57,Import,CN,PORT_20,PY,160300,84AM3IA,3O25DQ8,603000.0,10000.0,9927.0,LINE_MODE_10,41.9,Clear
35470358,2020-01-21,09:00:38,Import,CN,PORT_40,DJ,200899,7JV4WMX,PF1L1IG,1019636.5,24335.0,23293.462,LINE_MODE_40,12.4,Clear
72986781,2020-01-21,02:42:21,Import,CN,PORT_20,PG,030579,LR4OJYG,MFBN317,10710545.0,8350.0,8522.845,LINE_MODE_10,60.4,Clear
13321078,2020-01-21,21:45:58,Import,CA,PORT_20,BG,470720,RAO8Y6Q,OUEEHXK,3784344.0,49020.0,48882.744,LINE_MODE_10,44.8,Clear
57247980,2020-01-21,18:13:00,Import,CN,PORT_40,MT,090421,1DVUJ9P,TRRN385,14127440.0,13700.0,13647.94,LINE_MODE_40,38.2,Clear
54544894,2020-01-21,10:25:34,Import,CN,PORT_40,PL,850440,7AN4Z4B,Y8GD0L0,1034385.0,1650.0,1632.18,LINE_W6UCD9,33.6,Clear
62338780,2020-01-21,02:59:40,Import,CN,PORT_40,UZ,392690,0NZ69ZL,818J1DT,933.6,1556.0,1550.087,LINE_MODE_40,38.2,Clear
57447321,2020-01-21,02:11:21,Import,CN,PORT_40,IL,853400,GJ488TA,5PDPMM1,46.5,1.5,1.374,LINE_MODE_40,5.5,Low Risk
48182085,2020-01-21,06:54:45,Import,CN,PORT_40,BA,551599,1ZNY80M,TYPPLMV,487.5,15.0,14.53,LINE_MODE_40,20.0,Clear
83115594,2020-01-21,20:03:54,Import,US,PORT_40,AM,490700,F2Q6PHL,PF1L1IG,1199.92,0.4,0.416,LINE_MODE_40,66.6,Clear
24102716,2020-01-21,10:07:56,Import,JP,PORT_40,NG,854390,1NZXBCZ,6D4DNS7,271.5,15.0,15.695,LINE_MODE_40,102.1,Low Risk
85436672,2020-01-21,04:56:32,Import,KR,PORT_20,TH,732399,DNR2VH4,HHRCLWI,1028.36,18.8,17.229,LINE_MODE_10,11.2,Low Risk
32046955,2020-01-21,01:35:55,Import,CN,PORT_40,JP,740911,67UWNW5,DWNJQL8,5628261.6,1532.0,1507.028,LINE_MODE_40,29.9,Clear
53827677,2020-01-21,10:19:57,Import,CN,PORT_40,SV,620640,3A4M1H2,4BZ746R,859.5,45.0,43.772,LINE_MODE_40,22.7,Clear
55786267,2020-01-21,23:03:07,Import,CH,PORT_30,DJ,321410,0TO06U4,QUS4HJ1,3111105.66,3942.6,4051.81,LINE_MODE_10,65.0,Clear
33872708,2020-01-21,23:13:08,Import,CN,PORT_40,HN,961590,M2Q3ZHV,7LUL1N4,40.9,1.0,1.032,LINE_MODE_10,67.9,Clear
64188215,2020-01-21,16:23:35,Import,ES,PORT_30,NO,392690,O7XIQDY,7KGEZUR,851.4,1419.0,1296.98,LINE_MODE_10,13.3,Low Risk
38633858,2020-01-21,11:45:38,Import,CN,PORT_20,PY,300390,9TOC0S5,BFIQPAF,0.0,0.0,0.001,LINE_MODE_10,52.9,Low Risk
51134397,2020-01-21,22:11:57,Import,VN,PORT_40,JP,030743,PK7LJDB,BFIQPAF,267206.88,398.4,403.46,LINE_MODE_10,55.1,Clear
29505313,2020-01-21,22:23:13,Import,CN,PORT_40,UZ,442199,R0ARIEL,PF1L1IG,2000.0,2500.0,2283.275,LINE_MODE_40,7.8,Low Risk
36121329,2020-01-21,19:06:09,Import,CN,PORT_40,PL,392690,XAI29G0,UOOH9ZX,9.0,15.0,15.7,LINE_MODE_40,5.5,Clear
15009388,2020-01-21,04:44:28,Import,CN,PORT_20,SI,640299,N8ATSZZ,C9DXOFP,213.52,0.8,0.896,LINE_MODE_10,41.5,Low Risk
94671019,2020-01-21,19:34:19,Import,CN,PORT_30,BA,030389,KRI4NHU,T1WTWLP,9079400.0,22000.0,20937.4,LINE_MODE_10,14.8,Clear
74483591,2020-01-21,21:49:11,Import,CN,PORT_40,SI,620640,874D1MO,6V8QPPW,573.0,30.0,28.971,LINE_MODE_40,18.1,Clear
29585977,2020-01-21,03:11:37,Import,CN,PORT_16,WS,620459,AUFXAAT,F3PM7AU,9637.32,13.2,13.5,LINE_MODE_10,61.7,Clear
29610854,2020-01-21,22:58:14,Import,DE,PORT_20,BG,853710,CPL6YDQ,L58U68F,2163.6,7.2,7.266,LINE_MODE_10,52.8,Clear
45765120,2020-01-21,00:32:00,Import,KR,PORT_40,IR,700490,40VYVCY,UBK0QYT,6777977.3,14351.0,14726.996,LINE_MODE_40,58.0,Clear
72091980,2020-01-21,21:33:00,Import,CN,PORT_40,GG,940169,18POGDH,5PDPMM1,290790.0,4050.0,4034.61,LINE_MODE_40,38.2,Clear
38944891,2020-01-21,15:17:31,Import,JO,PORT_20,CR,220830,IU16BT1,O9BOQPF,532532.0,280.0,284.396,LINE_MODE_40,51.1,Clear
34422485,2020-01-21,14:08:05,Import,CN,PORT_40,PL,560311,J1LI8XR,E44MM7Y,966000.0,5000.0,4517.55,LINE_MODE_40,16.0,Low Risk
37891527,2020-01-21,21:37:27,Import,CN,PORT_40,HU,732690,7JV4WMX,PF1L1IG,7.5,5.0,4.988,LINE_MODE_40,39.2,Clear
44215871,2020-01-21,14:07:11,Import,CN,PORT_30,UZ,611610,B7K3E2K,GFVFFGL,212.3,1.0,1.042,LINE_MODE_10,105.5,Low Risk
12887630,2020-01-21,19:13:50,Import,JP,PORT_40,CA,391590,9BSN9NY,OQY4ZUC,0.0,18235.0,18621.582,LINE_MODE_40,54.7,Clear
19065719,2020-01-21,08:45:59,Import,CN,PORT_10,PY,841490,X7QONDR,1R6MDJ5,1865.6,16.0,16.027,LINE_MODE_10,47.8,Clear
40310630,2020-01-21,04:43:50,Import,SG,PORT_13,BG,732690,YIIADKE,TPWGHW3,0.6,0.4,0.408,LINE_MODE_10,60.7,Clear
20609112,2020-01-21,15:57:12,Import,CN,PORT_20,GG,392390,XGW7R0W,8TF3OLD,492.1,259.0,266.822,LINE_77BN4M,66.6,Clear
20740223,2020-01-21,08:18:23,Import,CN,PORT_40,FJ,711719,P12ECLQ,I592EZJ,54.0,30.0,30.504,LINE_MODE_10,10.9,Low Risk
28547362,2020-01-21,13:41:22,Import,CN,PORT_40,CR,830210,NUJ7E7B,1CN7YRL,69054.7,1573.0,1436.086,LINE_MODE_10,14.1,Low Risk
13843537,2020-01-21,22:17:37,Import,CN,PORT_40,RS,732690,I5BCJOK,L5GONLU,7.5,5.0,5.214,LINE_MODE_40,68.9,Clear
28936987,2020-01-21,20:55:07,Import,TH,PORT_20,NO,170199,ASFAPEL,UVOV64K,24840000.0,200000.0,193540.0,LINE_MODE_40,19.4,Clear
96436036,2020-01-21,04:03:16,Import,CN,PORT_40,BG,950590,MUNQD5W,6T0AJ3G,48425.0,1490.0,1442.618,LINE_MODE_40,19.7,Clear
62734889,2020-01-21,01:05:29,Import,CN,PORT_40,PL,611030,MG77MTE,2IN185B,185.6,2.0,1.933,LINE_MODE_40,18.7,Clear
44816755,2020-01-21,12:45:55,Import,JP,PORT_20,IR,841430,OZ753MD,BIPMRKV,74848.0,40.0,39.348,LINE_MODE_40,29.9,Clear
30680381,2020-01-21,08:15:41,Import,KR,PORT_40,CL,691390,QDQLC0A,1XCM1XF,52.5,5.0,6.053,LINE_MODE_40,94.4,Low Risk
26261562,2020-01-21,08:04:42,Import,CN,PORT_50,PG,200899,2S4F50X,4QC013K,628500.0,15000.0,14328.0,LINE_MODE_10,17.1,Clear
35322668,2020-01-21,09:59:08,Import,KR,PORT_30,HN,847330,IORYHYR,J04ELC8,156.0,2.0,1.83,LINE_MODE_40,6.4,Low Risk
80908172,2020-01-21,15:01:32,Import,JP,PORT_40,HN,381800,E7W2IOD,DWNJQL8,41527.26,73.8,73.815,LINE_MODE_40,40.8,Clear
46222264,2020-01-21,16:35:04,Import,CN,PORT_20,MT,902730,N87E9Y4,PF1L1IG,37004.0,29.0,27.672,LINE_MODE_40,10.5,Clear
33125324,2020-01-21,01:12:44,Import,VN,PORT_40,MT,720421,S7Q6MDF,KY3NSEY,515447.2,33911.0,34731.646,LINE_MODE_40,56.7,Clear
43041510,2020-01-21,21:58:30,Import,CN,PORT_20,TH,392610,KJM3U7H,2OQZJ37,45959.79,268.3,263.256,LINE_MODE_10,34.3,Clear
40270501,2020-01-21,05:31:01,Import,FR,PORT_40,NG,220429,CAJ8S9E,OZB7KED,63973.59,156.3,142.094,LINE_MODE_40,11.3,Low Risk
54075790,2020-01-21,17:43:10,Import,CN,PORT_30,BG,851762,JBNG2LI,W78HZJJ,348977.7,45.9,47.791,LINE_MODE_40,67.9,Clear
12312671,2020-01-21,08:07:11,Import,CN,PORT_40,NO,821300,VBBK2YG,DWNJQL8,2023.0,14.0,14.36,LINE_MODE_10,63.7,Clear
60977223,2020-01-21,19:55:03,Import,US,PORT_40,EC,950629,OXK25HF,96015L9,66176.0,160.0,162.69,LINE_MODE_40,4.9,Low Risk
38914966,2020-01-21,15:58:46,Import,TR,PORT_20,IL,620432,DBZPGDV,6MVEOWF,2624.0,5.0,4.766,LINE_MODE_40,9.8,Clear
82635234,2020-01-21,22:37:54,Import,CN,PORT_40,SD,611420,ZD1VF2O,67F0O6D,9762.76,117.2,119.45,LINE_MODE_40,53.4,Clear
12765526,2020-01-21,16:14:46,Import,JP,PORT_40,AT,390690,JCO6BW3,VB7E8NH,141426.0,2430.0,2364.876,LINE_MODE_40,23.0,Clear
46035070,2020-01-21,08:11:10,Import,JP,PORT_40,KE,340119,30W1TD7,A7POIBB,119.25,1.5,1.722,LINE_MODE_40,42.3,Low Risk
78059787,2020-01-21,07:28:27,Import,ID,PORT_20,ZZ,190230,LR7T1YJ,9UP4MN8,884698.36,1281.8,1159.016,LINE_MODE_10,21.4,Low Risk
73089317,2020-01-21,14:07:17,Import,CN,PORT_16,MG,620459,3IERDCQ,TBYU8IT,9637.32,13.2,12.576,LINE_MODE_10,15.5,Clear
13180582,2020-01-21,05:08:22,Import,US,PORT_40,UG,040490,PND8JB4,L1K00L6,1128300.0,600.0,627.12,LINE_MODE_10,10.5,Clear
84212667,2020-01-21,20:36:27,Import,JP,PORT_20,IR,720449,QIOJ56I,KV0I6ZC,2700621.0,1000230.0,1027936.371,LINE_MODE_10,65.0,Clear
37118378,2020-01-21,06:47:38,Import,CN,PORT_40,OM,853710,B8BW7L7,PF1L1IG,1560196.0,5192.0,5437.062,LINE_MODE_40,5.8,Clear
81768569,2020-01-21,16:13:29,Import,CN,PORT_40,SD,730840,ODNC5LS,QVN89O8,2127960.0,25700.0,26386.19,LINE_MODE_10,64.3,Clear
97369953,2020-01-21,23:00:33,Import,CN,PORT_40,BG,620463,84TM5Y5,ONKQE2Z,263.2,4.0,4.227,LINE_MODE_40,108.7,Low Risk
83133990,2020-01-21,22:46:30,Import,KR,PORT_40,BA,700490,VBBK2YG,PDBU3OC,6777977.3,14351.0,14942.261,LINE_MODE_40,67.9,Clear
83778600,2020-01-21,23:50:00,Import,CN,PORT_20,SI,880390,1RF4UR1,F3NY2H3,6556.0,110.0,108.482,LINE_MODE_10,37.6,Clear
77926852,2020-01-21,08:12:52,Import,CN,PORT_40,MT,901910,F26GCXC,PF1L1IG,3900.0,750.0,720.15,LINE_MODE_40,14.4,Clear
47700416,2020-01-21,17:02:56,Import,VN,PORT_20,PG,071080,JOVPF5F,CQO2XK4,19094400.0,72000.0,70430.4,LINE_MODE_10,32.3,Clear
46191879,2020-01-21,02:28:39,Import,CA,PORT_20,LR,920992,HN045ER,9PLU4SD,461.7,4.5,4.598,LINE_MODE_10,61.0,Clear
29836277,2020-01-21,15:23:17,Import,CN,PORT_40,PL,293399,JPX81OJ,E44MM7Y,146760.0,200.0,194.54,LINE_MODE_40,22.7,Clear
71435216,2020-01-21,10:02:56,Import,JP,PORT_40,OM,370500,72J5UNB,QXLD5ST,611901.0,5.4,5.282,LINE_MODE_40,26.3,Clear
82239253,2020-01-21,10:42:13,Import,US,PORT_20,FJ,621210,ML1HJGT,89HCH5G,136080.0,600.0,657.264,LINE_MODE_10,35.8,Low Risk
84026013,2020-01-21,00:21:33,Import,DE,PORT_20,CA,901890,PKUFIXY,CXWWNWO,58214.0,260.0,261.222,LINE_MWIDNS,49.8,Clear
75603252,2020-01-21,16:06:12,Import,US,PORT_20,UG,902519,E0QJHWB,WXFK87I,48204.0,103.0,98.901,LINE_MODE_40,14.4,Clear
56287234,2020-01-21,10:24:34,Import,DE,PORT_40,SV,901890,GPBMSJL,UX4NJ8S,4401.33,2.9,2.956,LINE_MODE_40,53.4,Clear
76974770,2020-01-21,09:12:50,Import,VN,PORT_20,KR,081190,4QBHWKO,QOOP8MU,250338.6,909.0,864.641,LINE_MODE_10,14.5,Clear
63553273,2020-01-21,16:09:13,Import,CN,PORT_20,OM,847490,9TUYQGA,818J1DT,390960.0,2400.0,2339.28,LINE_MODE_10,30.0,Clear
24260118,2020-01-21,09:43:18,Import,CN,PORT_20,AM,560312,84JNSXE,4QC013K,1438384.96,10963.3,9840.22,LINE_MODE_40,24.1,Low Risk
70300599,2020-01-21,19:20:39,Import,ES,PORT_40,LV,420291,JPX81OJ,GUNCR94,361.85,0.5,0.481,LINE_MODE_40,15.4,Clear
85483956,2020-01-21,15:08:36,Import,US,PORT_40,WS,940290,GSZPNXT,1556AQV,3050.0,2.0,2.016,LINE_MODE_10,52.1,Clear
25999940,2020-01-21,15:32:20,Import,ES,PORT_20,FJ,611030,NCK0QHK,P3Z8JCO,111.36,1.2,1.219,LINE_MODE_10,57.4,Clear
37833363,2020-01-21,11:04:03,Import,CN,PORT_20,LV,732690,LR219J3,X9K7Z5O,157.2,104.8,102.673,LINE_77BN4M,33.3,Clear
25341907,2020-01-21,22:17:07,Import,CN,PORT_40,GG,630790,O7EXPIU,VY02C6A,12.65,5.5,5.542,LINE_MODE_40,45.8,Clear
56335610,2020-01-21,12:06:50,Import,AT,PORT_40,MN,340119,BKOCK5T,7Z63G4O,498400.0,1000.0,1051.12,LINE_MWIDNS,105.1,Low Risk
57371419,2020-01-21,02:34:19,Import,CN,PORT_30,DJ,320417,RN0SG8C,YWL4OAG,718920.0,600.0,571.02,LINE_MODE_10,14.8,Clear
89060194,2020-01-21,18:00:34,Import,CN,PORT_40,HU,853921,WFQ80RV,7TTJVAJ,919581.6,1016.0,1080.943,LINE_MODE_40,113.3,Low Risk
23738172,2020-01-21,17:08:12,Import,CN,PORT_40,BG,630790,QDXI6UG,3GJVKTW,1593.9,693.0,693.139,LINE_W6UCD9,40.8,Clear
63546264,2020-01-21,02:08:24,Import,CN,PORT_40,OM,382499,9B0Y1WB,4QC013K,15575.4,102.0,97.328,LINE_MODE_40,10.5,Clear
45573933,2020-01-21,15:13:33,Import,CN,PORT_20,PL,940490,1VHJG03,F463TSU,120166.2,5202.0,5434.529,LINE_MODE_10,10.2,Clear
63114658,2020-01-21,17:18:58,Import,US,PORT_40,LR,200931,HFVWJ5F,PF1L1IG,9768200.0,17000.0,17122.4,LINE_MODE_40,45.4,Clear
44027727,2020-01-21,22:07:27,Import,CN,PORT_40,SD,071080,O28P04K,QBCWXDO,31824000.0,120000.0,136444.8,LINE_MODE_40,39.7,Low Risk
44797684,2020-01-21,00:52:04,Import,CN,PORT_40,BA,960910,TXTIFBM,24ZI9DJ,1575.0,210.0,219.282,LINE_W6UCD9,69.9,Clear
38709786,2020-01-21,00:19:06,Import,TW,PORT_30,GN,854231,1ZNY80M,UNCISOP,29408.9,14.5,15.52,LINE_MODE_40,81.4,Low Risk
18346902,2020-01-21,13:33:42,Import,CN,PORT_40,CR,630790,3WS6I65,O9C6ZIU,1593.9,693.0,682.744,LINE_MWIDNS,30.9,Clear
15555876,2020-01-21,14:40:36,Import,CN,PORT_121,MG,901890,17PXB26,EUFUO35,53423.04,35.2,36.897,LINE_MODE_40,6.5,Clear
73130073,2020-01-21,09:42:33,Import,CN,PORT_40,MT,901920,CRWU4TC,A7POIBB,54.0,15.0,14.62,LINE_MODE_40,24.0,Clear
20687587,2020-01-21,09:25:07,Import,JP,PORT_20,GG,740400,IY0WPWK,JC5ETY9,295855.5,50145.0,48525.316,LINE_MODE_10,25.4,Clear
85228140,2020-01-21,06:29:00,Import,CN,PORT_20,FJ,851310,DV6AY9Y,C15XLK8,2056.5,22.5,22.864,LINE_MODE_10,57.4,Clear
15414384,2020-01-21,08:10:24,Import,DE,PORT_40,DJ,902131,E0QJHWB,1IA5D5A,1170203.64,78.8,78.343,LINE_MODE_40,36.9,Clear
53769915,2020-01-21,17:05:15,Import,CN,PORT_40,CR,940360,VLP4ELC,QVZVIED,1534.31,216.1,216.9,LINE_MODE_40,43.1,Clear
18017185,2020-01-21,02:26:25,Import,JP,PORT_20,HU,392690,F26GCXC,Q9ZG6R5,1089.0,1815.0,1848.94,LINE_MODE_10,59.0,Clear
76782891,2020-01-21,19:10:51,Import,CN,PORT_20,SD,621710,39366CJ,OV79GTA,1.8,1.2,1.219,LINE_MWIDNS,51.1,Clear
48113237,2020-01-21,12:19:17,Import,IT,PORT_40,GU,621440,JF26KN7,6T0AJ3G,3018.72,1.9,1.886,LINE_MODE_40,35.9,Clear
53377789,2020-01-21,11:13:49,Import,CN,PORT_40,KR,610990,LOF6XA3,SS76UZ1,702.24,2.8,2.847,LINE_MODE_40,51.7,Clear
27610779,2020-01-21,21:03:39,Import,CN,PORT_40,CR,854370,YK136ZH,PF1L1IG,27322.4,17.0,16.519,LINE_MODE_40,22.0,Clear
19395773,2020-01-21,04:50:53,Import,KR,PORT_13,GU,902710,FMNCBE7,HCRZBVB,31784.0,20.0,20.494,LINE_MODE_10,63.0,Clear
25261537,2020-01-21,17:57:37,Import,CN,PORT_40,BA,830629,UNW78D0,H2VEPK1,18.69,2.1,2.19,LINE_MODE_40,68.9,Clear
19338303,2020-01-21,05:33:03,Import,JP,PORT_40,WS,391530,GJ488TA,DWNJQL8,410476.5,26145.0,26398.606,LINE_MODE_40,47.1,Clear
84663077,2020-01-21,21:03:17,Import,CN,PORT_40,FJ,940171,708A72F,ZKB0LAL,3168322.78,11372.3,11061.836,LINE_MODE_40,22.7,Clear
80671849,2020-01-21,04:54:49,Import,CN,PORT_20,BG,420299,CBBPGE2,2XTFA74,2290.17,236.1,232.96,LINE_MODE_40,31.9,Clear
62195639,2020-01-21,21:17:59,Import,DE,PORT_20,IL,842139,XWSG9U3,DTY4I3M,3675.6,9.0,9.611,LINE_MODE_10,121.8,Low Risk
63047671,2020-01-21,18:30:31,Import,CN,PORT_40,PL,442199,LSKUSNM,T92NP86,155971.2,1056.0,1083.139,LINE_MODE_40,57.7,Clear
72724537,2020-01-21,18:07:37,Import,FR,PORT_40,HU,130239,HG7RK5D,OZKII7E,49600.0,100.0,104.27,LINE_MODE_10,74.9,Clear
88017361,2020-01-21,00:32:01,Import,CN,PORT_39,MT,420299,EFNU2LZ,2PDED6U,597.52,61.6,63.491,LINE_MODE_10,67.0,Clear
59351448,2020-01-21,11:18:48,Import,TW,PORT_30,CL,210690,YK136ZH,VI2IHL2,97400.0,400.0,384.88,LINE_MWIDNS,15.7,Clear
36875546,2020-01-21,08:08:26,Import,CN,PORT_20,LB,071290,ME5MFEM,DUV7E7M,6085650.0,14500.0,13966.4,LINE_MODE_40,16.4,Clear
62443964,2020-01-21,01:16:44,Import,CH,PORT_40,IL,845190,9BH9EMS,JAGXT06,810.9,10.6,12.273,LINE_MODE_10,50.6,Low Risk
79486237,2020-01-21,12:22:37,Import,US,PORT_20,CR,880330,ALDBLCI,59P5IFO,709.83,0.3,0.298,LINE_MODE_40,35.9,Clear
82505828,2020-01-21,20:25:08,Import,KR,PORT_20,NO,854390,ZQCO5PX,RE6WFZ6,199.1,11.0,10.694,LINE_MODE_10,28.3,Clear
96636687,2020-01-21,19:43:27,Import,ES,PORT_40,PY,420291,FT7CB7Q,XP4116Y,361.85,0.5,0.509,LINE_MWIDNS,52.4,Clear
74097789,2020-01-21,12:07:09,Import,FR,PORT_40,HN,291590,FT7CB7Q,6T0AJ3G,89.28,0.2,0.203,LINE_MODE_40,51.7,Clear
33416188,2020-01-21,05:44:28,Import,CN,PORT_20,LV,630790,WX3TDB6,ELGM3C8,232.3,101.0,100.212,LINE_MODE_10,41.5,Clear
96269821,2020-01-21,00:53:01,Import,CN,PORT_20,DJ,852859,0AY92YO,JB2MO0O,45799.5,57.0,74.456,LINE_MODE_10,123.9,Critical
42989795,2020-01-21,19:56:35,Import,CN,PORT_30,GG,540490,HBVO5R2,FUP97HQ,174316.64,129.2,124.51,LINE_MODE_10,22.7,Clear
39647349,2020-01-21,02:33:09,Import,JP,PORT_40,MT,330430,DTBL7MH,589O1M5,1422.96,3.3,3.421,LINE_MODE_10,70.9,Clear
83362148,2020-01-21,10:17:08,Import,JP,PORT_20,BA,950631,X6RS7TL,UTNPOCA,25085.0,58.0,58.708,LINE_MODE_10,54.7,Clear
22847439,2020-01-21,05:54:39,Import,CN,PORT_20,AM,621430,GOU2TL1,K1QAU07,26938.8,252.0,262.508,LINE_MODE_40,68.2,Clear
28779063,2020-01-21,19:59:03,Import,CN,PORT_20,SI,392690,D9BV0S8,0LWHLAN,2054.0,65.0,66.931,LINE_MODE_10,66.3,Clear
56515413,2020-01-21,06:31:33,Import,MM,PORT_40,KR,630790,1CI8PRT,HH0DF21,22.77,9.9,11.478,LINE_MODE_40,45.0,Low Risk
38981780,2020-01-21,13:36:20,Import,DE,PORT_20,JP,854442,703AY33,X0RTTHA,0.91,0.1,0.1,LINE_MODE_10,44.2,Clear
19391905,2020-01-21,16:18:25,Import,CN,PORT_16,SI,611595,A3QMLEQ,H2111XJ,426.0,20.0,19.174,LINE_MODE_40,13.4,Clear
16125449,2020-01-21,22:01:29,Import,KR,PORT_40,SV,854140,BF3L3LN,DK31QMY,681418.5,17885.0,17647.13,LINE_MODE_40,31.9,Clear
31482893,2020-01-21,10:22:53,Import,US,PORT_40,HU,200931,X93RCW4,DWNJQL8,9768200.0,17000.0,16399.9,LINE_MODE_40,17.4,Clear
18692878,2020-01-21,17:55:58,Import,CN,PORT_40,OM,392690,B4CSXED,ZN0A109,18.0,30.0,34.063,LINE_MODE_10,45.3,Low Risk
54294558,2020-01-21,00:37:18,Import,JP,PORT_40,CR,848690,OFXES58,PF1L1IG,4584.0,8.0,7.292,LINE_MODE_40,9.3,Low Risk
90241324,2020-01-21,08:06:04,Import,US,PORT_40,SV,300490,1D2SULS,DWNJQL8,834.0,3.0,3.073,LINE_MODE_40,56.7,Clear
98784857,2020-01-21,11:46:17,Import,CN,PORT_40,TT,950300,U4WTOXS,J9GUDGH,7364.0,28.0,27.516,LINE_MODE_40,29.3,Clear
28771974,2020-01-21,08:36:54,Import,GT,PORT_20,GG,760200,G94SIRF,LQ3UQ5X,210700.0,21500.0,22557.8,LINE_MODE_10,13.2,Clear
65311247,2020-01-21,19:32:47,Import,CN,PORT_40,IL,283539,JUUX732,A61RMS9,14694000.0,20000.0,20754.0,LINE_MODE_10,71.6,Clear
43312845,2020-01-21,06:20:45,Import,CN,PORT_20,MN,950590,SI577IU,SX4V7MS,48425.0,1490.0,1473.163,LINE_MODE_40,33.2,Clear
68179554,2020-01-21,23:09:54,Import,DE,PORT_40,JP,970300,N87E9Y4,PF1L1IG,2200.0,40.0,38.368,LINE_MODE_40,13.8,Clear
23348456,2020-01-21,12:36:56,Import,CN,PORT_20,TH,640299,UMSDR8O,E0UT5JM,26799.96,260.7,237.461,LINE_MODE_10,15.9,Low Risk
73691518,2020-01-21,07:19:58,Import,CN,PORT_40,CL,850980,NWUFJX9,HH0DF21,11621.7,37.0,36.156,LINE_MODE_40,25.6,Clear
86627009,2020-01-21,13:47:29,Import,IT,PORT_20,BA,711719,KLTWFLI,EMHSQP7,1.26,0.7,0.705,LINE_MODE_10,51.1,Clear
30013180,2020-01-21,15:39:40,Import,JP,PORT_40,KR,340119,GZAMVNK,DN7LBUR,119.25,1.5,1.698,LINE_MODE_40,38.5,Low Risk
76583548,2020-01-21,04:40:28,Import,TN,PORT_40,LR,620432,1SO3GD6,PF1L1IG,9971.2,19.0,19.232,LINE_MODE_40,48.7,Clear
82923928,2020-01-21,17:53:28,Import,CN,PORT_40,SV,841459,OY1CLID,XK33V6F,99.39,0.3,0.307,LINE_MODE_40,55.3,Clear
16155444,2020-01-21,10:01:24,Import,CN,PORT_53,PG,851310,GKLIYC0,KMM5MEM,3473.2,38.0,36.64,LINE_JZQYAK,17.1,Clear
65239606,2020-01-21,08:22:46,Import,KR,PORT_20,CR,700490,H8JRSLI,Q9ZG6R5,6777977.3,14351.0,14827.453,LINE_MODE_10,68.6,Clear
93420427,2020-01-21,20:59:07,Import,CN,PORT_13,UZ,702000,4WRDOP7,RTYX0YA,2996.0,70.0,73.339,LINE_MODE_40,6.2,Clear
51959103,2020-01-21,02:53:03,Import,VN,PORT_40,CL,611030,3ZH4HX3,E44MM7Y,70453.76,759.2,766.564,LINE_MODE_10,53.1,Clear
82494980,2020-01-21,04:36:20,Import,CN,PORT_40,PL,300215,ABI8QR3,PF1L1IG,2150.75,0.5,0.566,LINE_MWIDNS,38.5,Low Risk
91310029,2020-01-21,19:57:49,Import,CN,PORT_40,DJ,732490,708A72F,QVZVIED,77000.0,625.0,622.938,LINE_MODE_40,38.5,Clear
36006089,2020-01-21,00:25:29,Import,KR,PORT_30,PL,391733,WAVY747,SSQKUI3,4526.2,14.0,13.534,LINE_MODE_10,24.7,Clear
75573132,2020-01-21,15:44:12,Import,JP,PORT_40,AT,820890,F26GCXC,YEVMXEV,12.96,0.1,0.102,LINE_MODE_40,54.0,Clear
75804584,2020-01-21,12:33:44,Import,CN,PORT_16,HU,071080,Z8DQZDS,9HF6ZKX,31824000.0,120000.0,119304.0,LINE_MODE_10,42.9,Clear
50728504,2020-01-21,04:19:04,Import,JP,PORT_40,LV,710813,4U0AB5R,Z8F60BA,139306.2,1.0,1.034,LINE_MODE_10,69.3,Clear
80104161,2020-01-21,23:45:21,Import,CN,PORT_20,MN,620463,L58EV4Y,PAO2VWW,7567.0,115.0,118.53,LINE_MODE_40,61.0,Clear
62216889,2020-01-21,11:52:09,Import,JP,PORT_30,HN,490290,4515WQY,FQKH1PD,187.32,0.3,0.29,LINE_MODE_10,24.7,Clear
96210675,2020-01-21,22:11:15,Import,JP,PORT_16,MG,294190,QKERCRM,INVEAMF,6831.27,0.9,1.098,LINE_MWIDNS,103.5,Low Risk
30294747,2020-01-21,19:24:27,Import,CN,PORT_40,PG,850980,4U0AB5R,NCKUA7X,142915.5,455.0,449.404,LINE_MWIDNS,32.6,Clear
41991802,2020-01-21,20:15:22,Import,TH,PORT_40,SI,610510,E808G5S,7TTJVAJ,540.41,1.3,1.346,LINE_MODE_10,69.9,Clear
41688728,2020-01-21,14:20:08,Import,CN,PORT_20,HU,420292,WF28BTN,Z394ACB,167.67,6.9,7.053,LINE_77BN4M,61.3,Clear
62159459,2020-01-21,23:14:59,Import,CN,PORT_20,PY,847330,206WMTU,3BS6QHC,468.0,6.0,6.19,LINE_MODE_40,61.6,Clear
86137954,2020-01-21,14:16:34,Import,JP,PORT_40,CL,871410,R0ARIEL,IOAZGKI,2654.1,27.0,25.898,LINE_MODE_40,13.8,Clear
38000557,2020-01-21,08:34:37,Import,JP,PORT_40,ZZ,871410,UNW78D0,6Z6EYFS,2654.1,27.0,27.883,LINE_MODE_40,62.3,Clear
28492463,2020-01-21,01:42:23,Import,ID,PORT_40,BR,903149,P1HG15N,RZM2Z77,1162858.32,263.4,271.223,LINE_MODE_40,60.3,Clear
39647350,2020-01-21,17:49:10,Import,CN,PORT_10,HN,851762,CGPQL2J,4U9QNHT,1822808.7,67.0,64.4,LINE_MODE_40,15.1,Clear
57774382,2020-01-21,00:18:22,Import,CN,PORT_40,NG,950691,17GHJQK,6LV96I6,2203.2,162.0,169.322,LINE_MODE_40,4.5,Clear
50895099,2020-01-21,00:55:39,Import,IT,PORT_40,EC,620630,X93RCW4,DWNJQL8,11050.0,50.0,50.585,LINE_MODE_40,48.4,Clear
31933678,2020-01-21,23:55:58,Import,JP,PORT_20,GG,470710,WFIE9BA,8MTRQLF,2171208.0,278360.0,277580.592,LINE_MODE_40,38.8,Clear
56718886,2020-01-21,01:30:46,Import,CN,PORT_40,ES,901890,I95888G,Q4PQ2DC,113767.2,36.0,35.755,LINE_77BN4M,42.2,Clear
60014186,2020-01-21,03:32:26,Import,CN,PORT_40,LR,621149,GG30FTS,4XF3P82,2115.72,16.2,16.9,LINE_MODE_40,69.2,Clear
92582783,2020-01-21,12:34:23,Import,CN,PORT_20,WS,392321,1YADV3X,GU7LTCL,319.0,58.0,56.243,LINE_MODE_10,26.7,Clear
24364830,2020-01-21,02:00:30,Import,CN,PORT_20,EC,830110,10LV6RH,6QMNYHK,24604.8,1056.0,1078.387,LINE_MODE_40,54.7,Clear
48540929,2020-01-21,02:19:29,Import,JP,PORT_40,PY,391530,PRB6JXJ,OQY4ZUC,410476.5,26145.0,27365.972,LINE_MODE_40,5.5,Clear
44863180,2020-01-21,12:39:40,Import,CN,PORT_30,FJ,290319,TW9WRDC,VSQVVR1,542844.0,3060.0,3464.654,LINE_MODE_40,38.5,Low Risk
88208693,2020-01-21,15:32:53,Import,JP,PORT_40,EC,830230,TXJI2SL,UAU3QSC,35377.95,311.7,300.697,LINE_MODE_40,17.4,Clear
77153645,2020-01-21,19:54:05,Import,CA,PORT_30,PY,870324,CZ7P6YF,Z8UMH9A,15540.8,1766.0,1957.152,LINE_MODE_10,38.8,Low Risk
39367792,2020-01-21,13:21:52,Import,VN,PORT_13,DJ,940350,SGRUJMC,G24QH1N,1508743.6,9412.0,9319.762,LINE_MODE_10,40.2,Clear
92454317,2020-01-21,09:17:17,Import,CN,PORT_30,HN,340119,7ZR16FJ,OACSQAD,2830.2,35.6,33.916,LINE_MODE_40,9.5,Clear
78945479,2020-01-21,02:01:59,Import,JP,PORT_40,MT,340119,FT7CB7Q,RZXCX7U,119.25,1.5,1.821,LINE_MODE_40,95.4,Low Risk
69686251,2020-01-21,02:33:31,Import,CN,PORT_40,GU,481149,APWFHOC,MSP8WTC,18086.1,1083.0,1121.663,LINE_MODE_40,64.3,Clear
98747669,2020-01-21,08:38:29,Import,CN,PORT_40,BR,620892,ZCXPIQT,B1YVIYR,123.9,1.5,1.347,LINE_MODE_10,29.7,Low Risk
79267776,2020-01-21,12:25:36,Import,CN,PORT_20,LV,420231,1SLGVMA,MKP9Y8X,749.22,0.6,0.599,LINE_MODE_10,45.5,Clear
74536816,2020-01-21,12:56:16,Import,ID,PORT_40,CA,940169,MAQ8H72,JZLMP6Q,79288.74,1104.3,1080.226,LINE_MODE_40,26.3,Clear
19686669,2020-01-21,17:55:09,Import,CN,PORT_40,BG,902730,9LKXYQL,DWNJQL8,37004.0,29.0,28.324,LINE_MODE_40,25.3,Clear
18156249,2020-01-21,20:48:09,Import,CN,PORT_20,TH,711719,QP4G3P5,PMV89AS,6.66,3.7,3.651,LINE_MODE_10,37.9,Clear
59128371,2020-01-21,03:08:51,Import,CN,PORT_40,HN,950300,3QP5HIS,PF1L1IG,50.28,0.4,0.39,LINE_MODE_10,30.7,Clear
16201471,2020-01-21,05:40:31,Import,CN,PORT_40,HN,854370,S35EWF5,3FPEL39,1398.96,120.6,173.211,LINE_MODE_10,164.4,Critical
85772959,2020-01-21,23:53:19,Import,IE,PORT_33,WS,761090,LZ0KVJT,WACU665,56414.4,56.0,50.087,LINE_MODE_40,27.5,Low Risk
28526140,2020-01-21,18:35:40,Import,JP,PORT_40,BA,681490,D0ZGRZ5,3WBROKL,435280.0,200.0,203.24,LINE_MODE_40,51.4,Clear
81640584,2020-01-21,12:20:24,Import,JP,PORT_33,CL,720421,4YNCU6L,PKBBKM2,1440352.0,94760.0,94210.392,LINE_MODE_10,42.9,Clear
24328863,2020-01-21,15:49:03,Import,DE,PORT_40,BG,732490,OU4V4BJ,R5P6P4N,6776.0,55.0,57.68,LINE_MODE_40,103.6,Low Risk
45514713,2020-01-21,10:46:33,Import,CN,PORT_20,AT,901890,WF28BTN,JM7LMVF,113767.2,36.0,34.369,LINE_MODE_40,10.8,Clear
59588061,2020-01-21,08:50:21,Import,US,PORT_20,ES,950631,9F9P5F4,V6A1WBG,2984.25,6.9,6.176,LINE_MODE_10,32.7,Low Risk
83412215,2020-01-21,04:23:35,Import,CN,PORT_20,EC,852871,S26UAOR,6V8QPPW,24480.0,20.0,19.074,LINE_MODE_40,10.1,Clear
93072286,2020-01-21,11:40:46,Import,CN,PORT_20,FJ,392690,0MPDQ19,Z3RTZCN,2.7,4.5,4.469,LINE_MODE_10,42.2,Clear
72177559,2020-01-21,15:23:19,Import,DE,PORT_40,ZZ,820780,FFE73MA,GO1EBDS,92220.3,57.0,55.957,LINE_MODE_40,28.6,Clear
61178937,2020-01-21,16:20:57,Import,US,PORT_20,WS,732090,52V8T8F,UFO3ZSU,55.08,0.6,0.626,LINE_MODE_10,74.9,Clear
33434400,2020-01-21,07:20:00,Import,CN,PORT_40,NO,540761,NX8CH5D,EEHP26E,535515.0,950.0,936.89,LINE_MODE_40,31.6,Clear
39175954,2020-01-21,01:16:34,Import,TH,PORT_20,AT,940169,K53L1PH,4VMRI9B,142164.0,1980.0,1899.216,LINE_MODE_10,19.8,Clear
89698372,2020-01-21,06:04:52,Import,CN,PORT_20,LV,940360,ZXDV41Y,7QOBTB2,852.0,120.0,137.405,LINE_MWIDNS,47.6,Low Risk
58769380,2020-01-21,19:29:40,Import,CN,PORT_20,FJ,847290,DKT3YER,ZMQEV2R,9944.0,10.0,9.962,LINE_MODE_40,38.2,Clear
24477589,2020-01-21,15:23:49,Import,CN,PORT_20,TT,190590,ZLCO53I,0VJ0SCB,2830.4,16.0,19.165,LINE_MWIDNS,96.3,Low Risk
67530698,2020-01-21,22:39:38,Import,CN,PORT_40,TH,850490,206WMTU,NZYZ967,1445869.6,5992.0,5915.302,LINE_MODE_40,32.2,Clear
23161598,2020-01-21,21:54:38,Import,CN,PORT_30,PY,630293,15JTFJE,DZP9PQT,776.23,9.1,9.439,LINE_MODE_40,65.2,Clear
68331842,2020-01-21,19:36:02,Import,CN,PORT_16,BA,620463,RQSU576,MWXY7TH,3684.8,56.0,56.851,LINE_MODE_40,50.7,Clear
24218554,2020-01-21,14:26:34,Import,CN,PORT_30,NO,610822,G2K2LS5,R3ER73O,23550.0,100.0,95.92,LINE_MODE_10,19.8,Clear
57642216,2020-01-21,05:19:36,Import,CN,PORT_20,LV,120799,FGCQZV3,FEJFCKP,44223300.0,59400.0,58105.08,LINE_MODE_10,32.3,Clear
40535599,2020-01-21,01:57:19,Import,CA,PORT_40,TH,441700,WIA4XMC,I8O6RFU,5136.0,24.0,23.081,LINE_MODE_10,21.4,Clear
95744836,2020-01-21,04:03:16,Import,CN,PORT_40,OM,950300,YXLQQ5B,6V8QPPW,50.28,0.4,0.387,LINE_MODE_40,19.7,Clear
75687979,2020-01-21,10:30:19,Import,JP,PORT_40,MG,741999,LRKYSXQ,OZB7KED,11243.31,38.1,37.022,LINE_MODE_40,22.0,Clear
48583701,2020-01-21,08:04:21,Import,CN,PORT_40,BG,392490,L06W42D,6TSMI0E,1157.2,1052.0,1010.656,LINE_MODE_10,20.8,Clear
98663490,2020-01-21,04:31:30,Import,JP,PORT_20,FJ,392321,QIG4DMJ,PFJQ1N8,76509.4,13910.8,13788.385,LINE_MODE_10,40.9,Clear
63346400,2020-01-21,01:33:20,Import,IL,PORT_13,OM,901850,MZV5KF2,9ASBCED,676757.6,127.0,125.247,LINE_MWIDNS,31.6,Clear
96017971,2020-01-21,12:55:31,Import,NL,PORT_20,UZ,841370,UH1VJ04,ROKKMM3,8518.8,458.0,411.563,LINE_MODE_10,28.9,Low Risk
62082809,2020-01-21,03:57:29,Import,CN,PORT_40,TT,854442,IS7N8LX,7OSA8BP,18657.6,624.0,628.181,LINE_MODE_10,51.1,Clear
13248234,2020-01-21,04:27:54,Import,JP,PORT_40,MN,852910,BDOEETI,4YJMNDP,7066.94,45.8,46.679,LINE_MODE_40,53.4,Clear
29991304,2020-01-21,19:59:04,Import,CN,PORT_20,NO,851590,1BK1NNQ,0ZYZNX7,21483.9,109.0,115.095,LINE_MWIDNS,108.2,Low Risk
28203323,2020-01-21,13:23:23,Import,JP,PORT_40,CL,710813,708A72F,626DNVO,139306.2,1.0,1.0,LINE_MODE_40,40.5,Clear
72650316,2020-01-21,02:14:36,Import,CN,PORT_20,CL,851310,RC2RQ6O,UTN8U68,1881.6,147.0,151.145,LINE_MODE_10,65.3,Clear
25931821,2020-01-21,14:33:01,Import,JP,PORT_40,BA,840690,E7W2IOD,DWNJQL8,387571.5,135.0,135.094,LINE_MODE_40,41.2,Clear
18921958,2020-01-21,17:33:58,Import,CN,PORT_40,SI,292151,AAZ42G3,PF1L1IG,9190000.0,20000.0,19144.0,LINE_MODE_10,18.4,Clear
66469440,2020-01-21,15:44:00,Import,CN,PORT_40,KR,846722,LL4FMG0,26W89DR,444317.9,431.0,416.432,LINE_MODE_10,24.4,Clear
35019678,2020-01-21,14:29:18,Import,CN,PORT_40,IR,841583,WN13EXN,US876ZT,121090.0,100.0,113.544,LINE_MODE_10,45.3,Low Risk
24809437,2020-01-21,16:22:37,Import,US,PORT_40,LV,902519,E808G5S,J6CQGJD,48204.0,103.0,102.248,LINE_MODE_40,35.9,Clear
93620368,2020-01-21,21:07:28,Import,JP,PORT_40,ES,760200,T7RKBQ8,XUR1GYY,845642.0,86290.0,86479.838,LINE_MODE_10,48.1,Clear
54543584,2020-01-21,02:43:44,Import,ID,PORT_40,SV,940169,N87E9Y4,6IXXK1F,79288.74,1104.3,1097.895,LINE_MODE_40,36.9,Clear
34075520,2020-01-21,06:45:20,Import,JP,PORT_40,EC,741999,XRO3X05,PF1L1IG,11243.31,38.1,39.098,LINE_MODE_40,58.0,Clear
59506809,2020-01-21,03:04:09,Import,CN,PORT_20,NG,391910,DNR2VH4,UPMTAEY,27225.0,2178.0,2192.593,LINE_MODE_10,51.1,Clear
24754808,2020-01-21,22:28:08,Import,VN,PORT_40,IL,570220,XVNJPA5,CWISBRH,2005355.0,11110.0,10912.242,LINE_MODE_40,28.9,Clear
21469042,2020-01-21,15:29:22,Import,CN,PORT_20,DJ,392330,40EARXQ,V7U393R,353.5,35.0,35.532,LINE_MODE_10,56.7,Clear
55268026,2020-01-21,02:29:46,Import,TW,PORT_40,KR,210690,708A72F,OZB7KED,97400.0,400.0,409.28,LINE_MODE_40,56.0,Clear
93001872,2020-01-21,13:03:12,Import,KR,PORT_40,CL,852190,F26GCXC,7JUUMOF,6142.44,6.8,6.461,LINE_MODE_10,13.8,Clear
27949135,2020-01-21,19:18:55,Import,FR,PORT_40,ZZ,291590,7JV4WMX,DWNJQL8,89.28,0.2,0.199,LINE_MODE_40,36.5,Clear
86673864,2020-01-21,02:28:24,Import,TW,PORT_40,TT,851762,GT0QGGK,Z64QME2,14170.5,15.0,13.705,LINE_MODE_40,7.6,Low Risk
97450388,2020-01-21,11:41:08,Import,CN,PORT_20,OM,844331,EM6MLTH,7PN0VA5,3714075.52,3798.4,3768.772,LINE_MODE_10,41.5,Clear
81749997,2020-01-21,14:31:57,Import,CN,PORT_40,RS,961610,M5KYBBQ,818J1DT,676.0,40.0,47.402,LINE_MODE_40,51.1,Low Risk
67612527,2020-01-21,05:27:27,Import,CN,PORT_20,TH,850431,4UL0PCZ,VO2Q9ZS,49508.82,150.3,170.897,LINE_MODE_10,45.7,Low Risk
67226696,2020-01-21,09:00:56,Import,JP,PORT_40,SI,900490,YG3LDQ3,3BTA0QN,6638.6,2.0,2.076,LINE_MWIDNS,65.9,Clear
10932996,2020-01-21,18:32:36,Import,CN,PORT_20,RS,711790,OQGTRGJ,E0D95P8,1755.36,84.8,83.799,LINE_MODE_10,38.9,Clear
30466420,2020-01-21,21:33:40,Import,MX,PORT_40,HN,721210,FWVNMKK,PDBU3OC,2719280.0,1900.0,1706.694,LINE_MODE_40,23.3,Low Risk
31393068,2020-01-21,17:05:48,Import,TN,PORT_40,TH,620432,ZT2L93S,6T0AJ3G,9971.2,19.0,18.092,LINE_MODE_10,15.1,Clear
10488916,2020-01-21,09:51:16,Import,FI,PORT_40,NG,382200,DKL7ZQW,PF1L1IG,1787.11,1.3,1.337,LINE_MODE_40,59.3,Clear
81925179,2020-01-21,20:23:39,Import,JP,PORT_40,RS,853890,IEKR5A0,RBZ6S5Z,52.0,2.6,2.344,LINE_MODE_40,17.7,Low Risk
40440491,2020-01-21,17:24:11,Import,JP,PORT_20,SI,390421,IQQN0GO,7H4FQBD,837060.0,1400.0,1672.496,LINE_MODE_10,95.3,Low Risk
33992577,2020-01-21,08:34:57,Import,CN,PORT_40,DJ,540793,F14KQVJ,7OSA8BP,641502.4,308.0,374.848,LINE_MODE_40,96.4,Low Risk
25817032,2020-01-21,17:15:52,Import,JP,PORT_40,OM,901190,MWG9TW3,18ZMSJ0,29555.64,7.6,7.374,LINE_MODE_40,21.0,Clear
78371738,2020-01-21,10:03:38,Import,VN,PORT_40,MG,130219,M8HVM2S,HH0DF21,18862624.0,209120.0,202260.864,LINE_MODE_40,19.0,Clear
78476882,2020-01-21,21:40:02,Import,CN,PORT_40,FJ,940169,VYITPVL,5PDPMM1,240644.88,3351.6,3335.512,LINE_MODE_40,37.5,Clear
78709045,2020-01-21,01:17:25,Import,CN,PORT_20,PL,940360,66KN9IB,Z1P6DVU,14164.5,1995.0,1972.456,LINE_MODE_10,39.2,Clear
16835429,2020-01-21,07:14:29,Import,CN,PORT_40,BA,120799,2FG9AHR,ELH17S6,73705500.0,99000.0,98673.3,LINE_MODE_10,44.5,Clear
36763238,2020-01-21,16:08:38,Import,CN,PORT_40,JP,380690,DMMWDSG,MQBJCF1,8939160.0,10800.0,10985.76,LINE_MODE_40,52.0,Clear
21983143,2020-01-21,22:53:43,Import,KR,PORT_30,ZZ,300290,H8LF25A,249LO7A,73840.0,2.0,1.979,LINE_MODE_40,33.9,Clear
85071541,2020-01-21,02:15:01,Import,ID,PORT_40,KR,850440,XD4W8A1,RMCH0MJ,13565.82,31.1,32.366,LINE_MODE_40,67.6,Clear
70516626,2020-01-21,11:33:06,Import,CN,PORT_40,SI,340590,V8WCW2P,F1MQML8,3146000.0,20000.0,20464.0,LINE_MODE_40,56.0,Clear
40546369,2020-01-21,02:56:49,Import,CN,PORT_40,PY,391810,ZF54TQ9,TDFBGYW,125268.0,1320.0,1355.244,LINE_MODE_40,58.3,Clear
58147038,2020-01-21,22:45:18,Import,CN,PORT_40,AT,854442,XRO3X05,6T0AJ3G,18657.6,624.0,634.733,LINE_MODE_40,52.0,Clear
12514475,2020-01-21,10:34:35,Import,PT,PORT_40,HU,611090,FG0317I,4YJMNDP,26.6,7.0,8.542,LINE_MODE_40,97.5,Low Risk
61928486,2020-01-21,19:17:26,Import,CN,PORT_40,TH,901420,TFN07BN,1HI0MZG,75255.72,0.4,0.397,LINE_MODE_10,42.2,Clear
42352936,2020-01-21,08:58:16,Import,CN,PORT_20,PG,392690,I9PSCOW,O69HJZK,16.8,28.0,28.51,LINE_MODE_10,58.7,Clear
87016651,2020-01-21,16:33:31,Import,CN,PORT_40,DJ,940320,M38J478,KYXZBS0,1615.0,190.0,196.783,LINE_MODE_40,64.3,Clear
25519725,2020-01-21,23:48:45,Import,JP,PORT_40,WS,844399,PK7LJDB,4GGOROE,106.4,1.6,1.631,LINE_MODE_40,4.4,Low Risk
22428623,2020-01-21,21:18:23,Import,CN,PORT_40,ZZ,950300,E808G5S,4YJMNDP,39.5,5.0,5.084,LINE_MODE_40,4.9,Low Risk
25821246,2020-01-21,08:10:06,Import,PH,PORT_40,OM,853939,GJ488TA,9UP4MN8,23315.2,32.0,32.422,LINE_MODE_40,49.4,Clear
56917185,2020-01-21,13:19:45,Import,CN,PORT_20,MN,830250,ONS92NZ,0TF07SA,253.4,2.0,2.037,LINE_MODE_10,59.0,Clear
60669120,2020-01-21,12:32:00,Import,CN,PORT_40,FJ,392690,ZRH94T1,DWNJQL8,81.6,136.0,139.563,LINE_MWIDNS,58.0,Clear
20760750,2020-01-21,00:52:30,Import,BR,PORT_20,CR,170114,S3IAV84,I3I7FJV,3650400.0,24000.0,23068.8,LINE_MODE_10,21.1,Clear
16318536,2020-01-21,22:31:36,Import,CN,PORT_40,LB,940320,XAI29G0,DN7LBUR,48246.0,5676.0,5779.303,LINE_MODE_40,52.7,Clear
96760348,2020-01-21,09:20:28,Import,KR,PORT_40,LV,700490,WUAHQ3R,FWI4OC7,6777977.3,14351.0,14526.082,LINE_MODE_40,48.7,Clear
60698466,2020-01-21,04:17:06,Import,CN,PORT_30,CL,950300,JRV6D7O,8G4FXWJ,53244.0,580.0,669.691,LINE_MODE_10,49.8,Low Risk
59152963,2020-01-22,15:50:43,Import,JP,PORT_20,HU,820890,KUF3XKP,MBR5GR3,12.96,0.1,0.098,LINE_MWIDNS,27.3,Clear
24395534,2020-01-22,14:16:14,Import,CN,PORT_40,PG,850790,9DB8C35,24ZI9DJ,21.6,4.0,3.877,LINE_MODE_40,20.4,Clear
35031752,2020-01-22,03:34:32,Import,JP,PORT_40,PL,940560,5RYZMVO,KMOT1OW,122535.49,278.3,281.139,LINE_MODE_10,53.4,Clear
32921613,2020-01-22,20:41:33,Import,CN,PORT_16,PL,030192,BVL00W9,JWNIX8Z,4585262.5,1015.0,1019.77,LINE_MODE_40,43.8,Clear
35783101,2020-01-22,07:01:01,Import,JP,PORT_40,CR,740400,BR3EGVG,XFMCSSG,594041.5,100685.0,96728.08,LINE_MODE_10,20.8,Clear
92053518,2020-01-22,01:13:18,Import,AU,PORT_20,GU,020220,EC6SU3L,7JUUMOF,5712073.02,22748.2,22229.541,LINE_MODE_10,31.6,Clear
81816052,2020-01-22,16:32:52,Import,GB,PORT_30,ZZ,845210,V0UTN69,4WE63WT,9141.0,15.0,14.403,LINE_MODE_10,20.4,Clear
10235916,2020-01-22,08:54:36,Import,CN,PORT_30,MG,840290,WWU7AH2,E6PSKLI,48737.04,13.2,13.811,LINE_MODE_10,108.1,Low Risk
47972748,2020-01-22,06:33:48,Import,KR,PORT_20,HU,621139,ZIBT97X,G9G9F13,702.24,1.2,1.215,LINE_MODE_10,54.7,Clear
36355342,2020-01-22,18:34:22,Import,CN,PORT_40,UZ,420292,NQIEEVN,626DNVO,476.0,8.0,7.248,LINE_MODE_40,13.9,Low Risk
56236968,2020-01-22,02:10:48,Import,CN,PORT_40,MN,690100,O28P04K,OJW8KTO,1518000.0,33000.0,33072.6,LINE_MODE_40,42.1,Clear
56778414,2020-01-22,04:10:54,Import,CN,PORT_13,CL,850980,B8LHHML,P1ELKS2,24131584.0,10240.0,10539.008,LINE_MODE_10,66.0,Clear
32940508,2020-01-22,09:36:28,Import,AU,PORT_20,CA,320611,Z4QTM2O,3EVLVZQ,9952000.0,20000.0,20644.0,LINE_MODE_10,67.9,Clear
47315886,2020-01-22,10:54:06,Import,CN,PORT_30,SV,120190,T8KETNK,9AYKJ8A,8580000.0,20000.0,19864.0,LINE_MODE_10,42.2,Clear
16853561,2020-01-22,11:28:41,Import,US,PORT_40,NG,853641,6DORISF,I36GLPE,62.5,5.0,5.252,LINE_MODE_40,104.6,Low Risk
81475072,2020-01-22,13:49:52,Import,CN,PORT_40,IR,660191,PYQNYT2,XF34IOQ,5346.0,36.0,34.207,LINE_MODE_10,13.8,Clear
93192578,2020-01-22,22:57:38,Import,CN,PORT_20,TT,640299,FNR1S1J,I52ZZ8A,21999.2,214.0,230.418,LINE_MODE_10,9.5,Low Risk
30055977,2020-01-22,19:04:57,Import,CN,PORT_39,IL,420229,6LF3VMG,23QQBAY,28.0,0.7,0.716,LINE_VZIZJJ,55.7,Clear
97991515,2020-01-22,15:31:55,Import,CN,PORT_13,SV,950300,BETKXUO,0975AHI,71890.0,9100.0,10521.784,LINE_MODE_10,50.2,Low Risk
52340615,2020-01-22,13:23:35,Import,JP,PORT_40,BA,853400,G1IVA7H,S06HH0V,12986.05,7.7,7.343,LINE_MODE_40,10.1,Clear
58111223,2020-01-22,05:08:23,Import,CN,PORT_30,AM,710490,ODR1EX6,TTTTEQ0,864832.5,285.0,299.165,LINE_MODE_10,13.5,Clear
74919909,2020-01-22,16:29:09,Import,CN,PORT_40,MN,960329,3UMKF0O,OZB7KED,792.5,25.0,23.918,LINE_MODE_40,12.1,Clear
69169692,2020-01-22,05:00:12,Import,BR,PORT_40,GU,732599,WI0ONFF,WQG5VEC,3647.28,16.7,17.371,LINE_MODE_10,73.2,Clear
27565806,2020-01-22,12:46:06,Import,CN,PORT_16,TT,732393,VM2A9UU,54ZAFBM,45860.78,7396.9,7642.477,LINE_MODE_40,62.6,Clear
80776977,2020-01-22,12:14:57,Import,US,PORT_30,TH,760200,6NOJ404,3EVLVZQ,145912.2,14889.0,15226.98,LINE_MODE_40,55.7,Clear
43720879,2020-01-22,22:45:19,Import,CN,PORT_13,SD,620453,64HKIRW,E44MM7Y,2280.0,57.0,58.237,LINE_MODE_10,61.0,Clear
60905958,2020-01-22,13:07:18,Import,JP,PORT_20,SD,330420,W80V4U8,94LQC6C,155.16,0.9,0.861,LINE_MODE_40,12.4,Clear
85064424,2020-01-22,19:24:24,Import,CN,PORT_20,BR,841459,0JLOYOX,CEZLAIB,83618.45,1304.5,1270.844,LINE_MODE_10,29.7,Clear
38132083,2020-01-22,00:42:43,Import,CN,PORT_40,SD,250610,OZHHY65,K2BB1PM,3888000.0,40000.0,40788.0,LINE_MODE_50,55.7,Clear
36365333,2020-01-22,06:36:53,Import,RU,PORT_20,BR,030389,8WDU0JH,E3Q8ABV,302838.4,1616.0,1688.235,LINE_MODE_40,4.2,Clear
77594164,2020-01-22,23:00:04,Import,CN,PORT_20,SV,071080,3JX3TNX,0I2KJE0,31824000.0,120000.0,120504.0,LINE_MODE_10,49.5,Clear
33011641,2020-01-22,17:10:01,Import,CN,PORT_20,GN,830610,UFO56SB,37ZL1DV,928.41,2.1,2.08,LINE_MODE_10,40.6,Clear
98653640,2020-01-22,09:07:20,Import,CN,PORT_20,AT,392690,LMOLWPU,WS5H41R,108.0,180.0,162.947,LINE_MODE_10,20.5,Low Risk
17369678,2020-01-22,05:02:38,Import,US,PORT_20,PG,847170,NW3CQNX,GGEFVY8,295780.0,100.0,113.544,LINE_MODE_10,45.3,Low Risk
40144803,2020-01-22,21:08:03,Import,CN,PORT_40,UZ,940180,OP2BFVQ,8J2DQ1N,429.6,358.0,325.712,LINE_MODE_10,16.7,Low Risk
38765394,2020-01-22,12:33:54,Import,US,PORT_40,AM,847989,YQWF74A,AFNN8YU,231.0,110.0,117.031,LINE_W6UCD9,113.3,Low Risk
12421196,2020-01-22,13:15:56,Import,US,PORT_40,JP,760900,IRE7I1J,6BM86QF,7074.44,9.4,10.402,LINE_MWIDNS,32.4,Low Risk
75755529,2020-01-22,12:36:09,Import,IT,PORT_13,GU,420292,2XRY6WD,46HQ7FJ,1.8,3.0,3.228,LINE_MODE_10,9.2,Low Risk
76193034,2020-01-22,09:07:54,Import,KR,PORT_12,JP,850140,2VI5U77,V7TLBLS,69084.0,404.0,411.757,LINE_W6UCD9,53.4,Clear
77601193,2020-01-22,06:21:13,Import,VN,PORT_20,PL,854390,OK9J1G0,EUFUO35,0.0,0.0,0.001,LINE_MODE_10,56.4,Clear
18106576,2020-01-22,17:52:16,Import,CN,PORT_16,UG,381600,M2LGWSW,47SGJPL,8710000.0,50000.0,49910.0,LINE_W6UCD9,39.5,Clear
81352658,2020-01-22,06:05:38,Import,IT,PORT_40,NG,611090,N87E9Y4,XHF5BSI,19.0,5.0,5.837,LINE_MODE_40,46.9,Low Risk
23583425,2020-01-22,15:17:05,Import,CN,PORT_20,LR,200190,JETRM5Z,ORI2QZE,1946250.0,4500.0,4494.15,LINE_MODE_50,41.8,Clear
62287631,2020-01-22,02:03:11,Import,CN,PORT_110,MG,950590,MGYP8DU,XGI0V6N,48425.0,1490.0,1558.093,LINE_H35Z1A,10.9,Clear
15512671,2020-01-22,22:20:31,Import,US,PORT_40,AM,901580,4RUS242,F463TSU,1110.11,3.1,3.18,LINE_MWIDNS,57.7,Clear
82492073,2020-01-22,23:35:53,Import,CN,PORT_20,HU,854470,M467DKV,Q05V629,3980.5,95.0,92.596,LINE_MODE_10,30.0,Clear
92565523,2020-01-22,01:06:43,Import,CN,PORT_10,GN,621790,X6EJ1U7,DG48F57,11.2,2.0,1.999,LINE_MODE_10,46.5,Clear
38076919,2020-01-22,22:59:19,Import,CN,PORT_16,LR,950450,APXJ2Q8,FHK1QUM,1614830.0,1610.0,2111.418,LINE_MODE_10,125.5,Critical
43763183,2020-01-22,11:34:23,Import,TW,PORT_20,SV,741021,KH39Z8W,9TG9HU1,232919.98,296.6,287.613,LINE_MODE_10,26.7,Clear
66240293,2020-01-22,01:12:53,Import,CN,PORT_16,KR,841459,K3L49JY,3JQUSXK,10448.3,163.0,147.729,LINE_MODE_40,13.6,Low Risk
36977462,2020-01-22,10:03:02,Import,CN,PORT_30,WS,420212,9KQBFDU,BOZ2T8T,6080.9,49.0,49.255,LINE_MODE_10,50.1,Clear
76882173,2020-01-22,07:57:33,Import,CN,PORT_16,BG,901910,MAQNS5R,GUM89J7,35360.0,6800.0,6967.96,LINE_MODE_10,63.0,Clear
36923924,2020-01-22,16:22:44,Import,KR,PORT_40,PL,847149,52SUP3O,KMOT1OW,61740.5,67.0,68.621,LINE_MODE_10,62.7,Clear
19495215,2020-01-22,12:20:15,Import,KR,PORT_30,OM,392350,MXTY3TN,2FZMZJH,652.08,85.8,81.827,LINE_MODE_10,16.1,Clear
94889792,2020-01-22,06:48:32,Import,CN,PORT_20,TH,490300,8JZVPFJ,CXWWNWO,63200.0,200.0,198.04,LINE_MODE_10,40.2,Clear
20436639,2020-01-22,16:14:39,Import,CN,PORT_40,GG,120799,5Q1BW90,5D0TSD0,20860890.0,28020.0,29188.434,LINE_H35Z1A,74.2,Clear
64555220,2020-01-22,21:20:20,Import,CN,PORT_20,NO,420232,JCO6BW3,YZLV2C4,6034.0,70.0,62.878,LINE_MODE_40,23.3,Low Risk
78414244,2020-01-22,10:48:04,Import,IN,PORT_40,UZ,710239,0MX22NJ,P4N7ARF,0.0,0.0,0.001,LINE_MWIDNS,17.1,Clear
49660578,2020-01-22,05:24:18,Import,US,PORT_16,UG,847982,HCALML0,QSQVHY9,5627.76,17.9,19.273,LINE_MODE_10,9.5,Low Risk
24708035,2020-01-22,13:40:35,Import,CN,PORT_140,MN,851640,DD591C9,P366GTI,5257305.0,4050.0,4226.985,LINE_MODE_10,75.5,Clear
39358406,2020-01-22,21:49:26,Import,FR,PORT_40,FJ,392690,37V8B48,EK5VY0I,201.6,336.0,347.155,LINE_W6UCD9,62.6,Clear
99760408,2020-01-22,14:41:28,Import,JP,PORT_20,GU,620690,GKLIYC0,5B7GRVH,1100.48,3.8,3.732,LINE_MODE_40,28.9,Clear
39213615,2020-01-22,01:40:15,Import,KR,PORT_21,SI,392310,0GS85HQ,XKXRH6V,112.0,35.0,33.38,LINE_BX52LT,10.1,Clear
61999584,2020-01-22,20:30:24,Import,LT,PORT_40,AM,650500,EOPCUP4,Y9H9POV,61.6,8.0,7.954,LINE_MODE_10,42.9,Clear
50904906,2020-01-22,11:51:06,Import,CN,PORT_33,JP,830242,GZQ7C4J,263BCFK,57144.7,479.0,470.953,LINE_MODE_10,35.6,Clear
78837565,2020-01-22,12:59:25,Import,CN,PORT_40,LR,851770,2TVNKVT,P9D31UG,3184.5,15.0,15.43,LINE_MODE_40,59.6,Clear
86318316,2020-01-22,22:54:36,Import,CN,PORT_40,AT,490199,IRU98NQ,UCMAJ3J,21.6,6.0,6.169,LINE_MWIDNS,59.3,Clear
68940024,2020-01-22,04:24:24,Import,IT,PORT_39,MT,411420,U5QXGVW,PMU0W61,186628.0,40.0,35.986,LINE_YXFTSB,21.8,Low Risk
98867343,2020-01-22,16:57:03,Import,US,PORT_20,SI,621143,ZY9MRH8,SW2EOOU,41.44,0.8,0.792,LINE_MWIDNS,39.9,Clear
35869741,2020-01-22,23:05:01,Import,CN,PORT_40,JP,621112,A925ZBR,0FAN4SZ,1830.0,12.0,12.488,LINE_MODE_10,73.6,Clear
34733306,2020-01-22,21:04:26,Import,CN,PORT_40,HU,853690,ULQY7U4,VU5OJQJ,46031.25,62.5,55.835,LINE_MODE_40,28.6,Low Risk
17745693,2020-01-22,21:09:33,Import,CN,PORT_20,SI,950300,PC2A4KV,EM5CTHL,425818.5,6365.0,5270.602,LINE_MODE_40,25.6,Critical
16855662,2020-01-22,23:19:42,Import,IT,PORT_20,CR,401695,OSC7HD1,ZXPO8JG,726.84,1.8,1.809,LINE_MODE_40,44.1,Clear
95948346,2020-01-22,11:55:06,Import,CN,PORT_16,ZZ,630493,04V5GRB,TX08U2J,3447.0,45.0,40.831,LINE_MODE_10,18.8,Low Risk
76139838,2020-01-22,04:45:18,Import,CA,PORT_40,PL,210690,Y3OM027,7RMBDCN,0.0,0.0,0.001,LINE_MWIDNS,52.0,Clear
60633727,2020-01-22,05:34:07,Import,CN,PORT_30,GG,950300,7T8RJ42,M0IVOZH,5523.0,21.0,20.952,LINE_MODE_10,45.2,Clear
73663836,2020-01-22,03:46:36,Import,VN,PORT_40,MN,902140,Y7K2P0D,C59H5VF,650211.0,30.0,29.046,LINE_H35Z1A,19.7,Clear
87804353,2020-01-22,19:13:53,Import,IL,PORT_33,AT,853710,TWRRGYG,QWM5GE1,270.45,0.9,0.931,LINE_YNWUVP,63.6,Clear
47631153,2020-01-22,22:40:33,Import,CN,PORT_40,CL,842240,A61JN5C,QE2HAMO,1810238.0,1180.0,1246.93,LINE_MODE_10,114.7,Low Risk
41273275,2020-01-22,12:27:55,Import,CA,PORT_20,BA,210690,BWMGIQG,5K1441H,0.0,0.0,0.001,LINE_MODE_40,56.3,Clear
64182827,2020-01-22,06:05:47,Import,FR,PORT_20,ZZ,650610,80RSFFT,0ZF85WT,8101.6,38.0,39.813,LINE_MODE_10,12.2,Clear
30458540,2020-01-22,06:02:20,Import,CN,PORT_20,CR,680291,6F9TSEF,EU4BL6N,317850.0,6500.0,6605.3,LINE_MODE_10,57.4,Clear
70037618,2020-01-22,15:01:38,Import,CN,PORT_20,PY,570500,VLWMC9P,50REPV8,174724.0,4180.0,4293.696,LINE_MODE_10,64.6,Clear
80949574,2020-01-22,09:03:34,Import,CN,PORT_20,CL,847990,4URDGKI,NVK8SUM,1692.75,7.5,7.629,LINE_MODE_10,10.7,Low Risk
86257527,2020-01-22,16:37:27,Import,IT,PORT_40,PG,903290,LY199GF,NKO10DK,1084.2,3.0,2.993,LINE_MODE_40,39.2,Clear
62742189,2020-01-22,17:47:09,Import,TR,PORT_30,GG,720421,DKZ2B1J,RAMMQWT,3116608.0,205040.0,208464.168,LINE_MODE_40,51.7,Clear
48595922,2020-01-22,09:24:02,Import,CN,PORT_20,RS,392690,I0MHF7M,SNX0OYO,12.0,20.0,19.504,LINE_MODE_10,30.3,Clear
42772910,2020-01-22,08:41:50,Import,MY,PORT_30,LB,340490,DQCEVS8,B7PA3IT,13924400.0,28000.0,27473.6,LINE_3JLK6O,34.3,Clear
31864681,2020-01-22,10:34:01,Import,CN,PORT_40,OM,560391,UR8VSYK,9L8WUA2,1859198.08,21468.8,20839.764,LINE_MODE_40,21.4,Clear
87925615,2020-01-22,07:26:55,Import,VN,PORT_20,LR,640299,EAPRJGG,4O5FUSK,359100.96,3493.2,3331.465,LINE_MODE_10,16.1,Clear
88180046,2020-01-22,15:23:26,Import,CN,PORT_40,LR,940180,BKRQPPJ,GPFSDGJ,429.6,358.0,424.817,LINE_77BN4M,51.4,Low Risk
59934588,2020-01-22,01:17:48,Import,DE,PORT_20,SD,850590,XMWRT6F,O9QXSRZ,408.5,1.0,1.119,LINE_MODE_10,41.5,Low Risk
43172248,2020-01-22,07:45:28,Import,CN,PORT_40,FJ,940179,5IJZ4DR,DWNJQL8,67541.4,2826.0,2719.177,LINE_MODE_40,15.7,Clear
40315391,2020-01-22,18:39:11,Import,CN,PORT_13,CL,851762,N4QZK4O,TL687W6,31179.4,7.0,6.76,LINE_MC8NDR,24.1,Clear
79500472,2020-01-22,17:19:52,Import,AR,PORT_40,NO,170114,FJDDJ0P,OFZ58QO,3650400.0,24000.0,22804.8,LINE_MODE_40,7.8,Clear
56582809,2020-01-22,09:30:49,Import,CN,PORT_40,NG,630790,LTBS1J2,CXC3E7O,269.1,117.0,136.403,LINE_MODE_10,52.5,Low Risk
74853406,2020-01-22,14:52:46,Import,DE,PORT_20,ZZ,853690,369VJLK,CH0C9VA,4692.24,25.2,26.037,LINE_MODE_10,68.6,Clear
20288178,2020-01-22,06:24:18,Import,CN,PORT_40,OM,902110,2F7X2YQ,PF1L1IG,344598.32,807.4,845.509,LINE_MODE_40,5.8,Clear
61300085,2020-01-22,16:08:05,Import,CA,PORT_40,MT,870324,X1T34FZ,B0Y0ROB,12620.4,2427.0,2351.035,LINE_AT9SIZ,20.0,Clear
65825661,2020-01-22,05:30:21,Import,CN,PORT_40,CA,940429,BDJWVVI,JEKA3CT,6556.32,753.6,739.056,LINE_MODE_40,28.0,Clear
47642159,2020-01-22,02:39:59,Import,CN,PORT_20,NO,950639,JG3TCYM,UCQ5F8A,2002.5,75.0,73.628,LINE_MODE_40,28.6,Clear
52627692,2020-01-22,18:00:12,Import,CN,PORT_20,PY,961590,FSVBX9A,J9F74MC,40.9,1.0,1.04,LINE_MWIDNS,67.2,Clear
24379538,2020-01-22,04:13:38,Import,GB,PORT_40,PG,847150,NXZGW6G,1JTT0OR,4855.23,21.9,19.81,LINE_MODE_40,15.1,Low Risk
44602254,2020-01-22,13:54:54,Import,IT,PORT_30,RS,420229,RHRG285,RZM2Z77,68.0,1.7,1.996,LINE_MODE_10,54.4,Low Risk
91384006,2020-01-22,06:42:46,Import,IN,PORT_30,SV,130219,E3STTZY,H8CM8ZZ,325980.0,450.0,474.444,LINE_MODE_10,113.2,Low Risk
67775907,2020-01-22,22:50:27,Import,US,PORT_40,ZZ,760692,T1PH8D0,9FG3Z7I,179244.0,260.0,303.95,LINE_MWIDNS,47.3,Low Risk
96171103,2020-01-22,06:39:43,Import,TW,PORT_39,NG,392310,189R65E,2QPFEVF,16.0,5.0,5.049,LINE_MAD31N,53.1,Clear
65266046,2020-01-22,10:23:26,Import,CN,PORT_40,JP,851310,848I7WT,QALICDU,4113.0,45.0,45.594,LINE_MODE_40,49.4,Clear
65339510,2020-01-22,13:11:50,Import,TW,PORT_20,GU,920590,LDYNJO2,KMOT1OW,420887.22,313.3,307.41,LINE_MODE_10,34.3,Clear
38259027,2020-01-22,23:42:27,Import,CN,PORT_20,PY,732690,AT7EKVB,KW2ZR2O,32250.0,21500.0,22525.55,LINE_MODE_10,12.2,Clear
26844593,2020-01-22,13:57:53,Import,CN,PORT_33,ES,854370,UENRPKJ,LOL6QQ8,1018.08,40.4,40.994,LINE_MODE_10,56.4,Clear
79405672,2020-01-22,06:59:52,Import,JP,PORT_30,SI,950790,KT7010I,8TF3OLD,7598.8,314.0,287.768,LINE_MODE_10,11.2,Low Risk
73148330,2020-01-22,02:18:50,Import,US,PORT_30,EC,401693,JHEHLCS,0WXXLUU,5480.0,200.0,194.24,LINE_MODE_40,21.7,Clear
65775641,2020-01-22,08:56:41,Import,UA,PORT_20,UZ,120810,OPEXSZZ,PZUJ0PF,2672000.0,8000.0,7925.6,LINE_MODE_10,40.6,Clear
95673397,2020-01-22,04:48:37,Import,HK,PORT_40,RS,851770,VHPAWCS,RAAYA26,469.2,2.0,2.025,LINE_MODE_10,55.1,Clear
83913680,2020-01-22,10:41:20,Import,US,PORT_40,KR,051110,708A72F,DWNJQL8,10551753.0,1.8,1.883,LINE_MWIDNS,5.2,Clear
59805670,2020-01-22,09:21:10,Import,FR,PORT_40,SI,854449,N8G935I,R1ICORN,145023.84,457.2,457.749,LINE_MODE_40,41.5,Clear
62316516,2020-01-22,11:44:36,Import,VN,PORT_20,HU,854140,EVN40SJ,ES6KNJT,30848.29,150.7,157.68,LINE_MODE_10,108.1,Low Risk
67342843,2020-01-22,02:48:43,Import,CN,PORT_20,SD,732393,TIYOPZO,32HJYFS,31.0,5.0,5.198,LINE_MODE_10,72.9,Clear
89555079,2020-01-22,07:48:39,Import,CN,PORT_40,TT,900410,10V9EIA,CBLR16R,566.4,8.0,9.711,LINE_MODE_10,101.4,Low Risk
47745653,2020-01-22,23:48:53,Import,CN,PORT_30,JP,071080,FKPMBX3,CL148D5,31824000.0,120000.0,118164.0,LINE_MODE_10,36.6,Clear
35791431,2020-01-22,04:39:51,Import,US,PORT_40,ES,760200,9MC01DP,6TT48TI,178693.2,18234.0,19067.294,LINE_MWIDNS,4.9,Clear
70287472,2020-01-22,10:09:52,Import,KR,PORT_40,MT,851590,Z3CD167,K9HATCM,78.84,0.4,0.38,LINE_MODE_40,7.8,Clear
75011797,2020-01-22,17:28:37,Import,TR,PORT_20,HN,030192,FBKWIIB,INVEAMF,4517500.0,1000.0,1012.7,LINE_MODE_10,55.1,Clear
74638875,2020-01-22,14:01:15,Import,NZ,PORT_20,AM,482010,1EHF9UD,7WY1PQR,868.5,45.0,54.911,LINE_MODE_10,103.5,Low Risk
16292333,2020-01-22,14:46:53,Import,US,PORT_20,MN,853710,V981F2H,E3Q8ABV,3335.55,11.1,11.596,LINE_MODE_10,10.2,Clear
23100917,2020-01-22,08:27:17,Import,CN,PORT_13,SD,320710,4ZCFT3Z,JZLMP6Q,774900.0,1000.0,952.7,LINE_MODE_10,15.5,Clear
98002729,2020-01-22,03:02:49,Import,CN,PORT_20,CL,560312,CQ70H7X,181SZ9H,1395928.64,10639.7,11136.574,LINE_MODE_10,11.5,Clear
68889171,2020-01-22,10:28:51,Import,CN,PORT_53,LR,681599,CO5OPHC,ITSB7QO,497490.84,12658.8,12351.191,LINE_MODE_10,30.7,Clear
65357618,2020-01-22,11:01:38,Import,KR,PORT_40,BA,290512,QNR4M2A,HGQD8LY,2725800.0,11000.0,11299.2,LINE_MWIDNS,58.6,Clear
82396911,2020-01-22,06:37:51,Import,CN,PORT_20,CL,392350,HFVWJ5F,KMOT1OW,9134.44,1201.9,1208.751,LINE_MODE_10,50.5,Clear
53116929,2020-01-22,12:06:09,Import,US,PORT_30,BR,880330,8NGPAVP,K89AX4N,87072.48,36.8,38.519,LINE_MODE_10,11.5,Clear
18809455,2020-01-22,00:30:55,Import,BE,PORT_40,NO,293379,VP0R0C6,W1FW5K9,57.93,0.1,0.103,LINE_MODE_40,62.9,Clear
38204776,2020-01-22,16:42:16,Import,CN,PORT_40,UG,071080,AX6EBKA,Q6ICKGA,12729600.0,48000.0,47913.6,LINE_MODE_40,39.5,Clear
53216332,2020-01-22,00:10:52,Import,CH,PORT_20,IR,848190,NEIEG9Z,KMOT1OW,21247.6,484.0,493.777,LINE_MODE_40,54.0,Clear
66882416,2020-01-22,01:22:56,Import,JP,PORT_40,KE,711719,24I93F5,R4YI26X,36.7,1.0,0.978,LINE_MODE_40,26.3,Clear
36507722,2020-01-22,03:34:02,Import,VN,PORT_20,AM,621143,HSEXI2S,2LD7YHM,5698.0,110.0,98.886,LINE_EIZP3I,22.6,Low Risk
16954924,2020-01-22,18:46:04,Import,CN,PORT_20,MG,392690,JOECPZ7,LW7XLNV,19.68,32.8,33.594,LINE_MODE_10,62.7,Clear
32317451,2020-01-22,17:00:11,Import,FR,PORT_17,SD,390810,H67975C,BQVTTBR,75350.0,500.0,517.85,LINE_MODE_10,70.3,Clear
84664918,2020-01-22,23:29:58,Import,CN,PORT_20,GN,853890,0KUOEMI,UDO08NI,12.0,0.6,0.586,LINE_MODE_10,31.6,Clear
34378648,2020-01-22,21:05:28,Import,JP,PORT_20,SV,330499,VVMMD13,GCPNHU7,128232.0,720.0,692.784,LINE_MODE_10,21.7,Clear
25418835,2020-01-22,13:47:15,Import,US,PORT_16,AT,901841,TKPVQQG,0C7GML2,4353.65,0.5,0.522,LINE_MODE_40,69.5,Clear
33306227,2020-01-22,13:15:47,Import,US,PORT_40,BR,848180,N9A4JMJ,OOQGIQN,7446.2,15.5,16.239,LINE_MODE_40,6.2,Clear
93979537,2020-01-22,10:17:37,Import,DE,PORT_20,SD,392330,0USSKV3,MDG9AUQ,1496.82,148.2,158.503,LINE_MODE_10,122.8,Low Risk
46113472,2020-01-22,15:09:52,Import,CN,PORT_40,CA,732393,X45CWIL,OZKXWOX,9840.64,1587.2,1508.157,LINE_MODE_40,7.8,Clear
30999542,2020-01-22,21:31:02,Import,CN,PORT_40,GN,854442,AGO7KWH,LARZ2QD,63.7,7.0,6.756,LINE_MODE_10,23.7,Clear
50623462,2020-01-22,13:56:22,Import,CN,PORT_20,PY,630690,5RYZMVO,OZB7KED,780.0,30.0,34.831,LINE_MODE_10,51.4,Low Risk
26337235,2020-01-22,15:33:55,Import,KR,PORT_40,LB,851840,7T8RJ42,F463TSU,143388.0,210.0,219.177,LINE_MWIDNS,69.5,Clear
76288415,2020-01-22,09:33:35,Import,VN,PORT_20,NO,071080,CLKR54X,15FJDZI,5304000.0,20000.0,19074.0,LINE_MODE_40,10.1,Clear
80377692,2020-01-22,06:20:12,Import,TH,PORT_20,LV,903190,EPIIL7G,E3GNTZG,78.0,6.0,6.393,LINE_77BN4M,120.3,Low Risk
13052681,2020-01-22,11:40:41,Import,VN,PORT_30,RS,852580,0H59T1K,1JWFDDB,116028.4,604.0,586.303,LINE_MODE_10,27.4,Clear
19688311,2020-01-22,06:14:31,Import,BG,PORT_16,AT,120600,N7NAZGK,IWPIIW4,10668182.0,22540.0,22668.478,LINE_MODE_40,44.5,Clear
79010475,2020-01-22,12:21:15,Import,CN,PORT_40,PL,760612,YDVP7ZR,PF1L1IG,62506857.6,104544.0,127568.771,LINE_MWIDNS,97.5,Low Risk
11742559,2020-01-22,03:53:19,Import,CN,PORT_40,FJ,293621,ZHDSQAF,P7T4MJ5,609000.0,300.0,294.51,LINE_MODE_40,28.6,Clear
53382190,2020-01-22,01:03:10,Import,KR,PORT_80,NG,392340,JNIDG9G,E0HSPL4,12467.7,1979.0,2060.535,LINE_30GFAP,67.9,Clear
46281382,2020-01-22,23:48:22,Import,RU,PORT_20,IL,400231,WWJMHNO,HBJXEK9,196669620.0,204120.0,213346.224,LINE_MODE_10,10.5,Clear
55044074,2020-01-22,03:45:14,Import,KR,PORT_40,LR,611120,708A72F,AZI5L7O,893.4,0.5,0.571,LINE_MODE_40,40.8,Low Risk
39418546,2020-01-22,07:51:46,Import,US,PORT_20,MT,200410,NKE45NQ,YLSHCWD,16063979.4,42497.3,38560.35,LINE_MODE_10,18.8,Low Risk
22300274,2020-01-22,04:15:14,Import,CN,PORT_30,JP,621143,W1X67CB,59UB101,2621.08,50.6,50.56,LINE_MODE_40,40.2,Clear
17143769,2020-01-22,08:53:29,Import,CN,PORT_13,HU,940180,KJVQNWV,LFSSRVE,12.0,10.0,10.267,LINE_W6UCD9,64.3,Clear
95292619,2020-01-22,16:14:19,Import,JP,PORT_20,BR,610442,8Z8DSRG,LQ3UQ5X,87.1,0.5,0.476,LINE_MODE_10,14.8,Clear
96433252,2020-01-22,04:52:52,Import,JP,PORT_40,FJ,848690,SF543GW,6G1IE3Z,6761.4,11.8,11.33,LINE_MODE_10,20.4,Clear
76079552,2020-01-22,21:44:32,Import,KR,PORT_30,PL,330499,HVPQ3ZV,N66QKKU,481.86,1.8,1.818,LINE_MODE_10,53.4,Clear
16570498,2020-01-22,16:22:58,Import,US,PORT_20,BR,820750,O4DGSYI,OJP0SXE,3020.76,10.8,10.662,LINE_EIZP3I,32.2,Clear
84714725,2020-01-22,08:12:05,Import,JP,PORT_40,ZZ,120930,59FLYV1,JK0XSLK,337.49,0.1,0.105,LINE_MODE_10,12.8,Clear
71146595,2020-01-23,01:16:35,Import,CN,PORT_40,WS,392490,ZYJ9AUU,R3N6ZU4,842.05,765.5,737.712,LINE_MODE_40,16.7,Clear
30880276,2020-01-23,02:07:16,Import,CN,PORT_20,EC,940169,XA0DUOK,XUR1GYY,277866.0,3870.0,4056.534,LINE_MODE_40,6.5,Clear
55937684,2020-01-23,17:58:44,Import,CN,PORT_40,MT,940169,JDHIKMG,QAEP7ZO,157888.2,2199.0,2296.196,LINE_MODE_40,69.9,Clear
22950510,2020-01-23,01:08:30,Import,CN,PORT_40,AM,392690,DTBL7MH,6V0LO4Q,3160.0,100.0,98.12,LINE_MODE_40,28.3,Clear
34476441,2020-01-23,05:23:21,Import,JP,PORT_30,AT,340290,VFL854L,A7QE9CN,54558.0,180.0,178.326,LINE_MODE_10,40.6,Clear
80336680,2020-01-23,14:24:40,Import,US,PORT_40,ZZ,470710,AUINYRC,7GHJ33J,188541.6,24172.0,25288.746,LINE_MODE_40,5.2,Clear
23184804,2020-01-23,18:37:24,Import,CN,PORT_30,GU,071080,HW96MLB,UC5FF23,31824000.0,120000.0,118104.0,LINE_MODE_40,30.3,Clear
30305823,2020-01-23,12:05:03,Import,JP,PORT_40,GN,392690,L8LD7BY,I768TB2,15.8,0.5,0.525,LINE_MODE_40,7.5,Clear
80613096,2020-01-23,02:07:36,Import,CN,PORT_40,UG,940599,DPZC8Y2,HJ0VEDQ,2448.72,71.6,76.062,LINE_MODE_40,112.3,Low Risk
82959281,2020-01-23,14:10:41,Import,US,PORT_40,BA,720441,HW96MLB,7PN0VA5,240720.0,20060.0,19472.242,LINE_MODE_40,21.4,Clear
45250229,2020-01-23,04:14:29,Import,KR,PORT_40,PL,854231,VSNUSR5,LY5ONFW,19470.72,9.6,9.568,LINE_MODE_40,38.5,Clear
38068389,2020-01-23,19:57:09,Import,FR,PORT_16,MT,970300,MZQ7M2V,P7TFJKL,2035.0,37.0,37.618,LINE_MODE_40,51.7,Clear
75745963,2020-01-23,09:00:43,Import,CN,PORT_40,JP,950300,QHXDJXU,OQY4ZUC,14049.0,210.0,205.737,LINE_MODE_40,27.3,Clear
66052389,2020-01-23,01:17:09,Import,CN,PORT_20,UZ,850980,05XSCCC,5FOCQOV,50054184.0,21240.0,21594.708,LINE_MODE_40,51.7,Clear
62458993,2020-01-23,08:11:13,Import,US,PORT_20,RS,710813,WPPK44S,9ZEZ28S,55722.48,0.4,0.406,LINE_MODE_40,50.4,Clear
66114067,2020-01-23,19:53:07,Import,VN,PORT_30,SV,620211,QFPS4KF,QGS3IT1,12734.4,16.0,16.443,LINE_MODE_40,59.0,Clear
70024527,2020-01-23,03:27:27,Import,CN,PORT_40,MT,640299,MK7CEGQ,TOBJ7H7,21999.2,214.0,243.327,LINE_MODE_40,39.7,Low Risk
68664003,2020-01-23,23:08:03,Import,CN,PORT_40,NG,620463,KAKKI8I,BUSF98I,4606.0,70.0,67.179,LINE_MODE_40,14.1,Clear
53781789,2020-01-23,00:47:09,Import,CN,PORT_40,NG,940540,AUINYRC,A9W36K1,1617.1,157.0,188.061,LINE_MODE_40,90.3,Low Risk
17464740,2020-01-23,07:19:00,Import,US,PORT_30,LR,870899,N9INWXL,Q2VAB4L,350.0,50.0,50.81,LINE_MODE_10,57.4,Clear
56886566,2020-01-23,02:45:26,Import,IN,PORT_40,HN,294190,BES92ZL,WDN6NM0,14681.4,0.4,0.381,LINE_MODE_40,9.8,Clear
63046572,2020-01-23,16:08:12,Import,AT,PORT_40,TH,901580,O8CQLIC,HP3YVWR,0.0,0.0,0.001,LINE_MODE_10,46.8,Clear
13750149,2020-01-23,16:53:09,Import,DE,PORT_40,PL,392690,3WDK65Q,HRZFB2H,720.0,1200.0,1244.04,LINE_MODE_40,64.9,Clear
57838928,2020-01-23,04:30:08,Import,MY,PORT_40,TH,847150,KH39Z8W,5VD46T7,88.68,0.4,0.486,LINE_MODE_40,95.9,Low Risk
22658833,2020-01-23,16:35:13,Import,TH,PORT_40,BA,540761,BINA4CT,W51HNAM,19713.32,814.6,810.283,LINE_MODE_40,37.2,Clear
68620943,2020-01-23,12:30:23,Import,CN,PORT_40,ZZ,854449,KIQ4986,CXOEY3O,250260.4,76.0,84.469,LINE_MODE_10,39.6,Low Risk
85314368,2020-01-23,20:34:08,Import,CN,PORT_40,UZ,382499,9IIL361,7F6B3XW,375000.0,30000.0,34543.2,LINE_MODE_40,43.1,Low Risk
93909148,2020-01-23,09:20:28,Import,US,PORT_40,GG,730890,KAKKI8I,JGCIOXU,726.0,110.0,111.342,LINE_MODE_40,48.7,Clear
98743392,2020-01-23,15:55:12,Import,CN,PORT_30,EC,293220,HXK29EB,FJW0GJJ,53050.8,33.0,36.73,LINE_MODE_40,34.0,Low Risk
64187333,2020-01-23,14:56:53,Import,US,PORT_40,GG,901920,G9LMMCH,3NZJ6F4,0.0,0.0,0.001,LINE_MODE_40,4.2,Clear
32176603,2020-01-23,02:24:43,Import,CN,PORT_40,OM,560312,A2RSO4N,WPE9IK0,17056.0,130.0,124.761,LINE_MODE_40,14.1,Clear
91117781,2020-01-23,12:25:41,Import,JP,PORT_16,UG,853650,XON4795,Y9H9POV,162.75,0.5,0.51,LINE_MODE_10,60.4,Clear
38994415,2020-01-23,23:26:55,Import,CZ,PORT_16,ES,392690,3I4LV1D,7G0TPQR,10.2,17.0,16.213,LINE_MODE_40,10.1,Clear
83454619,2020-01-23,07:54:19,Import,CN,PORT_40,OM,120242,FKI38G6,CVMN77X,2718400.0,4000.0,3806.8,LINE_MODE_40,8.8,Clear
66760761,2020-01-23,13:15:21,Import,CN,PORT_40,LB,950300,708A72F,EX4Q9G2,1420.2,5.4,5.566,LINE_MODE_40,61.0,Clear
91966406,2020-01-23,03:09:26,Import,CN,PORT_40,SD,521031,DVTIWDA,OS0FL3N,1485903.7,731.0,755.269,LINE_3JLK6O,68.6,Clear
54024961,2020-01-23,06:12:01,Import,DE,PORT_30,SV,611090,KX2M0ZR,530LFCI,10.26,2.7,2.783,LINE_MODE_40,61.0,Clear
99828616,2020-01-23,06:26:16,Import,CN,PORT_30,RS,392690,UIGB3TB,O5934YM,11.4,19.0,18.586,LINE_MODE_10,32.3,Clear
96243512,2020-01-23,06:50:32,Import,US,PORT_40,IL,950631,47GI57F,F9YV6RZ,12975.0,30.0,30.906,LINE_MODE_40,60.6,Clear
51425561,2020-01-23,22:48:41,Import,CN,PORT_40,NG,901890,WJERN9A,RBKRC5B,44.78,0.2,0.213,LINE_MODE_40,166.5,Critical
13643045,2020-01-23,10:04:05,Import,JP,PORT_16,IR,392690,VSNUSR5,WXFK87I,15.8,0.5,0.494,LINE_W6UCD9,33.2,Clear
27232191,2020-01-23,11:05:51,Import,US,PORT_40,FJ,340319,4GZ54M6,GLV0FEA,12912.48,18.9,18.252,LINE_MODE_40,18.1,Clear
19490843,2020-01-23,09:15:23,Import,CN,PORT_151,BR,950300,836INCG,DV61O8W,56196.0,840.0,873.348,LINE_EZ2FW6,66.9,Clear
50916913,2020-01-23,10:03:13,Import,DE,PORT_40,TT,870323,35STYOC,00RURK1,6672484.5,1815.0,1732.78,LINE_MODE_40,10.8,Clear
47766932,2020-01-23,01:07:32,Import,JP,PORT_20,ZZ,900211,GL8L7SX,LFY4FQJ,9233.18,1.1,1.122,LINE_MODE_10,60.0,Clear
68746144,2020-01-23,17:13:04,Import,BR,PORT_20,SI,281830,1I4Z34P,9OLDQEA,141600000.0,1000000.0,1014200.0,LINE_MODE_10,56.1,Clear
86805518,2020-01-23,04:46:38,Import,KR,PORT_40,WS,848079,4DCBAN3,E44MM7Y,2371.4,167.0,163.192,LINE_MODE_40,25.6,Clear
80572166,2020-01-23,14:05:26,Import,CN,PORT_40,HU,392640,4GZ54M6,8L21I9K,7335.9,1881.0,1792.969,LINE_MODE_40,9.8,Clear
52815163,2020-01-23,07:20:43,Import,CN,PORT_40,BA,940430,LHMZ0BH,90QOU11,7924.5,45.0,44.086,LINE_MODE_40,27.3,Clear
10672245,2020-01-23,03:30:45,Import,US,PORT_16,LR,730890,ZDMNB20,9GVIG2T,726.0,110.0,108.757,LINE_MODE_40,33.2,Clear
10998384,2020-01-23,13:30:24,Import,CN,PORT_30,MT,961590,BMWTSU2,RZM2Z77,27856.99,681.1,766.81,LINE_MODE_40,37.0,Low Risk
24880661,2020-01-23,21:13:41,Import,CN,PORT_40,JP,901890,JHEHLCS,IMPGGJN,44.78,0.2,0.24,LINE_MODE_40,39.0,Critical
55665268,2020-01-23,18:02:28,Import,DE,PORT_40,IR,292990,X93RCW4,H40BV8D,150196800.0,48000.0,45705.6,LINE_MODE_40,9.1,Clear
86254459,2020-01-23,01:38:19,Import,CN,PORT_40,LV,071080,PCW8KX7,9BQ4WDX,21216000.0,80000.0,82536.0,LINE_MODE_40,61.6,Clear
64342172,2020-01-23,05:21:32,Import,VN,PORT_30,GN,620452,1F91B4B,PWWBV1D,252.5,5.0,5.001,LINE_MODE_10,46.8,Clear
31043634,2020-01-23,19:37:54,Import,IN,PORT_40,WS,294190,5Y4HE8W,Q8HMP9E,14681.4,0.4,0.408,LINE_MODE_40,53.4,Clear
36932651,2020-01-23,03:00:11,Import,CN,PORT_33,ES,610910,HEC8OMB,UX4NJ8S,70.2,4.5,4.661,LINE_VZIZJJ,64.3,Clear
39604102,2020-01-23,17:00:22,Import,IN,PORT_40,SD,854110,J864BVB,BKPQS7M,1691.5,17.0,16.748,LINE_MODE_40,30.9,Clear
72757614,2020-01-23,18:50:54,Import,CN,PORT_40,SI,392690,3WDK65Q,R5P6P4N,3160.0,100.0,102.92,LINE_MODE_40,60.0,Clear
80171677,2020-01-23,10:46:37,Import,CN,PORT_20,BA,392690,ZY86O29,F59OEMM,20.04,33.4,32.488,LINE_MODE_40,22.7,Clear
80618987,2020-01-23,11:41:47,Import,IT,PORT_40,UG,330790,X93RCW4,6LV96I6,34268300.0,11000.0,9946.31,LINE_MODE_40,15.4,Low Risk
24434672,2020-01-23,03:56:32,Import,JP,PORT_20,NO,540761,IKDVI8E,586A4B5,3218.6,133.0,126.377,LINE_MODE_10,13.8,Clear
24513060,2020-01-23,13:11:00,Import,JP,PORT_40,UG,702000,VNNAVTT,51PCJ7B,847.44,19.8,18.933,LINE_MWIDNS,17.8,Clear
20410859,2020-01-23,10:24:59,Import,IN,PORT_40,CR,294190,1RPARTO,EI8IUBE,14681.4,0.4,0.413,LINE_MODE_40,61.6,Clear
43804741,2020-01-23,11:15:01,Import,DE,PORT_20,PL,870332,RROELMC,T92NP86,9977763.6,1719.0,1788.963,LINE_MODE_10,73.6,Clear
66283545,2020-01-23,15:05:45,Import,KR,PORT_30,AM,711291,58UT4OW,55ZRC7O,58.41,0.9,0.935,LINE_W6UCD9,66.2,Clear
22875070,2020-01-23,22:51:10,Import,US,PORT_40,MT,051110,GJ6QPBH,V0NQFTU,586208.5,0.1,0.1,LINE_MODE_40,41.5,Clear
53202151,2020-01-23,03:38:31,Import,CN,PORT_40,CA,620892,F2QHIBP,EX4Q9G2,413.0,5.0,4.928,LINE_MODE_40,31.3,Clear
58585480,2020-01-23,20:24:40,Import,JP,PORT_40,KE,392690,6CZX2IL,GBZMXAF,15.8,0.5,0.523,LINE_MODE_40,5.2,Clear
49344369,2020-01-23,12:10:09,Import,VN,PORT_40,MN,190120,C674M8S,YLSHCWD,1380000.0,1500.0,1540.05,LINE_MODE_40,58.3,Clear
95299980,2020-01-23,04:13:00,Import,JP,PORT_40,BA,853669,4T83MFO,RBKRC5B,35.05,0.5,0.498,LINE_MODE_40,38.2,Clear
25312038,2020-01-23,13:55:18,Import,KR,PORT_40,DJ,711291,LHMZ0BH,F9YV6RZ,58.41,0.9,0.915,LINE_MODE_40,52.0,Clear
16615760,2020-01-23,20:49:20,Import,VN,PORT_13,JP,940490,N9WENK9,UXMK6XV,21053.34,911.4,917.051,LINE_MODE_40,44.8,Clear
91517689,2020-01-23,01:38:49,Import,CN,PORT_30,TH,392690,7KGLWW5,D5472T4,269.22,448.7,433.758,LINE_MODE_10,24.7,Clear
17852478,2020-01-23,05:49:18,Import,CN,PORT_20,PL,853649,S2RX3LX,2OQZJ37,14319.8,23.0,26.115,LINE_MODE_10,45.3,Low Risk
75644234,2020-01-23,06:01:14,Import,CN,PORT_20,CL,854370,LLF9ZD4,S3X4R5Y,169.4,77.0,78.478,LINE_MODE_10,59.4,Clear
68616898,2020-01-23,09:42:58,Import,KR,PORT_40,PY,490199,QZDUEL9,GBZMXAF,5.76,1.6,1.58,LINE_MODE_40,32.2,Clear
35199524,2020-01-23,17:22:44,Import,CN,PORT_20,GN,390110,TYYLT0T,F8VJJE0,3100000.0,50000.0,51210.0,LINE_MODE_40,56.7,Clear
84981581,2020-01-23,11:55:41,Import,JP,PORT_40,LB,711719,U5QXGVW,51JSZLY,7.34,0.2,0.242,LINE_MODE_40,94.4,Low Risk
99183454,2020-01-23,02:01:34,Import,CN,PORT_40,EC,071080,ZXA3FSI,BXTMU7D,1957600.0,8000.0,8073.6,LINE_MODE_40,46.8,Clear
35642698,2020-01-23,18:12:58,Import,CZ,PORT_40,EC,853650,0JYAD1R,6LV96I6,1086.8,4.0,4.414,LINE_MODE_40,31.7,Low Risk
30936045,2020-01-23,00:20:45,Import,IL,PORT_40,PL,170260,U5QXGVW,BUSF98I,9553950.0,18900.0,18686.43,LINE_MODE_40,33.2,Clear
51268079,2020-01-23,01:51:59,Import,KR,PORT_40,PL,711291,LHMZ0BH,7EH3UJU,58.41,0.9,0.92,LINE_MODE_10,61.0,Clear
97624964,2020-01-23,05:46:44,Import,CN,PORT_40,PG,681599,MJLB39L,V2UXGRY,415990.5,10585.0,10629.457,LINE_MODE_40,43.5,Clear
40749347,2020-01-23,00:47:47,Import,DE,PORT_20,CL,441192,T2U2PQ8,MFBN317,535613.1,1666.5,1841.549,LINE_MODE_10,38.1,Low Risk
66068148,2020-01-23,17:03:48,Import,IT,PORT_20,MG,620113,MI5T6SJ,RDPNY9W,3552.0,10.0,10.122,LINE_MODE_10,54.7,Clear
77812218,2020-01-23,01:18:18,Import,CN,PORT_40,MN,630291,NXZGW6G,BXAWPQO,1230.0,150.0,154.08,LINE_MODE_10,64.6,Clear
86731631,2020-01-23,00:03:11,Import,CN,PORT_30,GG,420212,C3TNAT0,BCNNGVA,596710.03,4808.3,5028.039,LINE_MODE_10,10.9,Clear
39997448,2020-01-23,00:32:08,Import,KR,PORT_40,IL,392062,4TK7C6I,OQY4ZUC,6577.2,453.6,411.896,LINE_MODE_40,12.2,Low Risk
87842032,2020-01-23,06:25:52,Import,IT,PORT_40,EC,611090,XFKNCZ6,XNDQ0GN,6.84,1.8,1.746,LINE_MODE_40,21.0,Clear
33992426,2020-01-23,07:16:26,Import,CN,PORT_20,SI,620462,1VHJG03,Q7Q5NE9,140.3,1.0,1.023,LINE_MODE_10,62.0,Clear
62545843,2020-01-23,14:18:43,Import,TH,PORT_40,GU,851590,F0O2PIM,VV3V95M,689.85,3.5,3.727,LINE_MODE_40,113.8,Low Risk
35495062,2020-01-23,03:36:22,Import,TH,PORT_40,MG,851590,ZXPB19S,JGCIOXU,689.85,3.5,4.064,LINE_MODE_40,45.4,Low Risk
93222287,2020-01-23,12:36:47,Import,JP,PORT_40,UG,820559,H2DTEI0,LCLMUUB,35.0,2.0,2.402,LINE_MODE_40,91.3,Low Risk
35229443,2020-01-23,21:05:23,Import,TR,PORT_40,MT,283630,J864BVB,I768TB2,28770000.0,300000.0,311910.0,LINE_MODE_40,66.9,Clear
97895718,2020-01-23,00:03:18,Import,JP,PORT_40,BA,854110,19Z6C51,CN7RVPV,370.6,1.0,0.977,LINE_MODE_40,25.6,Clear
62489909,2020-01-23,17:02:29,Import,CN,PORT_40,AT,392690,W1Y6F7G,C9DXOFP,101.1,168.5,161.204,LINE_MODE_40,12.1,Clear
88412727,2020-01-23,07:17:27,Import,KR,PORT_40,KZ,852351,FSSTFL5,3U8ZYJU,3248.91,2.7,2.694,LINE_MODE_10,45.2,Clear
42065717,2020-01-23,20:27:17,Import,KR,PORT_30,GU,848620,2NZPY3S,PX51PG4,759556940.0,3188.0,3037.208,LINE_MODE_10,15.5,Clear
97735698,2020-01-23,15:36:18,Import,TW,PORT_40,IL,848420,JR00P65,MKP9Y8X,9.24,0.4,0.395,LINE_MODE_40,32.2,Clear
85707548,2020-01-23,13:47:08,Import,CN,PORT_40,AM,420100,US6DIE2,BLSMCWC,2006.0,170.0,201.185,LINE_MODE_10,56.7,Low Risk
69129744,2020-01-23,09:06:24,Import,TR,PORT_40,MN,283630,798SXTF,LYKEHJV,28770000.0,300000.0,304260.0,LINE_MODE_40,50.1,Clear
52138344,2020-01-23,09:16:24,Import,IN,PORT_40,SD,820719,Q3XFI0F,F86LJJM,340690.02,367.4,372.617,LINE_MODE_40,50.1,Clear
71966027,2020-01-23,08:05:47,Import,CN,PORT_40,SI,070690,PDQERH3,5JLIZMI,519840.0,1800.0,1885.86,LINE_LM3SJ4,6.2,Clear
26952198,2020-01-23,13:31:18,Import,TW,PORT_40,HU,290539,3WDK65Q,6ULEI9B,19880580.0,78270.0,81181.644,LINE_MODE_10,71.2,Clear
52323069,2020-01-23,03:35:09,Import,CN,PORT_40,MG,851690,TEZFK6G,HBJXEK9,1.69,1.3,1.27,LINE_MODE_40,25.3,Clear
64734514,2020-01-23,20:52:34,Import,CN,PORT_40,PY,071080,IGQSB5K,41W8AHR,15912000.0,60000.0,58752.0,LINE_MODE_40,27.0,Clear
38926301,2020-01-23,02:47:41,Import,FR,PORT_30,PY,741220,3Z5L1PO,ZE6H6BS,51348.44,206.8,198.673,LINE_MODE_10,20.8,Clear
63542148,2020-01-23,19:23:48,Import,US,PORT_30,MT,950699,MH3915F,CAQ35IV,2209.34,36.7,37.148,LINE_MODE_10,54.7,Clear
10903792,2020-01-23,10:41:52,Import,CN,PORT_40,MG,620891,TQRUC5N,7PN0VA5,33322.2,237.0,234.677,LINE_MODE_40,34.2,Clear
31039194,2020-01-23,10:23:54,Import,CN,PORT_40,RS,853669,T87T3YL,I768TB2,5760.7,11.0,11.431,LINE_MODE_40,66.6,Clear
73947477,2020-01-23,15:09:57,Import,CN,PORT_20,FJ,611599,9OAP9ZV,16YQDZZ,672.54,3.3,3.21,LINE_W6UCD9,28.7,Clear
82713522,2020-01-23,17:10:42,Import,MG,PORT_40,NG,090510,ZDMNB20,7GZQHYN,39902.5,11.0,10.727,LINE_MODE_40,24.3,Clear
42702231,2020-01-23,20:19:51,Import,CN,PORT_40,CR,640399,X93RCW4,MKP9Y8X,1050140.0,1400.0,1463.98,LINE_MODE_40,4.9,Clear
44412380,2020-01-23,10:06:20,Import,TW,PORT_40,DJ,848420,WY8VRB0,XNDQ0GN,9.24,0.4,0.398,LINE_MODE_40,38.2,Clear
25002965,2020-01-23,05:36:05,Import,US,PORT_30,HU,901890,0UT5ANZ,BU7OR7C,492.94,9.8,10.262,LINE_MODE_50,104.6,Low Risk
40967172,2020-01-23,10:58:12,Import,IT,PORT_40,KR,640299,0P49WV1,COY5YPX,10687.84,6.7,6.701,LINE_MODE_40,40.8,Clear
38102103,2020-01-23,01:43:03,Import,CN,PORT_41,BR,940490,JEUUEEE,1WOULXB,277.2,12.0,12.116,LINE_MWIDNS,47.1,Clear
53298809,2020-01-23,11:57:29,Import,PE,PORT_16,NO,110630,X8YUKRY,1C63X5F,58680.0,300.0,302.01,LINE_MODE_10,51.1,Clear
14784752,2020-01-23,03:24:32,Import,CN,PORT_40,SV,392690,DGTO4L1,V7IHZMB,111.0,185.0,217.752,LINE_MODE_40,49.2,Low Risk
39961553,2020-01-23,09:33:53,Import,JP,PORT_40,SV,760200,ZFW1X1Y,S0FSXM3,201850.6,20597.0,21311.716,LINE_MODE_40,63.6,Clear
24940779,2020-01-23,07:23:39,Import,KR,PORT_40,IR,850440,K0GD524,2BTKFIV,3009.78,6.9,6.705,LINE_MODE_40,22.0,Clear
13754249,2020-01-23,19:21:29,Import,CN,PORT_40,TT,291590,Z20KUFQ,I768TB2,1571328.0,3520.0,3473.184,LINE_MODE_40,31.9,Clear
72804109,2020-01-23,07:25:49,Import,TW,PORT_40,PY,848420,ZLC0SOJ,BUSF98I,9.24,0.4,0.383,LINE_MODE_40,12.1,Clear
28689712,2020-01-23,15:13:52,Import,CN,PORT_40,BA,401699,VLDBBK5,9BQ4WDX,9.05,0.5,0.515,LINE_MODE_40,60.6,Clear
59462301,2020-01-23,13:54:21,Import,TW,PORT_40,IL,848420,XXVRZMY,I768TB2,9.24,0.4,0.384,LINE_MODE_40,14.8,Clear
35668726,2020-01-23,18:14:46,Import,MY,PORT_40,TT,853890,QSBFCT0,D3XK1OR,1096.0,54.8,53.331,LINE_MODE_40,23.0,Clear
79191713,2020-01-23,02:49:53,Import,GB,PORT_40,LR,293499,KAKKI8I,6EREC3Y,62.34,0.1,0.095,LINE_MODE_40,10.8,Clear
68319341,2020-01-23,15:31:41,Import,CN,PORT_40,ZZ,950300,DZ06QFO,LCLMUUB,36527.4,546.0,568.222,LINE_MODE_40,67.6,Clear
29254582,2020-01-23,06:08:22,Import,JP,PORT_40,IR,711719,PCW8KX7,OZB7KED,7.34,0.2,0.215,LINE_MODE_40,2.3,Low Risk
99465601,2020-01-23,04:36:01,Import,US,PORT_40,BG,847160,U5QXGVW,2HC1ON5,1920.98,13.9,14.049,LINE_MODE_10,53.8,Clear
85489948,2020-01-23,06:40:28,Import,CN,PORT_30,CA,950300,DBRYE2D,N5NQP7T,5749.62,727.8,861.308,LINE_VZIZJJ,50.7,Low Risk
32799093,2020-01-23,02:39:33,Import,DE,PORT_40,BA,851531,QQVITFF,HCKC6V3,3643.2,24.0,23.153,LINE_MODE_40,17.4,Clear
46100379,2020-01-23,21:03:39,Import,CN,PORT_40,LB,071080,WLHJGOK,GMVOLOD,1957600.0,8000.0,7773.6,LINE_MODE_40,22.0,Clear
98923242,2020-01-23,07:52:42,Import,KR,PORT_40,BG,920590,7ERBA1X,R3N6ZU4,67170.0,50.0,50.76,LINE_MODE_40,50.7,Clear
25295304,2020-01-23,16:52:24,Import,KR,PORT_40,ZZ,852351,OT24D6L,8ATIQAO,3248.91,2.7,2.792,LINE_MODE_40,63.3,Clear
47936577,2020-01-23,01:54:57,Import,ZZ,PORT_40,IR,840999,44OI74Z,DWNJQL8,18553.8,642.0,656.573,LINE_MODE_10,61.7,Clear
74326931,2020-01-23,22:18:11,Import,DE,PORT_40,NG,853710,EVN40SJ,OQY4ZUC,60.1,0.2,0.199,LINE_MODE_10,43.9,Clear
33991722,2020-01-23,11:20:42,Import,KR,PORT_40,UG,330499,3Z5L1PO,M4LHV6R,31149.69,174.9,157.228,LINE_MODE_10,28.6,Low Risk
83019608,2020-01-23,23:08:08,Import,DE,PORT_40,MG,392690,DTBL7MH,FVI4U22,720.0,1200.0,1178.64,LINE_MODE_40,28.9,Clear
66372837,2020-01-23,07:05:57,Import,CN,PORT_40,TH,620463,JR00P65,69Z0KLV,4606.0,70.0,69.489,LINE_MODE_40,35.9,Clear
78292064,2020-01-23,23:31:44,Import,KR,PORT_40,GG,848071,4T83MFO,YRI6MZZ,373770.0,900.0,858.78,LINE_MODE_40,10.5,Clear
63266838,2020-01-23,20:55:18,Import,IN,PORT_20,PY,251320,7QHT111,NN70LU5,1042200.0,54000.0,54928.8,LINE_MODE_40,52.0,Clear
71429545,2020-01-23,23:12:25,Import,CN,PORT_40,IL,940490,YQPXQL6,MFKOXVH,200.97,8.7,9.249,LINE_MODE_40,112.8,Low Risk
61203343,2020-01-23,21:23:43,Import,CN,PORT_40,MG,420330,HNC6704,L5GONLU,20886.4,61.0,60.372,LINE_MODE_10,39.9,Clear
41170828,2020-01-23,15:48:28,Import,DE,PORT_40,IR,330499,Z0F7Z4R,ZR51MQY,114179.91,641.1,623.277,LINE_W6UCD9,22.3,Clear
79591054,2020-01-23,23:41:34,Import,VN,PORT_16,LR,853669,3DIBTG2,ZRCA850,15711.0,30.0,30.276,LINE_ALDCWV,52.8,Clear
15239225,2020-01-23,17:27:05,Import,JP,PORT_12,GN,392410,G1WDK21,P4TYR5H,71.12,50.8,50.734,LINE_B7S0RD,45.8,Clear
16129656,2020-01-23,02:03:36,Import,CN,PORT_40,NG,961590,GAZWHE9,1SNV68J,2.9,1.0,0.958,LINE_MODE_10,19.1,Clear
75702422,2020-01-23,22:59:02,Import,CN,PORT_40,SV,901890,KAKKI8I,5VD46T7,44.78,0.2,0.287,LINE_MODE_40,157.6,Critical
63264576,2020-01-23,23:05:36,Import,CN,PORT_30,IL,621430,4D5QIOH,H589J85,39638.52,370.8,370.133,LINE_MODE_10,45.5,Clear
46082680,2020-01-23,03:24:40,Import,CN,PORT_16,CL,071080,DTBL7MH,YA5WPZA,15912000.0,60000.0,62772.0,LINE_W6UCD9,5.2,Clear
57641067,2020-01-23,07:36:27,Import,KR,PORT_40,KZ,711291,T0TOOB3,CUHEWAM,58.41,0.9,0.925,LINE_MODE_40,59.0,Clear
29694260,2020-01-23,09:44:20,Import,JP,PORT_40,NO,392690,P6BIH3N,DMEOF5B,15.8,0.5,0.478,LINE_MODE_40,11.8,Clear
97968688,2020-01-23,20:59:28,Import,PT,PORT_40,GN,854370,XAI29G0,P5KJOIV,20.16,0.8,0.855,LINE_MODE_40,116.3,Low Risk
13655787,2020-01-23,21:28:27,Import,US,PORT_16,SV,030391,1OGOBEV,315YDPM,23999992.5,71535.0,69224.42,LINE_MODE_10,25.4,Clear
21403482,2020-01-23,10:36:42,Import,CN,PORT_13,HN,851679,O9XRSOA,AWQ9NE6,7944093.44,20348.6,20250.927,LINE_W6UCD9,37.5,Clear
37025695,2020-01-23,12:34:55,Import,CN,PORT_20,GG,071080,MC4SK1P,BF6QRXO,4159900.0,17000.0,20200.08,LINE_MODE_10,93.3,Low Risk
28988210,2020-01-23,23:36:50,Import,JP,PORT_40,BR,401220,L7G91WA,32RVS06,1635740.0,14150.0,14591.48,LINE_MODE_10,67.3,Clear
66293653,2020-01-23,13:22:13,Import,IT,PORT_20,ES,420222,IZ9D7IK,WX39RD3,115.2,12.0,11.816,LINE_MODE_10,36.6,Clear
50663184,2020-01-23,15:30:24,Import,JP,PORT_40,GN,180690,N5DS9AV,1099DDY,5721.09,1.9,1.889,LINE_MODE_10,42.9,Clear
81086163,2020-01-23,17:44:03,Import,CN,PORT_40,RS,070310,INHWY3Z,BUSF98I,2272800.0,24000.0,23512.8,LINE_W6UCD9,27.3,Clear
77328281,2020-01-23,18:00:41,Import,CN,PORT_40,IR,071080,4UCFY75,D88DTE8,31824000.0,120000.0,108253.2,LINE_MODE_40,17.1,Low Risk
10096955,2020-01-23,03:02:35,Import,IN,PORT_20,PL,620439,ARSGVKC,SWNC92M,40955.66,21.8,19.468,LINE_MODE_10,35.0,Low Risk
10585138,2020-01-23,09:46:58,Import,KR,PORT_40,PG,852351,T21HU50,R3N6ZU4,3248.91,2.7,2.611,LINE_MODE_40,19.0,Clear
56187686,2020-01-23,16:37:26,Import,JP,PORT_40,MT,940190,DTBL7MH,00RURK1,14.32,0.4,0.397,LINE_W6UCD9,36.2,Clear
78459367,2020-01-23,05:08:07,Import,CN,PORT_40,SV,392690,LHMZ0BH,9GVIG2T,301.2,502.0,490.805,LINE_MODE_40,26.0,Clear
49306987,2020-01-23,23:15:07,Import,BE,PORT_33,IR,570242,H8JRSLI,82R4ZVJ,486838.52,904.4,875.188,LINE_MODE_40,19.4,Clear
33454975,2020-01-23,12:42:55,Import,CN,PORT_30,GG,852990,652ASVT,WQB5H59,140.1,3.0,2.921,LINE_MODE_40,23.3,Clear
95635414,2020-01-23,08:27:34,Import,FR,PORT_40,HN,970300,4T83MFO,W0FXX8G,2035.0,37.0,38.08,LINE_W6UCD9,60.0,Clear
91467336,2020-01-23,09:11:36,Import,CN,PORT_30,TH,620463,4UCFY75,LPA7LKZ,4606.0,70.0,71.274,LINE_MODE_40,52.7,Clear
20804370,2020-01-23,16:59:30,Import,NL,PORT_20,MG,390290,G4GQX97,2SEPFG5,23113200.0,66000.0,62779.2,LINE_MODE_40,8.5,Clear
92266743,2020-01-23,07:27:03,Import,DE,PORT_20,IL,950629,FHNCEC6,Q7Q5NE9,13648.8,33.0,32.66,LINE_MODE_10,39.9,Clear
55105681,2020-01-23,18:24:01,Import,IN,PORT_40,MN,294190,S2GLE8O,LUMD0QF,14681.4,0.4,0.388,LINE_W6UCD9,21.4,Clear
48408845,2020-01-23,11:14:05,Import,CN,PORT_40,OM,392690,N7PG9V7,K8W9S8E,130.2,217.0,214.548,LINE_MODE_40,33.2,Clear
67504058,2020-01-23,15:15:38,Import,CN,PORT_16,PY,420229,8B6J6SR,DETYHIM,160.0,4.0,4.67,LINE_MODE_10,52.9,Low Risk
54997774,2020-01-23,16:13:34,Import,JP,PORT_20,PG,711719,V9JA92Y,OQBACSH,7.34,0.2,0.203,LINE_MODE_40,4.7,Low Risk
73891191,2020-01-23,19:55:51,Import,TW,PORT_40,AM,854442,8HQQI1O,DJNTC1K,29.9,1.0,0.906,LINE_MODE_10,20.2,Low Risk
83082744,2020-01-23,04:56:24,Import,CN,PORT_40,LB,844399,F2QHIBP,WXFK87I,99.75,1.5,1.521,LINE_MODE_40,50.1,Clear
18335404,2020-01-23,10:14:04,Import,CA,PORT_40,LR,210690,KRK79AB,49TKV7A,18886.45,149.3,146.941,LINE_MODE_40,30.3,Clear
61118763,2020-01-23,15:14:03,Import,CN,PORT_50,GN,854449,5RYZMVO,9B1HHI5,3489.2,11.0,10.777,LINE_YNWUVP,27.3,Clear
64718417,2020-01-23,04:52:17,Import,JP,PORT_40,MN,392690,C674M8S,HV1AB1L,15.8,0.5,0.501,LINE_MODE_40,42.5,Clear
88446383,2020-01-23,15:34:23,Import,VN,PORT_30,SD,620193,XON4795,1WBZ8UM,11865.0,15.0,14.546,LINE_MODE_10,26.7,Clear
16781762,2020-01-23,12:08:02,Import,IT,PORT_20,SI,620630,L58VB00,GCYUWBV,221.0,1.0,0.955,LINE_MODE_10,17.1,Clear
62634333,2020-01-23,02:13:33,Import,CN,PORT_40,HN,350400,3NPHSQJ,I768TB2,15163900.0,9500.0,10190.84,LINE_MODE_40,2.0,Low Risk
22427002,2020-01-23,17:35:22,Import,AT,PORT_23,NO,847790,E5A2B7L,LC2UWE1,104198.4,864.0,894.413,LINE_MODE_10,69.9,Clear
96769995,2020-01-23,01:33:15,Import,CN,PORT_40,PG,340399,BIRL6AD,OOLW1MT,21912000.0,20000.0,19274.0,LINE_MODE_40,16.7,Clear
62685731,2020-01-23,12:38:11,Import,ES,PORT_40,AT,330510,7CYD630,0DMYLCA,527170.5,1395.0,1389.002,LINE_MODE_40,37.9,Clear
74711860,2020-01-23,23:57:40,Import,JP,PORT_40,IR,392490,XIKK7OW,7H4FQBD,55.0,50.0,47.81,LINE_MODE_40,11.8,Clear
30289655,2020-01-23,16:07:35,Import,TW,PORT_40,GN,848420,Z19EZE9,I768TB2,9.24,0.4,0.413,LINE_MODE_10,68.9,Clear
70880808,2020-01-23,21:54:48,Import,DE,PORT_16,ZZ,420299,0JYAD1R,R3QV3RC,23.28,2.4,2.357,LINE_MODE_40,28.9,Clear
30700598,2020-01-23,20:04:38,Import,AE,PORT_40,HN,842720,F2QHIBP,65L27RG,42120.0,2700.0,2800.44,LINE_MODE_40,65.2,Clear
18423506,2020-01-23,02:34:26,Import,CN,PORT_30,SD,970300,MVQ8T8O,UXX1AJX,46310.0,842.0,752.209,LINE_MODE_10,34.6,Low Risk
87101378,2020-01-23,10:57:38,Import,CN,PORT_40,SV,091011,Z19EZE9,8QOEWI1,4512000.0,24000.0,25841.28,LINE_MODE_40,3.5,Low Risk
88302606,2020-01-23,20:06:06,Import,JP,PORT_40,WS,940190,HW96MLB,SOVP5MZ,14.32,0.4,0.413,LINE_MODE_40,62.6,Clear
10550059,2020-01-23,20:38:19,Import,CN,PORT_20,IL,700992,6OV5SKC,1J6B32D,1.4,1.4,1.444,LINE_MODE_40,61.6,Clear
93912647,2020-01-23,04:22:47,Import,US,PORT_40,DJ,853890,K8VM7RA,FOVFD9M,556.5,7.0,7.431,LINE_MODE_40,111.7,Low Risk
89205936,2020-01-23,13:01:36,Import,IT,PORT_40,LV,420221,B9VTTIN,3TB06TL,9.24,0.3,0.305,LINE_MODE_40,52.7,Clear
83390443,2020-01-23,12:28:43,Import,IT,PORT_40,SD,220900,S7Q6MDF,3RN3KW3,234786.0,654.0,679.964,LINE_MODE_10,72.9,Clear
62668618,2020-01-23,13:24:58,Import,CN,PORT_40,RS,871499,ZC2OE0E,5OBXDF2,155.44,23.2,23.831,LINE_MODE_40,58.6,Clear
16402490,2020-01-23,23:34:50,Import,KR,PORT_40,TT,854140,85AFPLZ,QUFP1DP,2189873.7,57477.0,56971.202,LINE_MODE_40,34.9,Clear
48368552,2020-01-23,04:14:32,Import,DE,PORT_20,DJ,300490,GPDYQUL,G9G9F13,222010.8,798.6,806.746,LINE_MODE_40,47.4,Clear
86968324,2020-01-23,18:56:04,Import,CN,PORT_40,UG,460219,6NKSKKK,FFCRROI,75769.2,78.0,111.418,LINE_MODE_40,156.0,Critical
79909866,2020-01-23,12:47:06,Import,FR,PORT_40,WS,970300,WA5QEUA,WXFK87I,2035.0,37.0,37.118,LINE_MODE_40,42.8,Clear
37129948,2020-01-23,05:20:28,Import,JP,PORT_40,UG,392690,DH4SLL2,HF6FUN7,15.8,0.5,0.506,LINE_MODE_40,48.7,Clear
59939101,2020-01-23,21:01:01,Import,UZ,PORT_40,GN,520513,UANMCMW,4M7AXRQ,20281188.48,13372.8,12847.249,LINE_MODE_40,14.8,Clear
24805030,2020-01-23,06:57:10,Import,CA,PORT_40,UG,920992,51577ON,JJG7E9R,461.7,4.5,4.595,LINE_MODE_40,54.7,Clear
96079449,2020-01-23,02:08:09,Import,KR,PORT_40,AM,852351,Q5BH16X,CAMN5SR,3248.91,2.7,2.664,LINE_MODE_40,31.9,Clear
21122849,2020-01-23,10:11:29,Import,DE,PORT_10,DJ,851822,QMGBGPA,47YIDAJ,17127.33,120.7,132.992,LINE_MODE_40,31.3,Low Risk
33813409,2020-01-23,12:40:49,Import,CN,PORT_30,TH,590691,3BFUK83,6QGDPRP,560448.0,420.0,489.653,LINE_MODE_10,52.5,Low Risk
80436147,2020-01-23,19:34:27,Import,CN,PORT_20,UZ,391890,97EWR25,6TSMI0E,54600.0,42000.0,41483.4,LINE_W6UCD9,38.6,Clear
65683922,2020-01-23,20:04:02,Import,KR,PORT_40,UZ,611030,HYMC60K,2JUMJC8,185.6,2.0,1.798,LINE_W6UCD9,22.6,Low Risk
97989212,2020-01-23,15:45:32,Import,CN,PORT_40,ZZ,950300,1RPARTO,UQHMADE,3851.52,6.4,6.273,LINE_MODE_40,27.6,Clear
97737580,2020-01-23,19:59:40,Import,MY,PORT_121,WS,401110,4H5581M,H2L84NI,5304733.84,4946.6,4927.803,LINE_MODE_40,38.2,Clear
46468537,2020-01-23,12:47:37,Import,TW,PORT_40,LV,848420,5BHK07J,ES6KNJT,9.24,0.4,0.417,LINE_MODE_40,68.9,Clear
31429428,2020-01-23,03:11:48,Import,JP,PORT_40,KR,853950,YMIF3BE,5ZMJCJR,0.78,0.3,0.292,LINE_MODE_40,22.3,Clear
51261787,2020-01-23,14:15:07,Import,DE,PORT_40,GN,870332,M2IKTBG,6ZQTY16,11115426.0,1915.0,1853.146,LINE_MWIDNS,19.4,Clear
55260788,2020-01-23,20:21:08,Import,IT,PORT_40,BA,220900,DGTO4L1,SAJX2TP,234786.0,654.0,648.899,LINE_MODE_40,35.5,Clear
33406959,2020-01-23,11:06:39,Import,CN,PORT_30,JP,630493,O359UWS,9U5PAWZ,4649.62,60.7,54.291,LINE_MODE_10,33.5,Low Risk
11736411,2020-01-23,06:42:51,Import,CN,PORT_20,AM,640419,HNWD1VQ,DORSGQT,33421.44,124.8,113.894,LINE_MODE_10,14.4,Low Risk
99699150,2020-01-23,00:12:30,Import,JP,PORT_40,ZZ,391990,V9JA92Y,X6BHPT7,495.9,4959.0,4766.591,LINE_MODE_40,15.1,Clear
10227110,2020-01-23,16:11:50,Import,SA,PORT_40,FJ,390110,QKDCEGD,G9G9F13,10276200.0,99000.0,97138.8,LINE_W6UCD9,28.3,Clear
14687434,2020-01-23,22:54:34,Import,ZZ,PORT_40,CL,840999,JQ72DVM,OQY4ZUC,18553.8,642.0,654.326,LINE_MODE_40,53.4,Clear
93342440,2020-01-23,13:47:20,Import,KR,PORT_40,BR,854231,XIKK7OW,HRZFB2H,19470.72,9.6,9.276,LINE_MODE_40,18.4,Clear
17660257,2020-01-23,02:29:37,Import,CN,PORT_40,LV,392690,NKD4MGK,LUMD0QF,3160.0,100.0,98.27,LINE_MODE_40,29.3,Clear
54917834,2020-01-23,00:41:14,Import,CN,PORT_10,KR,391610,TKOG328,PT6BMR7,12001.45,23.5,23.951,LINE_MODE_10,59.4,Clear
77973790,2020-01-23,16:03:10,Import,CN,PORT_40,EC,731815,1XEIAPB,K3HCKNK,8.8,4.0,4.165,LINE_MODE_40,67.9,Clear
67751871,2020-01-23,02:33:51,Import,ES,PORT_20,PL,330510,TGRY2FP,HTOIR7W,527170.5,1395.0,1430.852,LINE_MODE_40,57.7,Clear
91974884,2020-01-23,04:18:44,Import,ES,PORT_40,AM,330510,GLBV2MP,BUSF98I,527170.5,1395.0,1456.659,LINE_MODE_10,75.9,Clear
46296764,2020-01-23,19:56:44,Import,JP,PORT_30,KR,120930,YG1CGNX,818J1DT,337.49,0.1,0.1,LINE_MODE_40,43.5,Clear
87562592,2020-01-23,03:28:32,Import,CN,PORT_40,TH,392690,56WNQNF,UIV8F6E,41.1,68.5,67.829,LINE_MODE_40,34.2,Clear
30187593,2020-01-23,17:14:33,Import,JP,PORT_40,DJ,310100,ELZ37AF,C7AJP5O,4712130.0,127700.0,129577.19,LINE_MODE_40,50.4,Clear
46803851,2020-01-23,09:00:11,Import,CN,PORT_40,LV,853620,XANJ3JW,SC03Z0S,227006.72,53.6,55.514,LINE_MODE_40,64.3,Clear
68015087,2020-01-23,18:36:47,Import,CN,PORT_40,IL,071080,34SBYNE,H4KBAV5,15912000.0,60000.0,61062.0,LINE_MODE_40,52.4,Clear
62050562,2020-01-23,02:48:02,Import,KR,PORT_20,CA,844130,NE0ZG2E,I768TB2,265520.0,800.0,764.16,LINE_W6UCD9,11.1,Clear
88492669,2020-01-23,05:21:49,Import,JP,PORT_40,DJ,830590,USZKXON,GUBK2FH,23099.68,47.2,46.1,LINE_MODE_40,25.3,Clear
96423784,2020-01-23,09:27:04,Import,CN,PORT_40,GN,420299,6P55TWS,ES6KNJT,19.4,2.0,1.988,LINE_MODE_10,42.9,Clear
10338656,2020-01-23,14:46:56,Import,CN,PORT_20,ES,901839,M5KYBBQ,MFBN317,560113.4,2849.0,2729.912,LINE_MODE_10,19.1,Clear
60345341,2020-01-23,08:31:41,Import,JP,PORT_20,KE,960810,XVF80PM,TOBJ7H7,182.97,17.1,17.796,LINE_MODE_10,73.6,Clear
72359330,2020-01-23,07:08:50,Import,TH,PORT_40,IR,851762,OT24D6L,31R3APF,34953.9,37.0,33.365,LINE_MODE_40,17.4,Low Risk
87268659,2020-01-24,16:41:39,Import,CN,PORT_33,AT,430310,KLTML1O,0SU7HLJ,10616.7,43.0,44.363,LINE_I4FFXR,61.6,Clear
33719924,2020-01-24,14:22:44,Import,CN,PORT_30,NG,560394,P59PCWR,KB22RG5,17490.0,3300.0,3379.86,LINE_988GCP,56.7,Clear
63658032,2020-01-24,05:59:12,Import,CN,PORT_10,TH,392690,G4K8BDH,7KGEZUR,19.2,32.0,31.046,LINE_MODE_10,27.0,Clear
49985820,2020-01-24,00:57:00,Import,CN,PORT_40,KR,711719,TLICAF6,E44MM7Y,2.7,1.5,1.464,LINE_MODE_10,31.0,Clear
10381744,2020-01-24,20:53:04,Import,JP,PORT_16,PL,490210,H8U93PX,WQB5H59,484.5,85.0,86.207,LINE_MODE_40,50.1,Clear
75381325,2020-01-24,20:55:25,Import,IT,PORT_20,UZ,611020,RM2K1WE,KMTMF23,844.8,32.0,33.558,LINE_MODE_10,12.8,Clear
16565368,2020-01-24,08:57:28,Import,RU,PORT_30,IR,120190,LB5TW5B,9T1DYD5,279100.0,1000.0,1002.2,LINE_MODE_10,48.1,Clear
86446051,2020-01-24,02:03:31,Import,CN,PORT_40,NG,853400,BH8J50G,ACZQF57,13268.0,428.0,452.961,LINE_MODE_40,109.7,Low Risk
76137475,2020-01-24,00:57:55,Import,CN,PORT_20,EC,071080,66MXBME,RB38FUZ,1172800.0,4000.0,4094.8,LINE_MODE_10,62.3,Clear
71965362,2020-01-24,07:34:42,Import,PH,PORT_13,UZ,854239,83WCKKY,JQQYSS1,175.56,4.2,4.012,LINE_MODE_10,17.1,Clear
13906965,2020-01-24,22:02:45,Import,HK,PORT_20,AM,910121,VSNUSR5,NMZOTBE,200964.56,0.2,0.209,LINE_MODE_10,108.6,Low Risk
38801141,2020-01-24,00:01:41,Import,CN,PORT_20,IR,530929,7HMSTZ2,UQDOW6E,330566.4,216.0,224.791,LINE_MODE_10,73.6,Clear
83369882,2020-01-24,04:50:02,Import,CN,PORT_21,MN,081340,412G5EV,QHWGAO8,1533424.0,2390.0,2378.528,LINE_W6UCD9,43.5,Clear
85088985,2020-01-24,14:49:45,Import,JP,PORT_40,BA,853620,JBRDYDG,WPN0LAZ,1355264.0,320.0,325.984,LINE_MODE_40,53.0,Clear
61483044,2020-01-24,01:01:24,Import,CN,PORT_40,CL,761699,1ZNY80M,SZ07W7Z,4260.0,340.8,328.599,LINE_MODE_40,17.1,Clear
34879534,2020-01-24,19:49:34,Import,CN,PORT_20,EC,392690,FWI0CVX,YWL4OAG,9.0,15.0,12.272,LINE_MODE_10,35.3,Critical
94011032,2020-01-24,02:42:32,Import,CN,PORT_20,UZ,940190,AFE7ZX1,6YBFVC2,34414.54,961.3,932.653,LINE_MODE_10,27.0,Clear
65954814,2020-01-25,09:10:54,Import,CN,PORT_40,ZZ,950300,9KQBFDU,FLRXKO5,2765.0,350.0,366.772,LINE_MODE_10,109.1,Low Risk
12820360,2020-01-25,19:52:40,Import,JP,PORT_33,PL,711029,LZSCBFC,7N5XKGV,192023.2,2.0,2.012,LINE_MODE_40,44.8,Clear
32684026,2020-01-26,09:09:46,Import,CN,PORT_20,SD,660200,2JMEHBH,XF6D4LX,55461.0,210.0,214.872,LINE_MODE_10,62.0,Clear
96042064,2020-01-26,15:25:04,Import,JP,PORT_40,MT,710692,IHD3A8G,ROKST7W,137780152.5,618.5,590.173,LINE_MODE_10,16.5,Clear
62874275,2020-01-26,15:24:35,Import,FR,PORT_30,SV,330290,GO20Q5E,LPQA903,25953.0,30.0,30.711,LINE_MODE_40,56.3,Clear
89824169,2020-01-26,13:53:29,Import,CN,PORT_20,UG,620462,CDT6Q5W,Y90OBW4,140.3,1.0,1.027,LINE_MODE_10,64.3,Clear
37012871,2020-01-26,21:17:11,Import,CN,PORT_20,SV,392350,VBPD2RY,PMN0COE,2964.0,390.0,400.023,LINE_MODE_10,63.7,Clear
94336584,2020-01-26,03:00:24,Import,CN,PORT_20,DJ,850980,T248XWP,UTNPOCA,56538.0,180.0,229.039,LINE_MODE_10,56.3,Critical
49751679,2020-01-26,15:18:39,Import,DE,PORT_40,AM,901819,BMBRH8L,ORI2QZE,24436.0,20.0,20.434,LINE_MODE_10,61.0,Clear
50591228,2020-01-26,19:15:08,Import,CN,PORT_20,NO,620462,TJ4W9EL,L5O5QRO,309221.2,2204.0,2142.729,LINE_YNWUVP,28.3,Clear
14889560,2020-01-26,21:19:20,Import,CN,PORT_40,LB,210390,D37MMAC,84ON9JR,486000.0,18000.0,18111.6,LINE_MODE_10,50.8,Clear
49943137,2020-01-26,09:57:37,Import,JP,PORT_30,HU,481850,XUPAOVU,SWP367G,34580.7,99.0,103.227,LINE_MODE_10,74.9,Clear
48657349,2020-01-26,11:59:49,Import,JP,PORT_30,TT,701090,DRCJ3NU,FUMDLDW,67014.0,1836.0,1903.381,LINE_MODE_40,64.9,Clear
17876986,2020-01-26,08:05:46,Import,US,PORT_40,ES,901890,BGA7WJS,PF1L1IG,201.51,0.9,0.963,LINE_MODE_40,81.4,Low Risk
68328839,2020-01-26,12:57:59,Import,JP,PORT_122,FJ,540832,IVXP90S,818J1DT,109148.0,52.0,54.168,LINE_MODE_10,74.2,Clear
46910805,2020-01-26,05:46:45,Import,CN,PORT_20,EC,621040,G6NLXV1,QH7XJKJ,126.36,2.6,3.048,LINE_MODE_40,48.0,Low Risk
92103919,2020-01-26,06:29:19,Import,JP,PORT_62,BA,392490,JRRKQC9,WPN0LAZ,0.11,0.1,0.1,LINE_MODE_40,41.8,Clear
61251854,2020-01-26,20:08:14,Import,AU,PORT_30,RS,350691,H49KEJ2,JLS29Q3,117576.0,720.0,726.624,LINE_MODE_10,52.8,Clear
68376864,2020-01-26,07:58:24,Import,MX,PORT_40,SD,901839,Y259FDJ,ILP3IOO,3261.0,10.0,9.542,LINE_MODE_10,16.5,Clear
15213995,2020-01-26,08:26:35,Import,CN,PORT_39,LB,291229,YWKV6EI,9Y6VRGU,503804.0,190.0,183.103,LINE_AT9SIZ,18.7,Clear
44429249,2020-01-26,04:11:29,Import,CN,PORT_20,TH,843143,MBCAWME,WVSV7BU,4308604.0,11995.0,11835.466,LINE_MODE_10,37.9,Clear
60178657,2020-01-26,21:09:37,Import,VN,PORT_30,LV,620463,W785OGV,J3AZW36,67247.6,1022.0,1004.319,LINE_MODE_10,35.3,Clear
32360238,2020-01-26,11:45:18,Import,CN,PORT_13,GG,392640,9UU9ZT9,T6R790S,1037.4,266.0,270.575,LINE_MODE_10,58.0,Clear
25009108,2020-01-26,22:26:28,Import,VN,PORT_40,UG,110814,SCJILH6,SJON40F,2998800.0,18000.0,18948.96,LINE_MWIDNS,106.1,Low Risk
32515612,2020-01-26,09:58:52,Import,CN,PORT_40,JP,850440,40QXVMQ,M5ROGBN,16585.2,612.0,599.882,LINE_MODE_10,33.6,Clear
57185995,2020-01-26,16:39:55,Import,CN,PORT_40,ES,847330,UQS520K,YUDZWFJ,1460.9,1.4,1.349,LINE_MODE_40,16.7,Clear
60950678,2020-01-26,22:52:38,Import,JP,PORT_40,SD,261800,3CDUKNO,OM85L9V,280000.0,20000.0,19944.0,LINE_MODE_10,44.8,Clear
81342492,2020-01-26,10:20:12,Import,ID,PORT_30,ES,640399,EELPGVQ,ADX5ZT1,547528.68,219.6,228.428,LINE_MODE_10,73.2,Clear
43873325,2020-01-26,07:22:05,Import,CN,PORT_20,ZZ,721710,YWKV6EI,F9TE969,18494080.0,62480.0,65522.776,LINE_MODE_10,12.8,Clear
61323211,2020-01-26,15:29:31,Import,JP,PORT_30,NO,293627,W4KHJ77,8QOEWI1,1505.7,1.5,1.369,LINE_MODE_10,14.4,Low Risk
75824472,2020-01-26,17:33:12,Import,CN,PORT_20,PY,610910,AX4PJ07,B5EBETP,23507.4,2702.0,2567.44,LINE_A5IT1U,13.8,Clear
48613466,2020-01-26,12:40:26,Import,JP,PORT_20,RS,720449,JGL9TSZ,9JVMQF6,5165100.0,1913000.0,1919121.6,LINE_MODE_40,42.8,Clear
11446715,2020-01-26,01:58:35,Import,CN,PORT_30,GG,030389,QXGYEUF,NHPQ5SG,361560.0,600.0,602.22,LINE_MODE_40,43.1,Clear
15203150,2020-01-26,14:25:50,Import,CN,PORT_16,SD,392690,376DRJ7,3EVLVZQ,42.6,71.0,64.522,LINE_MODE_40,11.6,Low Risk
78363665,2020-01-26,00:01:05,Import,CN,PORT_30,PY,391110,9HS4A42,QH7XJKJ,11874800.0,28000.0,27403.6,LINE_MODE_10,32.6,Clear
15135823,2020-01-26,08:51:43,Import,CN,PORT_30,ZZ,480640,PX4SMJ3,UJ2F359,26664331.8,53318.0,55967.905,LINE_MODE_10,13.5,Clear
75120130,2020-01-26,19:22:10,Import,US,PORT_40,FJ,853669,TY3279W,JLE5FET,70.1,1.0,0.971,LINE_MODE_40,21.7,Clear
56272978,2020-01-26,20:50:58,Import,DE,PORT_33,PL,701400,DCPE48F,EDGCY1A,4718.0,1.0,1.077,LINE_B12OMY,9.5,Low Risk
88142485,2020-01-26,05:41:25,Import,CN,PORT_16,CL,620462,E5A2B7L,C2Z68CI,150766.0,890.0,862.143,LINE_MODE_40,20.0,Clear
90585594,2020-01-26,07:03:54,Import,IT,PORT_40,RS,621420,N8SRY7T,K7N40L2,1140.0,10.0,10.392,LINE_MODE_10,72.6,Clear
45092225,2020-01-26,05:57:05,Import,CN,PORT_10,HN,392490,YW4NJJB,TXWYCMP,2.2,2.0,1.997,LINE_MODE_10,45.8,Clear
89952155,2020-01-26,09:02:35,Import,JP,PORT_40,GN,330420,J8Y1ZQI,OZB7KED,1327.48,7.7,7.574,LINE_MWIDNS,29.9,Clear
13881021,2020-01-26,08:26:21,Import,US,PORT_20,SV,847790,H920U30,KTZF8YO,198990.0,1650.0,1651.155,LINE_MODE_10,47.2,Clear
34846668,2020-01-26,00:25:48,Import,CN,PORT_10,SD,621600,SHEI45C,7KMDS8S,115.0,5.0,4.761,LINE_MODE_20,11.1,Clear
16769463,2020-01-26,19:59:03,Import,CN,PORT_40,BG,851718,WWRAF7R,34SH2OQ,185885.58,50.2,52.646,LINE_MODE_40,103.6,Low Risk
76250632,2020-01-27,18:35:52,Import,CN,PORT_40,BG,841829,0GCE92K,O28KN9P,972507.52,2353.6,2283.463,LINE_H35Z1A,21.0,Clear
45998447,2020-01-27,14:52:47,Import,JP,PORT_13,CA,842890,ASFAPEL,Y9FD1JE,119000.0,11900.0,12348.63,LINE_MODE_40,65.6,Clear
93535116,2020-01-27,03:34:36,Import,CN,PORT_20,TT,392490,VQ4GUDO,OKQ7D4C,15.4,14.0,14.395,LINE_MODE_10,65.3,Clear
85339359,2020-01-27,04:46:39,Import,JP,PORT_20,TT,350790,GJUV8D7,XF7SZNT,791.25,0.5,0.491,LINE_MODE_10,34.6,Clear
97251500,2020-01-27,07:38:20,Import,NO,PORT_40,AM,340290,G0RE721,XRX15PM,8608.04,28.4,29.428,LINE_MODE_40,64.6,Clear
54536209,2020-01-27,17:00:49,Import,CN,PORT_30,KR,852852,TC1WIQX,HIMRC96,2297282.0,5930.0,5969.731,LINE_MODE_10,51.1,Clear
72840247,2020-01-27,12:16:07,Import,ES,PORT_16,CL,901310,1XA3FZV,7P7LETT,3203.46,0.9,0.934,LINE_H35Z1A,65.6,Clear
88539204,2020-01-27,04:37:24,Import,CN,PORT_16,TT,940360,SFSBQZA,3G7X4G2,710.0,100.0,109.384,LINE_N7NYF0,35.4,Low Risk
37344289,2020-01-27,09:28:49,Import,US,PORT_40,LB,230330,JRRBOZJ,K1QVHVK,81472352.8,757178.0,731963.973,LINE_MODE_40,18.7,Clear
92097869,2020-01-27,17:28:29,Import,MX,PORT_40,PL,731815,DEBVT0W,A70MDRN,2.64,1.2,1.077,LINE_MODE_40,23.7,Low Risk
35450651,2020-01-27,07:20:11,Import,CN,PORT_16,LR,950300,1YD4VMS,5OHIPHW,526.0,2.0,2.117,LINE_MODE_10,115.7,Low Risk
54373483,2020-01-27,00:12:43,Import,CN,PORT_30,BA,392690,U99T057,6SRN5MN,1.2,2.0,2.039,LINE_MODE_40,53.7,Clear
55390170,2020-01-27,16:09:30,Import,CN,PORT_40,GU,854442,PW8LKPF,TDLQIJV,4634.5,155.0,141.943,LINE_MODE_40,5.8,Low Risk
45195612,2020-01-27,01:32:12,Import,US,PORT_16,LR,210390,2KOB00X,4S46ODH,302.4,11.2,10.978,LINE_MODE_10,33.6,Clear
89658056,2020-01-27,07:56:56,Import,CN,PORT_20,UZ,731990,FWSBJIA,VH8BK8T,1628.64,140.4,127.885,LINE_77BN4M,15.9,Low Risk
85210755,2020-01-27,06:39:15,Import,JP,PORT_40,MN,391740,E9F8J74,2N9FMHR,0.0,0.0,0.001,LINE_VZIZJJ,29.9,Clear
77392319,2020-01-27,18:35:59,Import,GB,PORT_16,MT,870323,0WFZX19,42VLJD6,13718460.0,2136.0,2139.631,LINE_JZQYAK,41.8,Clear
12868403,2020-01-27,01:41:23,Import,MM,PORT_16,NO,620443,6MSIJT2,DN4D1IF,2496.0,20.0,19.194,LINE_MODE_10,20.1,Clear
59937558,2020-01-27,08:07:18,Import,CN,PORT_151,AT,691200,9OAP9ZV,UXMK6XV,7803.6,21.0,20.101,LINE_MODE_10,18.4,Clear
18978013,2020-01-27,14:08:13,Import,CN,PORT_20,CR,701349,UPAE8AO,59AVXF3,53650.8,252.0,253.184,LINE_MODE_10,49.8,Clear
54307031,2020-01-27,09:13:11,Import,CN,PORT_16,IL,847180,WVVY80X,G49B6LU,2109520.0,2800.0,3008.096,LINE_MODE_40,2.6,Low Risk
80174523,2020-01-28,20:30:03,Import,DE,PORT_20,AM,340399,6I1UAQT,RAAYA26,226485.0,450.0,449.865,LINE_MODE_40,40.5,Clear
35282589,2020-01-28,06:07:09,Import,CN,PORT_20,CA,761699,0AY92YO,MVLOFHS,12375.0,990.0,1006.533,LINE_MODE_40,51.7,Clear
95164497,2020-01-28,08:46:57,Import,ID,PORT_20,LB,392062,JY91Q81,3JLLFMB,287788.75,19847.5,19107.188,LINE_MODE_10,22.1,Clear
55441417,2020-01-28,01:15:37,Import,IT,PORT_30,NG,621430,89JL1HY,7J9YYY7,106.9,1.0,1.003,LINE_MODE_10,48.5,Clear
86250577,2020-01-28,15:21:37,Import,TW,PORT_40,MT,854232,ZEIUWQB,71KRF9P,472559.07,18.3,18.715,LINE_MODE_10,61.7,Clear
43004347,2020-01-28,16:31:07,Import,CN,PORT_40,OM,250100,NCPN2HO,ZPRKENJ,42510000.0,1300000.0,1284010.0,LINE_MODE_10,38.6,Clear
93412561,2020-01-28,03:12:01,Import,US,PORT_40,CR,901890,CASB18K,KSOU2X6,5463.72,3.6,3.781,LINE_MODE_40,104.6,Low Risk
68959080,2020-01-28,03:18:00,Import,TH,PORT_40,SI,291811,GUHEABR,TNK8AZI,12042576.0,18720.0,19584.864,LINE_MODE_10,11.2,Clear
91605083,2020-01-28,08:59:23,Import,DE,PORT_40,FJ,392690,6TO57C2,ZV1WALH,948.0,30.0,36.223,LINE_W6UCD9,93.4,Low Risk
87726072,2020-01-28,11:33:12,Import,CN,PORT_40,IL,847160,V92GOPX,XZ2KCQE,306195.92,2215.6,2105.263,LINE_MODE_10,13.8,Clear
28389744,2020-01-28,04:26:24,Import,GB,PORT_30,BA,847180,DVWBGW7,DZP9PQT,527.38,0.7,0.71,LINE_MODE_10,56.1,Clear
66096091,2020-01-28,21:17:31,Import,CN,PORT_40,HN,540233,KL0P2FX,Z39L0TW,3369113.5,6109.0,7298.056,LINE_MODE_40,89.3,Low Risk
65823237,2020-01-28,06:25:57,Import,CN,PORT_20,EC,852869,ZYVOW2Z,KP09K22,26630.0,100.0,99.27,LINE_MODE_40,35.9,Clear
75047509,2020-01-28,22:35:49,Import,JP,PORT_40,PL,950300,GSNS8GN,TSPKFYR,92135.58,153.1,139.613,LINE_MODE_10,15.0,Low Risk
98550193,2020-01-28,09:31:13,Import,IT,PORT_80,EC,870323,QWINVIE,6ZQTY16,24250.0,2500.0,2978.6,LINE_MODE_40,88.3,Low Risk
67141818,2020-01-28,13:18:18,Import,JP,PORT_30,SD,110819,1GCXU99,JTWH92W,10319300.0,18500.0,19003.2,LINE_MODE_40,58.6,Clear
97447839,2020-01-28,00:14:39,Import,IN,PORT_30,PY,621142,548NFT6,V76MP8O,13460.0,336.5,350.532,LINE_MODE_10,74.2,Clear
66863801,2020-01-28,15:12:41,Import,UA,PORT_40,IR,440711,KZ0ODMF,DWNJQL8,3042900.0,24500.0,24762.15,LINE_MWIDNS,47.8,Clear
34762506,2020-01-28,15:51:06,Import,CN,PORT_40,MT,392690,0DC0HAS,DWNJQL8,9.3,15.5,15.24,LINE_MODE_40,29.6,Clear
74644960,2020-01-28,09:22:40,Import,US,PORT_20,HU,680520,XWSG9U3,7PN0VA5,24.5,1.0,1.164,LINE_MODE_10,52.1,Low Risk
48428189,2020-01-28,15:00:29,Import,TW,PORT_30,EC,950659,ABG3HHD,SO6BM6F,110433.4,154.0,156.572,LINE_MODE_10,57.7,Clear
99777764,2020-01-28,03:46:44,Import,US,PORT_20,IR,847790,9K9TXKT,T7N93VC,109384.2,907.0,910.809,LINE_MODE_40,43.5,Clear
69976052,2020-01-28,02:19:32,Import,CN,PORT_40,DJ,091099,SNWMRYQ,VSQVVR1,942200.0,2000.0,1920.4,LINE_MODE_40,14.4,Clear
66944656,2020-01-28,08:00:16,Import,JP,PORT_33,MN,330590,WYRKHJU,3EVLVZQ,1921.04,7.4,7.091,LINE_MODE_40,13.1,Clear
96521501,2020-01-28,09:27:41,Import,CN,PORT_40,UZ,846722,G8MOR71,X2D9TDI,444317.9,431.0,414.062,LINE_MODE_40,14.8,Clear
72505173,2020-01-28,08:07:33,Import,US,PORT_40,PY,300290,Q9KJIVJ,U915W03,4672.0,5.0,5.204,LINE_MWIDNS,98.5,Low Risk
32317189,2020-01-28,01:03:49,Import,CN,PORT_16,SI,320417,YCXNRFB,FG66YE1,2875680.0,2400.0,2874.816,LINE_MODE_10,96.3,Low Risk
90217453,2020-01-28,10:52:13,Import,CN,PORT_20,HU,854442,ZJ9FS8J,LX5JHH8,21.84,2.4,2.363,LINE_MODE_10,36.6,Clear
64494244,2020-01-28,16:08:04,Import,CN,PORT_40,CR,960321,S5NZ38U,K6KHC41,761.37,4.1,3.953,LINE_MWIDNS,23.1,Clear
47944526,2020-01-28,14:51:26,Import,CN,PORT_30,WS,850440,JZKPJVM,PDBU3OC,3737.36,1205.6,1173.29,LINE_MODE_10,29.0,Clear
34241522,2020-01-28,22:04:02,Import,DE,PORT_40,MN,902690,MOCH1X5,L9NUI0B,69.0,15.0,14.628,LINE_W6UCD9,24.3,Clear
45331662,2020-01-28,13:19:42,Import,CN,PORT_30,AT,481149,NZGIT37,626DNVO,74949.6,4488.0,5210.748,LINE_MODE_40,45.4,Low Risk
34059416,2020-01-28,03:52:56,Import,JP,PORT_40,SV,392690,OUASRNI,9XYZUWG,1.2,2.0,1.956,LINE_MODE_40,26.3,Clear
14726681,2020-01-28,20:40:41,Import,VN,PORT_40,EC,440131,5ALGWAO,ZFAY0FG,14852142.0,389820.0,378398.274,LINE_MODE_40,21.4,Clear
57833003,2020-01-28,03:51:23,Import,CN,PORT_10,MG,482190,7OQJKIV,76PT1S4,412.08,13.6,12.373,LINE_MODE_10,16.7,Low Risk
18325312,2020-01-28,16:13:52,Import,TH,PORT_40,DJ,210390,5JLV0J7,KXRFAKB,39268.8,1454.4,1498.323,LINE_MWIDNS,60.6,Clear
96389593,2020-01-28,17:21:13,Import,CN,PORT_20,SV,442090,J76KZ2X,FQDM5V0,20655.0,450.0,536.148,LINE_MODE_10,94.3,Low Risk
17019835,2020-01-28,03:23:55,Import,AU,PORT_30,IR,020220,NDGEE7P,WPN0LAZ,5570301.96,22183.6,23153.023,LINE_MODE_10,75.5,Clear
70960034,2020-01-28,08:51:14,Import,CN,PORT_33,TH,940490,G1IVA7H,19WY095,272.58,11.8,12.027,LINE_W6UCD9,53.4,Clear
13173680,2020-01-28,16:41:20,Import,CN,PORT_16,LV,680293,GBY5EA1,I2K805I,257040.0,23800.0,25587.856,LINE_MWIDNS,8.9,Low Risk
98847885,2020-01-28,00:44:45,Import,CN,PORT_40,JP,392690,L9C50AF,Z2Y3B7A,319.8,533.0,516.317,LINE_MODE_10,26.0,Clear
18770860,2020-01-28,20:47:40,Import,US,PORT_40,SD,392329,HN0R1CH,D9ZYRAN,7196.9,911.0,871.098,LINE_MODE_10,17.8,Clear
64581581,2020-01-28,17:15:41,Import,CN,PORT_40,CL,850440,RX0108C,JFXTR0I,1034385.0,1650.0,1684.155,LINE_W6UCD9,54.4,Clear
88123684,2020-01-28,11:52:04,Import,JP,PORT_40,PG,848690,4DI7820,H9NE890,926325.0,450.0,469.89,LINE_MODE_10,75.9,Clear
63030048,2020-01-28,09:08:48,Import,CN,PORT_30,UZ,950710,UTG4GSZ,GK2EI3S,10748.9,47.0,45.223,LINE_VZIZJJ,21.7,Clear
63966200,2020-01-28,21:43:20,Import,KR,PORT_20,DJ,821420,N6FK304,T2H67F7,468.72,2.8,3.081,LINE_MODE_10,36.9,Low Risk
96582303,2020-01-28,22:13:03,Import,CN,PORT_40,UZ,640299,I4RGS1Q,R2K2T8G,514.0,5.0,5.049,LINE_MODE_40,47.1,Clear
61707165,2020-01-28,11:52:45,Import,US,PORT_16,TH,870899,6E7327K,HNQW3C1,612.5,87.5,90.011,LINE_MODE_10,65.6,Clear
40028223,2020-01-28,16:45:03,Import,US,PORT_20,PL,853180,KYT3K4R,15FJDZI,5320.8,18.0,18.895,LINE_MODE_10,13.5,Clear
96176777,2020-01-28,15:18:17,Import,DE,PORT_40,CL,621149,W9CQNPB,8L6O6KB,1501.9,11.5,11.761,LINE_MODE_40,55.7,Clear
51975235,2020-01-28,01:13:55,Import,CH,PORT_20,HN,910111,H3CRXO5,ESQOH3Y,0.0,0.0,0.001,LINE_MODE_10,75.5,Clear
33887985,2020-01-28,00:19:45,Import,CN,PORT_40,GG,392329,SYEGUH9,OOQGIQN,4483.25,567.5,578.112,LINE_MODE_40,53.0,Clear
73634345,2020-01-28,06:19:05,Import,US,PORT_40,SD,391732,2J9B0QT,BDHC265,116.12,0.4,0.415,LINE_MWIDNS,66.2,Clear
82464570,2020-01-28,16:49:30,Import,CN,PORT_40,AT,950691,PRTVYKD,84Q1KYE,114240.0,8400.0,7990.08,LINE_MODE_10,14.5,Clear
58741592,2020-01-28,05:38:32,Import,ID,PORT_20,SI,482010,H1DPZQV,JK9ML4S,52916.74,2741.8,2714.93,LINE_MODE_10,40.2,Clear
45076435,2020-01-28,20:53:55,Import,CN,PORT_30,NO,030771,J8Y1ZQI,W637S9O,5745600.0,19000.0,19830.3,LINE_MODE_10,75.5,Clear
56793333,2020-01-28,11:43:33,Import,TW,PORT_30,NO,870899,L3X9KUM,SYIW1GY,686.0,98.0,105.127,LINE_MODE_40,2.0,Low Risk
72180009,2020-01-28,03:24:09,Import,JP,PORT_20,ES,848360,Z2BMJ1E,LW4G3W4,1461.95,3.5,3.523,LINE_MODE_10,51.1,Clear
22490182,2020-01-28,23:08:22,Import,CN,PORT_20,GU,071080,I31W65F,2LD7YHM,26520000.0,100000.0,104520.0,LINE_MODE_10,10.5,Clear
25281171,2020-01-28,09:08:51,Import,CN,PORT_30,IL,420232,LVS4I4M,U703LGD,19980.0,150.0,146.355,LINE_MODE_10,30.7,Clear
67433764,2020-01-28,00:40:04,Import,JP,PORT_30,UZ,851190,OVSQYMN,HRHHZL7,1380474.9,1355.4,1361.093,LINE_MODE_10,49.5,Clear
47780672,2020-01-28,08:56:32,Import,CN,PORT_20,BR,691490,5KVVCF1,6FWZAH7,23748.79,257.3,235.805,LINE_MODE_10,11.2,Low Risk
92128223,2020-01-28,14:18:23,Import,CN,PORT_16,PY,842890,6T1EE6M,9EGR9AH,800.0,80.0,83.976,LINE_MODE_40,7.5,Clear
98808048,2020-01-28,19:28:48,Import,IE,PORT_13,GN,321410,OTS6QUK,2CZSR0Q,1166.4,6.0,5.448,LINE_MODE_10,18.2,Low Risk
93193186,2020-01-28,17:15:46,Import,CN,PORT_20,HN,620463,1D7D7CR,UTEX0S5,552.72,8.4,8.991,LINE_MODE_10,87.4,Low Risk
54827942,2020-01-28,16:31:02,Import,US,PORT_40,BR,847330,N0NPA2V,BXJ2N21,3363.36,1.3,1.255,LINE_MODE_10,23.7,Clear
23740165,2020-01-28,12:09:25,Import,IE,PORT_40,ES,901839,KEG6VGQ,KIO9FBA,28520.0,200.0,205.74,LINE_MODE_40,59.6,Clear
77329318,2020-01-28,09:49:58,Import,MY,PORT_20,CL,290545,OXCTE1B,BR4BBTT,8455392.0,56520.0,55231.344,LINE_MODE_10,31.6,Clear
14348903,2020-01-28,16:56:23,Import,CN,PORT_20,BR,420299,HDVPFIK,Y99CSIZ,91.18,9.4,11.049,LINE_MODE_10,54.8,Low Risk
83766686,2020-01-28,05:27:26,Import,CN,PORT_40,MN,940171,HP2HQF7,5SG33X4,3168322.78,11372.3,11294.968,LINE_MODE_40,36.2,Clear
95273505,2020-01-28,19:51:45,Import,CN,PORT_40,PL,920999,AVKB9XU,978PTQ2,6887.5,72.5,69.506,LINE_MODE_10,19.4,Clear
34224844,2020-01-28,15:58:04,Import,DE,PORT_40,BA,551219,65KMFYE,VNFQSMB,1943.13,13.3,12.824,LINE_MODE_40,17.1,Clear
94688812,2020-01-28,08:18:52,Import,CN,PORT_40,HN,090421,LXX4YU9,KVERRHL,18561600.0,18000.0,17643.6,LINE_FDLUKP,27.6,Clear
55230395,2020-01-28,04:06:35,Import,CN,PORT_20,AM,392690,4GWY789,OS15BR3,19.8,33.0,31.802,LINE_MODE_10,22.7,Clear
13947931,2020-01-28,07:41:31,Import,US,PORT_40,GU,380993,RUL1KAP,DWNJQL8,377196.0,430.0,428.151,LINE_MWIDNS,37.9,Clear
74631501,2020-01-28,19:34:21,Import,FR,PORT_20,HU,340600,COX5BLJ,WKJ7QTX,90.82,1.9,1.825,LINE_MODE_10,20.8,Clear
35183171,2020-01-28,05:02:11,Import,CN,PORT_20,NG,293339,BLIXJDG,O6JLM7J,4942296.0,2160.0,2107.512,LINE_MODE_10,30.7,Clear
27556212,2020-01-28,13:42:12,Import,JP,PORT_20,CR,721030,W1CTBWB,2BZ1M5J,146864.0,1370.0,1342.874,LINE_MODE_10,33.6,Clear
71425021,2020-01-28,03:33:01,Import,CN,PORT_30,PG,620443,XIKK7OW,PRVNQVS,5491.2,44.0,44.031,LINE_MODE_10,47.2,Clear
86252210,2020-01-28,10:16:50,Import,IT,PORT_41,TH,620113,E8XE5RE,ITSB7QO,3552.0,10.0,10.312,LINE_W6UCD9,67.3,Clear
44552933,2020-01-28,08:56:53,Import,JP,PORT_20,RS,853610,ZOVQN2M,MX95NLM,58317.18,1209.9,1263.983,LINE_MODE_10,10.2,Clear
89414945,2020-01-28,21:49:05,Import,JP,PORT_16,CA,294190,A09V7LD,WCKFJ61,6831.27,0.9,0.957,LINE_MODE_40,112.8,Low Risk
82440624,2020-01-28,02:34:24,Import,CN,PORT_16,PY,940560,A3I31WW,OA6XK1J,4419.19,45.7,41.114,LINE_MODE_40,21.8,Low Risk
87531716,2020-01-28,05:17:56,Import,CN,PORT_40,HU,392690,07BPNBF,YA9R7LY,12.42,20.7,21.659,LINE_MODE_40,102.1,Low Risk
41092764,2020-01-28,09:03:24,Import,JP,PORT_40,GG,850790,CNPGYAU,1PBKO2S,7.56,1.4,1.406,LINE_MWIDNS,49.5,Clear
90247501,2020-01-28,16:01:01,Import,CN,PORT_40,OM,282990,KBKFC75,Z39L0TW,1481990.0,100.0,83.686,LINE_MODE_40,12.6,Critical
83533103,2020-01-28,18:46:23,Import,DE,PORT_20,HU,902620,8R67G5I,QQPMUKC,4722.3,4.5,4.544,LINE_MODE_10,53.1,Clear
32908885,2020-01-28,07:01:25,Import,IT,PORT_20,PL,420239,NXZGW6G,Z64QME2,140.7,1.4,1.356,LINE_MODE_10,26.0,Clear
15653508,2020-01-28,12:59:48,Import,CN,PORT_40,UZ,392690,8GPWT9E,9QXBFR6,15.0,25.0,25.805,LINE_3CVNQ1,67.9,Clear
28320748,2020-01-28,06:20:28,Import,CN,PORT_30,DJ,420299,I0IYKCR,GKWSJT3,388.0,40.0,40.488,LINE_MWIDNS,48.7,Clear
28638278,2020-01-28,07:12:38,Import,CN,PORT_20,MN,401693,6BLQF91,VI97R24,712.4,26.0,29.521,LINE_MODE_10,45.3,Low Risk
58976621,2020-01-28,12:19:41,Import,VN,PORT_40,CA,610910,A9DJL6N,5Y15VRI,60393.84,3871.4,3874.11,LINE_MODE_10,47.2,Clear
82995761,2020-01-28,08:18:41,Import,NZ,PORT_20,WS,040490,1YKO9JA,EMDV6KB,112830.0,60.0,61.842,LINE_MODE_10,67.0,Clear
38906529,2020-01-28,16:46:09,Import,CN,PORT_13,PG,420299,DJEU4GH,7P0NLVR,4481.4,462.0,497.075,LINE_MODE_10,9.2,Low Risk
21553186,2020-01-28,13:15:46,Import,CZ,PORT_40,ZZ,847141,6BLQF91,UKFPSC1,66802.0,10.0,10.432,LINE_MODE_40,69.2,Clear
26297239,2020-01-28,06:51:19,Import,CN,PORT_40,AT,482390,UEUEPS6,HVPDMB0,644.0,70.0,74.754,LINE_77BN4M,115.8,Low Risk
87028360,2020-01-28,01:12:40,Import,CN,PORT_33,TH,950300,IB8USK1,ILUT01M,1.14,0.1,0.116,LINE_MODE_10,52.1,Low Risk
43271408,2020-01-28,05:58:08,Import,CN,PORT_20,PY,560391,IORYHYR,SFGS422,188701.4,2179.0,2140.214,LINE_MODE_10,34.9,Clear
75883639,2020-01-28,04:51:19,Import,SI,PORT_20,AM,390920,FPR879A,DWNJQL8,641100.0,1000.0,1041.7,LINE_MODE_40,68.2,Clear
48878032,2020-01-28,23:05:52,Import,CN,PORT_20,BR,854231,Y6R9IMD,MX95NLM,3042.3,1.5,1.455,LINE_MODE_10,27.0,Clear
41642322,2020-01-28,16:30:42,Import,CN,PORT_20,OM,820840,P12VJI1,T71M7R9,3585478.5,2295.0,1847.383,LINE_MODE_10,40.4,Critical
73290574,2020-01-28,17:33:34,Import,CN,PORT_20,EC,650500,T671XVJ,RXUA5V5,421.2,36.0,37.771,LINE_MODE_10,13.2,Clear
23387174,2020-01-28,22:10:14,Import,NL,PORT_40,FJ,010619,BP0RD28,PF1L1IG,3312992.0,320.0,335.744,LINE_MWIDNS,7.2,Clear
70711272,2020-01-28,05:13:12,Import,CN,PORT_40,NO,630710,HP5QOOQ,YT5CLJL,2.13,0.3,0.285,LINE_MWIDNS,7.8,Clear
29353389,2020-01-28,15:07:09,Import,CA,PORT_20,EC,610463,JR00P65,0BPZQQX,17160.0,130.0,132.171,LINE_MWIDNS,57.7,Clear
11767591,2020-01-28,14:02:31,Import,JP,PORT_62,PL,330430,HZ768MN,H40BV8D,215.6,0.5,0.483,LINE_MWIDNS,18.1,Clear
38336882,2020-01-28,07:40:02,Import,VN,PORT_20,HN,721510,7K42ORP,KDLLHDR,4817782.8,8676.0,8634.355,LINE_EIZP3I,37.5,Clear
43933537,2020-01-28,12:37:37,Import,KR,PORT_16,UG,848071,1FNE4MJ,11R7UTZ,50666.6,122.0,130.481,LINE_MODE_40,116.8,Low Risk
57302436,2020-01-28,10:56:36,Import,FR,PORT_30,AM,821191,2NZPY3S,4M7AXRQ,322262.2,634.0,613.839,LINE_MODE_10,25.7,Clear
74078526,2020-01-28,20:58:06,Import,CN,PORT_20,BR,680293,YXNQY07,EJJWKKF,192996.0,17870.0,17391.084,LINE_MODE_10,29.0,Clear
23808839,2020-01-28,14:17:59,Import,CN,PORT_20,KR,850440,MK7CEGQ,OS15BR3,15718.0,580.0,604.186,LINE_MODE_10,74.2,Clear
97851782,2020-01-28,07:35:02,Import,CN,PORT_40,LB,847180,FK6JCDO,1PBKO2S,2862.92,3.8,4.079,LINE_VZIZJJ,2.3,Low Risk
56648745,2020-01-28,18:45:45,Import,CN,PORT_40,GG,291712,BBXTY2E,73MLUZL,9582000.0,20000.0,20774.0,LINE_MODE_10,72.2,Clear
78461410,2020-01-28,19:30:10,Import,CN,PORT_20,EC,940599,AZETJO9,ZR51MQY,25650.0,750.0,773.4,LINE_MODE_10,67.3,Clear
27340496,2020-01-28,17:30:56,Import,IT,PORT_30,GU,420291,PJK5U26,5K2304N,2171.1,3.0,3.115,LINE_MODE_40,65.9,Clear
22105089,2020-01-28,13:42:09,Import,JP,PORT_13,LB,950300,ARSGVKC,E7J9W0X,3682.0,14.0,13.534,LINE_MODE_10,24.7,Clear
93984153,2020-01-28,18:30:33,Import,JP,PORT_30,WS,540761,BES92ZL,2ALHF50,2664.42,110.1,113.92,LINE_MODE_10,69.6,Clear
61972897,2020-01-28,15:33:37,Import,CN,PORT_10,UG,611030,MN71LLQ,80DQYKH,1299.2,14.0,13.478,LINE_MODE_10,22.1,Clear
91128321,2020-01-28,06:01:21,Import,IT,PORT_40,NG,621490,3YQ2XUF,UNCISOP,163.46,1.1,1.046,LINE_MODE_40,8.2,Clear
47755762,2020-01-28,13:21:22,Import,JP,PORT_30,IR,843141,M7JLEQ9,GGEFVY8,171.0,10.0,9.552,LINE_MODE_10,17.1,Clear
53173206,2020-01-28,13:56:06,Import,CN,PORT_40,NO,830241,IYW73SO,F91R7MQ,1139767.2,4059.0,4279.485,LINE_MODE_40,107.2,Low Risk
43541519,2020-01-28,23:35:59,Import,US,PORT_62,MN,761699,EAY66WT,4BVNQE2,75.0,6.0,6.01,LINE_MODE_10,47.8,Clear
54883748,2020-01-28,03:37:08,Import,CN,PORT_16,CL,620640,SOJM3I6,NQTUPR3,802.2,42.0,42.512,LINE_MODE_10,54.7,Clear
54405822,2020-01-28,13:55:42,Import,US,PORT_20,GG,390720,I8MC1TA,AP43H42,10513600.0,16000.0,16403.2,LINE_MODE_10,63.3,Clear
91770897,2020-01-28,10:06:57,Import,CN,PORT_20,PL,620630,V5XGXT2,H1U03NK,33371.0,151.0,145.368,LINE_MODE_10,22.1,Clear
42888457,2020-01-28,10:19:37,Import,JP,PORT_20,WS,650500,E0RFHFC,6JP0Q5K,3.85,0.5,0.491,LINE_MODE_10,35.3,Clear
21223418,2020-01-28,15:31:38,Import,CN,PORT_40,ES,560313,WCI8B1G,7GVIYP4,1620556.54,3868.6,3973.826,LINE_W6UCD9,58.6,Clear
36520134,2020-01-28,16:52:54,Import,CN,PORT_30,SV,680299,FYUPBK7,YZXECQU,1828015.0,90050.0,87276.46,LINE_MODE_10,26.4,Clear
13077301,2020-01-28,19:51:01,Import,JP,PORT_40,NG,392690,DKZ2B1J,P9H67J1,3.9,6.5,6.245,LINE_MODE_10,20.8,Clear
29230519,2020-01-28,05:39:19,Import,VN,PORT_20,BG,071080,22JV8UE,X2D9TDI,12729600.0,48000.0,48081.6,LINE_MODE_40,41.8,Clear
61668714,2020-01-28,22:35:54,Import,CN,PORT_40,CR,071080,L21EB60,3BP231J,31824000.0,120000.0,107539.2,LINE_MODE_10,31.6,Low Risk
26697998,2020-01-28,04:14:38,Import,JP,PORT_30,GG,960830,E9ACZ4R,0ZT94SM,5797.0,10.0,10.372,LINE_MODE_40,65.2,Clear
53670995,2020-01-28,10:56:35,Import,KH,PORT_20,GG,650500,J654N8F,PF1L1IG,210.6,18.0,16.326,LINE_W6UCD9,13.1,Low Risk
14761655,2020-01-28,14:47:35,Import,CN,PORT_40,HU,630190,29YO18K,GU7LTCL,10125.0,270.0,279.099,LINE_B12OMY,62.9,Clear
56807724,2020-01-28,22:19:24,Import,CN,PORT_40,ES,620463,ZQCO5PX,BRKI8WO,329.0,5.0,5.121,LINE_MWIDNS,56.7,Clear
54399559,2020-01-28,13:03:19,Import,VN,PORT_40,JP,071080,4P9HUOG,8S32OJF,6364800.0,24000.0,23560.8,LINE_MODE_10,34.6,Clear
61610281,2020-01-28,09:14:01,Import,JP,PORT_20,CL,030721,W9MVUW0,7QOAMOA,1054200.0,3514.0,3411.04,LINE_W6UCD9,21.4,Clear
69898453,2020-01-28,14:42:13,Import,FR,PORT_20,BR,420292,7KGLWW5,SC03Z0S,65.45,1.1,1.205,LINE_MODE_10,35.8,Low Risk
77606986,2020-01-28,07:45:46,Import,VN,PORT_20,SD,611120,RS1056O,XOGGBMY,180288.12,100.9,105.259,LINE_MODE_40,69.2,Clear
59591267,2020-01-28,18:39:47,Import,CN,PORT_40,BR,392610,KTISDC6,PMU0W61,4806.0,9.0,9.41,LINE_MODE_40,101.5,Low Risk
32296328,2020-01-28,21:20:08,Import,CN,PORT_17,HN,760720,MP3O45R,C9FC45A,1726920.0,900.0,919.98,LINE_MODE_10,61.3,Clear
32839999,2020-01-28,08:17:19,Import,CN,PORT_20,PL,441299,TXTIFBM,CTLN3KC,10291024.6,25994.0,24998.43,LINE_MODE_10,21.4,Clear
73524044,2020-01-28,07:04:44,Import,CN,PORT_20,GU,854190,QWEZAXC,UQHMADE,403963.88,471.7,454.813,LINE_MODE_10,23.1,Clear
29266722,2020-01-28,18:50:42,Import,VN,PORT_20,SV,611595,C8TLNO5,4LP4E4F,2.13,0.1,0.098,LINE_MODE_40,24.3,Clear
18886064,2020-01-28,17:51:44,Import,JP,PORT_20,AM,950639,XE08QFH,VSNSUOX,2987.04,5.6,5.344,LINE_MODE_10,16.5,Clear
21995340,2020-01-28,17:49:00,Import,IN,PORT_40,SI,390940,2RAJROZ,C9CCXX5,1855660.0,3100.0,3708.344,LINE_MODE_10,95.8,Low Risk
82139257,2020-01-28,17:19:37,Import,DE,PORT_20,NG,940340,18C48R5,OVTUBHQ,119945.0,350.0,312.798,LINE_MODE_10,34.3,Low Risk
48719434,2020-01-28,04:14:34,Import,KR,PORT_40,OM,902129,XWSKRS7,UML2LUN,12714.0,20.0,20.384,LINE_MODE_10,59.4,Clear
45077526,2020-01-28,21:08:06,Import,CN,PORT_20,MG,851762,WI9O3I5,14KV4TE,153294.0,1057.2,1028.867,LINE_MODE_10,29.0,Clear
22180570,2020-01-28,17:56:10,Import,KR,PORT_20,IL,330499,DZQYY9A,249LO7A,258196.65,964.5,917.432,LINE_MODE_10,14.5,Clear
37005555,2020-01-28,00:19:15,Import,CN,PORT_13,HU,900669,WI0ONFF,MJS015K,30078.0,4.0,3.572,LINE_W6UCD9,35.0,Low Risk
13094147,2020-01-28,22:47:47,Import,CN,PORT_16,DJ,392490,PDQERH3,R9OLKE2,33.0,30.0,33.151,LINE_MODE_10,38.1,Low Risk
85954369,2020-01-28,00:16:49,Import,JP,PORT_39,PY,330499,YDN3O04,K54DDOJ,99593.52,559.2,574.131,LINE_MODE_10,64.3,Clear
92002073,2020-01-28,17:15:53,Import,GB,PORT_20,OM,300410,KQY40SW,M6S88TC,44379180.0,1800.0,1754.46,LINE_MODE_10,30.0,Clear
68278000,2020-01-28,16:46:40,Import,CN,PORT_30,MN,340600,IVFFY08,HBO5GRA,908.2,19.0,18.738,LINE_MODE_10,37.6,Clear
40070950,2020-01-28,07:29:10,Import,CN,PORT_30,MG,391239,3WDK65Q,25Q307P,11842.5,25.0,22.719,LINE_MODE_10,17.6,Low Risk
73855715,2020-01-28,17:48:35,Import,CN,PORT_40,FJ,420212,G4P7KP3,BG2HWK2,18366.8,148.0,148.548,LINE_W6UCD9,43.1,Clear
68234533,2020-01-28,08:30:13,Import,US,PORT_13,BA,850720,HLPOD7T,X1Q9ZLA,8318108.4,16413.0,17146.661,LINE_MODE_10,10.2,Clear
88482721,2020-01-28,01:48:01,Import,US,PORT_30,AT,870810,SS7Q9ES,SNMOC5C,10802.22,14.3,13.595,LINE_MODE_10,14.2,Clear
44946317,2020-01-28,20:37:17,Import,GB,PORT_30,NO,842420,H8KTVYY,IJMJ3CB,4914.7,82.6,75.555,LINE_MODE_40,6.7,Low Risk
73160830,2020-01-28,15:07:10,Import,CN,PORT_40,LV,620442,7AC7TGU,NVIDDR7,5946.6,102.0,104.162,LINE_MODE_40,54.7,Clear
94451773,2020-01-28,11:04:13,Import,CN,PORT_20,ES,820559,9JXHWJ7,KVYOYU4,51187.5,2925.0,3044.106,LINE_MODE_10,104.5,Low Risk
17976199,2020-01-28,23:27:19,Import,CN,PORT_20,CR,701590,OR31OMO,NPL1KJV,5791.0,10.0,9.084,LINE_MODE_10,17.9,Low Risk
53885035,2020-01-28,03:43:55,Import,CN,PORT_40,TH,090240,9V4U1KY,EC8HJIM,1340325.0,8050.0,8622.516,LINE_MODE_10,73.5,Low Risk
12390400,2020-01-28,12:26:40,Import,CN,PORT_20,LB,482369,7N38EZS,FNQTYEA,13814.5,35.0,34.517,LINE_MODE_10,37.6,Clear
92897688,2020-01-28,17:42:48,Import,CN,PORT_40,TH,420222,X4O6I7O,OZB7KED,14929.2,44.0,45.857,LINE_MODE_40,68.5,Clear
13754985,2020-01-28,23:49:45,Import,ID,PORT_40,MT,190230,2MJS4CF,P4N7ARF,884698.36,1281.8,1543.595,LINE_MODE_40,92.4,Low Risk
23119504,2020-01-28,23:09:04,Import,JP,PORT_40,ZZ,340490,P6MSQOC,8VVA71V,497300.0,1000.0,1034.2,LINE_MODE_40,63.3,Clear
70588820,2020-01-28,17:20:20,Import,CN,PORT_40,MN,620463,TPO0FIY,69OJUBS,552.72,8.4,7.545,LINE_W6UCD9,29.3,Low Risk
61475026,2020-01-28,14:39:46,Import,US,PORT_40,FJ,392092,3J2DRQJ,39AY1OV,145737.0,90.0,92.088,LINE_MODE_40,56.0,Clear
36494505,2020-01-28,12:21:45,Import,CN,PORT_16,BR,701337,UXBBXL1,3CUGG9H,92281.2,6991.0,6702.272,LINE_B12OMY,13.4,Clear
64103331,2020-01-28,01:04:51,Import,CN,PORT_20,CR,294200,ROZWRDM,4KM1XJD,896.4,4.0,3.983,LINE_MODE_10,43.9,Clear
54611419,2020-01-28,11:54:19,Import,IT,PORT_16,PG,551422,E9Z299M,LPTYFMT,455137.27,158.9,151.225,LINE_MODE_40,8.8,Clear
59725257,2020-01-28,20:32:57,Import,CN,PORT_40,MN,854190,0BRH5LB,L2SX065,403963.88,471.7,463.54,LINE_MODE_40,29.3,Clear
31991502,2020-01-28,03:43:42,Import,SG,PORT_40,BR,902780,VLF59XN,DWNJQL8,1138180.26,404.6,398.612,LINE_MODE_10,36.9,Clear
63045761,2020-01-28,18:38:41,Import,CN,PORT_20,GU,620333,WDOBOQ6,4XF3P82,3002.68,27.1,28.464,LINE_MWIDNS,110.6,Low Risk
99973533,2020-01-28,06:13:33,Import,CN,PORT_30,ZZ,540710,IWT64VK,K67KL44,166334.0,2180.0,2277.446,LINE_MODE_10,10.2,Clear
50284469,2020-01-28,10:38:29,Import,CN,PORT_20,TT,160554,QJYA912,7PN0VA5,2768010.0,2940.0,2871.498,LINE_MODE_40,25.3,Clear
34780221,2020-01-28,13:46:21,Import,US,PORT_20,TH,760692,BETKXUO,S5LV538,55152.0,80.0,80.056,LINE_MODE_10,47.2,Clear
85570762,2020-01-28,21:31:22,Import,KR,PORT_40,RS,848180,RRM4F48,4D88SMV,3334.5,57.0,52.039,LINE_MWIDNS,8.1,Low Risk
32993885,2020-01-28,17:18:05,Import,IT,PORT_20,LV,610443,7691G93,O7AFIN0,20269.6,52.0,50.372,LINE_MODE_10,26.0,Clear
77853283,2020-01-28,10:22:43,Import,JP,PORT_30,MN,950631,3BFUK83,NDRMNDD,13667.0,31.6,32.223,LINE_MODE_10,59.7,Clear
19832148,2020-01-28,05:43:48,Import,CN,PORT_40,LR,701399,3GD5R6R,FI9N1BX,67620.0,4600.0,4656.12,LINE_MODE_40,48.7,Clear
29876252,2020-01-28,15:29:32,Import,VN,PORT_20,MG,611241,MG77MTE,RM1HRCJ,311851.52,390.4,374.862,LINE_MODE_10,20.4,Clear
14387763,2020-01-28,10:24:03,Import,US,PORT_20,CR,392410,2VY98AT,SVTSB9Z,2057.44,1469.6,1316.482,LINE_MODE_40,26.0,Low Risk
73532298,2020-01-28,20:26:18,Import,US,PORT_40,SV,330790,8WS9Y48,PF1L1IG,7140.28,4.9,4.837,LINE_W6UCD9,32.2,Clear
70234686,2020-01-28,01:14:06,Import,VN,PORT_40,AM,030752,GHUPRPW,PF1L1IG,1116.36,1.8,1.788,LINE_VZIZJJ,42.2,Clear
99207440,2020-01-28,02:57:20,Import,FR,PORT_40,FJ,711319,EA1ZLUZ,2O4E6TR,5064.56,0.1,0.097,LINE_MODE_40,18.4,Clear
42427907,2020-01-28,03:03:47,Import,CN,PORT_30,BG,621149,0V0DSMB,0CA1MYJ,2115.72,16.2,16.325,LINE_MODE_40,45.8,Clear
57598757,2020-01-28,23:11:17,Import,US,PORT_30,WS,210690,1HLQ5WV,1K9FBW0,13320.45,105.3,108.743,LINE_MWIDNS,62.3,Clear
84719310,2020-01-28,23:08:30,Import,VN,PORT_40,BG,940599,HN0R1CH,KJD2B0A,111628.8,3264.0,3202.637,LINE_MWIDNS,28.3,Clear
14380710,2020-01-28,20:38:30,Import,CN,PORT_30,IR,940360,UMCB7TI,J5NKCLZ,15996.3,2253.0,2210.644,LINE_MODE_10,34.3,Clear
33094918,2020-01-28,02:29:58,Import,CN,PORT_40,TT,620463,ETQS4H8,NWV14OF,132258.0,2010.0,1804.096,LINE_MODE_40,24.1,Low Risk
43341528,2020-01-28,04:06:48,Import,CN,PORT_40,BG,392690,R85ET3O,B4HEIC1,270.0,450.0,546.948,LINE_MODE_10,101.9,Low Risk
27036332,2020-01-28,02:37:32,Import,US,PORT_16,PL,160100,I2H375R,MALZHQ0,3117028.6,4354.0,4441.951,LINE_MODE_40,54.0,Clear
17341888,2020-01-28,08:39:28,Import,IT,PORT_20,RS,420231,40Y553N,MD2E2FX,106945.2,3.0,3.127,LINE_MODE_10,74.5,Clear
44237728,2020-01-28,07:43:28,Import,CN,PORT_30,MT,660199,THMA6G0,2BNHVBD,2367.28,25.4,25.964,LINE_MODE_40,55.3,Clear
83819897,2020-01-28,22:50:17,Import,MX,PORT_20,KR,847141,VKU04DP,KIGHPF2,196836.09,30.9,28.048,LINE_MODE_10,18.5,Low Risk
30430584,2020-01-28,19:20:24,Import,MY,PORT_20,PG,853224,1ZNY80M,M8G081F,1681646.4,302.4,340.454,LINE_MODE_10,43.0,Low Risk
63218177,2020-01-28,12:08:17,Import,CN,PORT_40,UG,853890,ZJ5ZEE5,0NSVM5U,3126.0,156.3,190.223,LINE_MODE_40,96.4,Low Risk
62703851,2020-01-28,01:40:11,Import,JP,PORT_70,OM,846150,LKQA99V,EZZC6AH,9339624.0,39760.0,41179.432,LINE_MODE_40,64.3,Clear
59578853,2020-01-28,22:48:53,Import,CN,PORT_30,RS,681510,5IVYWBQ,PRVNQVS,8.91,0.1,0.098,LINE_MODE_10,36.6,Clear
68977704,2020-01-28,06:52:24,Import,JP,PORT_20,LV,711719,NOOLGK6,X1BO36S,1.08,0.6,0.634,LINE_MODE_10,114.2,Low Risk
56856915,2020-01-28,10:35:15,Import,UA,PORT_20,LB,120810,05NWUJH,MZQSJ7F,9018000.0,27000.0,27099.9,LINE_MODE_10,49.1,Clear
43406439,2020-01-28,12:44:39,Import,CN,PORT_40,UZ,630790,BUWTTJ0,E6PSKLI,2932.5,1275.0,1328.168,LINE_W6UCD9,74.2,Clear
37246957,2020-01-28,07:14:37,Import,CN,PORT_10,HU,392690,8OZ1RD1,1T4ITV9,285.0,475.0,490.532,LINE_MODE_40,62.3,Clear
97759928,2020-01-28,21:40:08,Import,DE,PORT_40,AT,350790,5VOMCFU,H09BLEG,42.78,0.1,0.102,LINE_MODE_40,55.3,Clear
48113659,2020-01-28,22:58:19,Import,CN,PORT_20,HU,420299,Z2BMJ1E,GCPNHU7,19.4,2.0,2.063,LINE_MODE_40,61.6,Clear
69386958,2020-01-28,00:57:18,Import,CN,PORT_30,NO,620463,5S1DBV3,VQ71YWU,151.34,2.3,2.202,LINE_MODE_10,18.4,Clear
64826448,2020-01-28,04:08:48,Import,DE,PORT_40,PY,732690,L8MH65F,RZM2Z77,62.4,41.6,40.028,LINE_MODE_10,21.7,Clear
17661742,2020-01-28,17:54:22,Import,US,PORT_20,NO,847759,T2HZFTN,DSOLA6F,2122472.0,890.0,859.028,LINE_MODE_10,23.7,Clear
16095624,2020-01-28,13:24:24,Import,JP,PORT_20,LB,950300,S3JPLEU,VGR8QAZ,12036.0,20.0,19.484,LINE_MODE_10,29.7,Clear
37618901,2020-01-28,07:37:41,Import,CN,PORT_20,UG,630710,6WX1H31,X6QA8RE,528.95,74.5,67.729,LINE_W6UCD9,11.3,Low Risk
73050570,2020-01-28,17:49:30,Import,CN,PORT_40,MN,280920,ECWK67W,XGFGIYW,27060.6,42.0,39.95,LINE_MWIDNS,8.5,Clear
50727760,2020-01-28,21:42:40,Import,US,PORT_40,TH,853650,F9Q274H,ROKKMM3,3.66,0.3,0.302,LINE_W6UCD9,44.8,Clear
48865806,2020-01-28,17:26:06,Import,CN,PORT_20,OM,420212,HV2CHYS,XA6NGQJ,1208.7,17.0,17.564,LINE_MODE_10,68.6,Clear
72584982,2020-01-28,15:41:42,Import,CN,PORT_40,LB,392310,F0O2PIM,PF1L1IG,179.2,56.0,58.531,LINE_MWIDNS,4.5,Clear
37861149,2020-01-28,18:23:09,Import,CN,PORT_30,LB,854442,JQAVVJP,BAF0Q18,190.0,4.0,4.24,LINE_MODE_10,116.7,Low Risk
66555664,2020-01-28,16:45:04,Import,US,PORT_12,CR,392690,NAUQTEB,YS70JZK,6.0,10.0,9.542,LINE_MC8NDR,10.5,Clear
58109784,2020-01-28,20:00:24,Import,CN,PORT_20,CA,392690,VKOKSA3,ES6KNJT,19.8,33.0,32.809,LINE_MODE_10,42.9,Clear
61493783,2020-01-28,08:44:23,Import,CN,PORT_20,WS,640299,MG77MTE,KCJE7AY,1276160.0,800.0,775.76,LINE_MODE_10,26.7,Clear
36710634,2020-01-28,01:47:54,Import,CN,PORT_33,GG,382499,XIM8JAB,TGUE1AC,8775.0,130.0,132.496,LINE_MODE_10,59.4,Clear
76190831,2020-01-28,00:03:11,Import,IT,PORT_40,AM,841981,ONVEX23,GELM5GK,1935193.5,8836.5,9240.328,LINE_MODE_10,10.9,Clear
88313945,2020-01-28,19:59:05,Import,GT,PORT_40,GG,170114,4ROIBK8,WPE9IK0,152100000.0,1000000.0,1038700.0,LINE_MODE_40,66.2,Clear
29424166,2020-01-28,11:38:46,Import,VN,PORT_20,KR,611212,L8LD7BY,K6KHC41,5601283.2,4128.0,3934.81,LINE_MODE_10,15.8,Clear
23652560,2020-01-28,23:29:20,Import,US,PORT_40,SI,852691,3XPWUVG,CXC3E7O,292894.0,20.0,20.124,LINE_W6UCD9,50.8,Clear
96458520,2020-01-28,18:02:00,Import,CN,PORT_20,HN,950790,YWEYNXZ,O9QXSRZ,193.5,15.0,15.393,LINE_MODE_10,64.0,Clear
14284158,2020-01-28,22:37:18,Import,CN,PORT_40,RS,392690,1ZNY80M,7DKTWGV,3.6,6.0,5.743,LINE_MODE_40,12.4,Clear
62234045,2020-01-28,19:34:05,Import,CN,PORT_40,MT,854442,SD76OTY,PFKZXJL,358.8,12.0,11.864,LINE_VZIZJJ,33.2,Clear
60700647,2020-01-28,13:29:27,Import,CN,PORT_40,EC,200811,LHU8SJT,BEAQDAT,4193784.0,18840.0,19550.268,LINE_W6UCD9,65.6,Clear
18689847,2020-01-28,15:49:27,Import,CN,PORT_40,BA,848071,9ZRHDTA,7GHJ33J,132896.0,320.0,332.064,LINE_MODE_40,65.6,Clear
41116577,2020-01-28,08:48:17,Import,TR,PORT_40,MN,870899,KQEMNJD,JYLVNYC,13692.0,1956.0,2000.401,LINE_MODE_40,55.7,Clear
32169943,2020-01-28,12:33:43,Import,US,PORT_40,IL,330749,W785OGV,9RPABA4,756.0,120.0,133.373,LINE_MODE_40,33.6,Low Risk
52804755,2020-01-28,12:59:15,Import,CN,PORT_20,MG,392690,YWTSWT2,F8VJJE0,57.0,95.0,93.452,LINE_MODE_50,31.9,Clear
75344476,2020-01-28,09:17:16,Import,CN,PORT_20,IR,620452,FWVNMKK,KYXZBS0,1515.0,30.0,31.446,LINE_MODE_10,12.5,Clear
26024294,2020-01-28,18:42:14,Import,US,PORT_10,CR,850650,QD86XU7,LO7HFXM,0.0,0.0,0.001,LINE_MODE_10,39.6,Clear
85343277,2020-01-28,12:39:57,Import,HN,PORT_40,MT,853890,RH2X6I3,2OQZJ37,1190.0,59.5,57.876,LINE_MODE_10,28.7,Clear
64021026,2020-01-28,23:13:06,Import,NZ,PORT_30,UZ,760200,VN5SIPT,KDT3IEI,155908.2,15909.0,16278.089,LINE_MODE_40,56.0,Clear
70557696,2020-01-28,00:57:36,Import,KR,PORT_30,LV,711719,GE3X215,0NZBNSF,0.54,0.3,0.311,LINE_MODE_40,65.9,Clear
36771343,2020-01-28,10:43:43,Import,CN,PORT_20,BG,401490,IG96RNY,ZR51MQY,697500.0,500.0,555.72,LINE_MODE_40,33.6,Low Risk
17218188,2020-01-28,23:37:48,Import,CN,PORT_20,WS,293139,7HUL65W,O9QXSRZ,53378.4,92.0,91.282,LINE_MODE_10,41.5,Clear
70953070,2020-01-28,09:51:10,Import,DE,PORT_30,HN,321290,5QB5R4I,HF6FUN7,4628000.0,8000.0,8009.6,LINE_MODE_10,47.5,Clear
12395583,2020-01-28,13:01:03,Import,CN,PORT_40,MT,847160,2SI81TC,O5LDMQF,506680.0,200.0,193.94,LINE_LM3SJ4,20.7,Clear
36124787,2020-01-28,12:11:47,Import,US,PORT_20,CA,852580,LDUEBK6,6RC0XUY,487.96,0.2,0.194,LINE_MODE_10,25.4,Clear
35050930,2020-01-28,17:02:10,Import,US,PORT_40,PL,200410,BI825VH,DWNJQL8,16063979.4,42497.3,38322.365,LINE_MODE_40,17.4,Low Risk
80385648,2020-01-28,06:08:48,Import,CH,PORT_30,GG,910221,HZRHXQE,82Z9WH9,77103.36,13.8,13.278,LINE_MODE_10,21.7,Clear
36845904,2020-01-28,09:22:24,Import,CN,PORT_40,GU,392690,U5APHGA,LTPAO80,168.0,280.0,289.576,LINE_MWIDNS,69.3,Clear
49257252,2020-01-29,09:46:12,Import,VN,PORT_20,GU,950720,E5MIZTX,PDYT86E,117306.0,570.0,547.314,LINE_MODE_10,20.4,Clear
84961322,2020-01-29,06:54:02,Import,CN,PORT_20,AT,611693,SSF1KYD,ZR51MQY,725639.19,7337.1,7155.14,LINE_MODE_10,30.3,Clear
41810417,2020-01-29,17:32:17,Import,CN,PORT_40,NG,761699,TXLIZ9F,QFMPECR,62.5,5.0,5.014,LINE_MODE_40,42.5,Clear
95999675,2020-01-29,00:54:35,Import,CN,PORT_40,GN,630492,M9TXZMS,WQ3LC92,154627.2,336.0,343.963,LINE_MODE_10,62.3,Clear
23444446,2020-01-29,22:36:46,Import,US,PORT_40,GG,820559,DTQKIF2,19WY095,12.25,0.7,0.831,LINE_MODE_40,51.4,Low Risk
71925760,2020-01-29,14:02:40,Import,CN,PORT_20,OM,950300,M5KYBBQ,NZYZ967,139821.0,2090.0,2102.958,LINE_MODE_10,50.8,Clear
77225717,2020-01-29,11:07:17,Import,CN,PORT_30,PL,392690,5ITDXPE,W79UU4W,51.0,85.0,80.98,LINE_MODE_40,9.5,Clear
31792515,2020-01-29,00:15:15,Import,JP,PORT_20,PY,581092,DWOO407,NPKQ6XY,32582.9,62.3,62.531,LINE_MODE_10,49.1,Clear
80600704,2020-01-29,06:09:04,Import,CN,PORT_33,WS,960329,4TQFGPE,Q8HMP9E,3170.0,100.0,103.42,LINE_MODE_10,69.3,Clear
31728800,2020-01-29,10:53:20,Import,DE,PORT_16,UZ,847149,2TRTMPA,1CN7YRL,51417.1,3.5,4.308,LINE_MODE_10,49.6,Critical
86710586,2020-01-29,19:12:26,Import,CN,PORT_71,TT,611030,6BSH9HY,2Z3ZQ2L,2691.2,29.0,30.253,LINE_H35Z1A,71.2,Clear
75390194,2020-01-29,15:27:14,Import,JP,PORT_30,CA,848690,WQ5Y9Q1,3EVLVZQ,160563.0,78.0,81.058,LINE_MODE_10,72.6,Clear
44472760,2020-01-29,12:12:40,Import,DE,PORT_40,CL,870899,W9CQNPB,V7U393R,67.2,9.6,9.66,LINE_MODE_40,44.8,Clear
57030718,2020-01-29,11:19:58,Import,NL,PORT_40,FJ,390290,C01OGI0,A8TI4L3,23113200.0,66000.0,64495.2,LINE_MODE_40,25.6,Clear
32514680,2020-01-29,13:11:20,Import,US,PORT_30,TH,290519,F0H8W0T,PBP2MYI,7151712.0,18860.0,19731.332,LINE_MODE_40,5.2,Clear
41234485,2020-01-29,07:41:25,Import,IT,PORT_40,BG,621143,M9GVCC8,FJ8AHM6,25.9,0.5,0.484,LINE_H35Z1A,20.0,Clear
95965733,2020-01-29,18:16:53,Import,CN,PORT_12,CL,850440,7NBM1N0,L2INYU7,744.0,240.0,250.728,LINE_MODE_20,6.2,Clear
40739230,2020-01-29,09:07:10,Import,JP,PORT_30,EC,902790,ZY2J0UQ,ZR51MQY,658.62,1.8,2.182,LINE_MODE_40,94.9,Low Risk
86596654,2020-01-29,01:41:34,Import,CN,PORT_40,GG,620892,KH39Z8W,5JVKX6N,413.0,5.0,5.046,LINE_MODE_40,46.8,Clear
54388416,2020-01-29,05:29:36,Import,RO,PORT_30,ZZ,621139,708A72F,ND7VZAO,468.16,0.8,0.783,LINE_MODE_10,32.3,Clear
50674144,2020-01-29,13:13:04,Import,DE,PORT_40,MN,170490,9YXOZG4,IW3SQ2F,5218768.8,8568.0,8689.666,LINE_MODE_40,50.1,Clear
19461910,2020-01-29,10:45:10,Import,CN,PORT_30,MG,854442,48C5UPL,MJ1K2C1,299.0,10.0,9.812,LINE_VZIZJJ,28.3,Clear
24272209,2020-01-29,18:20:49,Import,PH,PORT_16,WS,854231,1XEIAPB,9JFG2DS,20282.0,10.0,10.067,LINE_MODE_10,51.1,Clear
84090452,2020-01-29,02:59:32,Import,CN,PORT_20,PL,610910,R3CCUB4,QWGJWAT,2496.0,160.0,153.632,LINE_MODE_10,20.4,Clear
77123458,2020-01-29,04:38:58,Import,US,PORT_40,AM,382499,4E02ACE,8TBK8KA,850.0,68.0,68.49,LINE_MODE_40,45.4,Clear
57586318,2020-01-29,05:39:58,Import,VN,PORT_20,AT,610910,3UFY739,2UPVUJJ,187.2,12.0,10.771,LINE_JZQYAK,26.1,Low Risk
40190952,2020-01-29,07:21:12,Import,CN,PORT_20,HU,761699,TY7RIXE,QWM5GE1,1137.5,91.0,91.928,LINE_MODE_40,47.4,Clear
99278277,2020-01-29,03:29:57,Import,GB,PORT_40,CR,300410,1TA68NC,87TO3QR,32051630.0,1300.0,1264.51,LINE_MODE_40,22.7,Clear
52748943,2020-01-29,06:17:03,Import,US,PORT_30,BA,901890,JRUY3HQ,L1RK2UR,251.5,5.0,5.557,LINE_MODE_10,39.6,Low Risk
49740008,2020-01-29,10:48:08,Import,CN,PORT_30,MT,620463,M7QTF08,H420IGM,1052.8,16.0,15.715,LINE_MODE_10,34.9,Clear
11741296,2020-01-29,17:44:16,Import,TW,PORT_40,HN,950639,03WC1TM,PF1L1IG,400.5,15.0,15.573,LINE_MODE_40,65.9,Clear
68112235,2020-01-29,19:43:55,Import,CN,PORT_40,MN,540792,ZWL39IW,D5K9F1U,233164.8,384.0,400.781,LINE_MODE_10,75.5,Clear
22327284,2020-01-29,20:25:24,Import,US,PORT_30,UG,392690,TUXZ4XB,J39RNQY,15.8,0.5,0.536,LINE_MODE_10,73.8,Low Risk
99097105,2020-01-29,12:38:25,Import,JP,PORT_40,LB,950300,TPO0FIY,GWCIRI7,200.97,2.1,2.013,LINE_MODE_40,13.4,Clear
43139063,2020-01-29,14:12:23,Import,FI,PORT_20,JP,847989,MG77MTE,FQKH1PD,424.83,202.3,208.308,LINE_MODE_40,60.3,Clear
83725986,2020-01-29,00:49:06,Import,CN,PORT_40,EC,847180,2D4RAHD,IWSDF6W,3013.6,4.0,4.173,LINE_MWIDNS,69.2,Clear
32444589,2020-01-29,01:47:09,Import,CN,PORT_40,CA,961210,OHC2NJT,Y7P8D3F,1011.0,10.0,10.167,LINE_VZIZJJ,57.7,Clear
64829892,2020-01-29,23:30:12,Import,CN,PORT_40,PL,940330,PG4TS4H,DX8UWUL,12811.0,115.0,119.623,LINE_MODE_40,67.2,Clear
48855172,2020-01-29,04:44:52,Import,JP,PORT_30,AM,902790,8QE2BRL,XHPPPUI,658.62,1.8,2.061,LINE_MODE_10,47.6,Low Risk
35511172,2020-01-29,02:04:52,Import,CN,PORT_120,IL,460211,S8WH1D8,FSMG3EJ,33280.0,80.0,91.603,LINE_W6UCD9,47.6,Low Risk
18487885,2020-01-29,01:11:25,Import,IT,PORT_30,PY,382499,GAZWHE9,KILND1W,26000.0,2080.0,2014.896,LINE_MODE_10,26.0,Clear
64867305,2020-01-29,05:41:45,Import,CN,PORT_40,WS,854390,RD7T82Z,QZT1H9Q,533.95,29.5,28.282,LINE_MODE_40,13.4,Clear
64394947,2020-01-29,14:21:07,Import,IT,PORT_16,PL,420211,L5D8FO0,65GNC7P,12960.36,12.6,12.445,LINE_MODE_10,38.6,Clear
63228831,2020-01-29,18:09:51,Import,CN,PORT_20,KR,071080,9U0P78U,NAILZPA,15912000.0,60000.0,62742.0,LINE_MODE_40,4.9,Clear
32180184,2020-01-29,01:20:24,Import,US,PORT_16,MT,030494,I7I7Q5S,WQ3LC92,642.0,20.0,19.884,LINE_MODE_10,42.9,Clear
62540372,2020-01-29,08:51:32,Import,CN,PORT_20,TT,841320,M2GXOLN,21UZTEO,24468.62,2022.2,2022.604,LINE_MODE_10,46.8,Clear
26649023,2020-01-29,01:38:23,Import,VN,PORT_20,RS,853400,JPMQVSH,KMTMF23,6634.0,214.0,224.636,LINE_MODE_10,13.5,Clear
58777134,2020-01-29,07:22:54,Import,CN,PORT_30,OM,961800,XSB76IC,Y0PQPJ0,380901.3,1313.0,1272.56,LINE_MODE_10,26.4,Clear
32567120,2020-01-29,19:45:20,Import,CN,PORT_40,ZZ,071080,6WMMBYD,3PD25R0,7183400.0,24500.0,25141.9,LINE_MODE_40,58.0,Clear
81787215,2020-01-29,19:40:15,Import,CN,PORT_40,TT,621149,EVN40SJ,KILND1W,2011.24,15.4,14.076,LINE_MODE_40,7.3,Low Risk
76852048,2020-01-29,03:15:28,Import,CN,PORT_20,KR,940490,1GBOHWE,017SXUN,115.5,5.0,4.811,LINE_MODE_10,21.7,Clear
91362062,2020-01-29,04:53:02,Import,VN,PORT_40,IR,420229,QWINVIE,AIR9PCR,7920.0,198.0,199.03,LINE_MODE_40,44.1,Clear
59828040,2020-01-29,10:54:00,Import,CN,PORT_30,FJ,854370,HZQ1SOR,0H0CD3P,117012.0,398.0,384.548,LINE_MODE_10,24.4,Clear
71411863,2020-01-29,01:05:43,Import,CN,PORT_40,PG,621210,RX0108C,UF0J8BY,999.0,18.0,18.877,LINE_W6UCD9,103.6,Low Risk
88175770,2020-01-29,13:56:10,Import,JP,PORT_20,HU,392690,4JHZ4G0,VQL7GIV,17.58,29.3,27.87,LINE_MODE_40,8.5,Clear
91265555,2020-01-29,21:52:35,Import,CN,PORT_53,FJ,420292,NAUERLF,ZR2SFN1,321.0,535.0,526.28,LINE_77BN4M,29.9,Clear
18486589,2020-01-29,15:13:49,Import,CN,PORT_40,GG,853650,M9HJGO9,1DWRP58,5892.6,483.0,491.066,LINE_MODE_10,57.7,Clear
55145425,2020-01-29,19:50:25,Import,BR,PORT_40,LR,903300,BES92ZL,LLEX59K,621000.0,562.5,641.385,LINE_MODE_40,40.4,Low Risk
12557240,2020-01-29,05:27:20,Import,IN,PORT_20,LB,854129,6K89P9U,O9QXSRZ,7.94,0.1,0.097,LINE_MODE_10,24.4,Clear
40056087,2020-01-29,14:53:27,Import,US,PORT_20,PL,902780,E35IZS2,JUTZAAG,2281.09,0.7,0.712,LINE_MODE_10,58.4,Clear
23548910,2020-01-29,20:41:50,Import,CN,PORT_20,UZ,846593,4RN7OKZ,K8UCBKE,364140.0,350.0,313.166,LINE_MODE_10,33.1,Low Risk
40223638,2020-01-29,14:41:58,Import,DE,PORT_16,SV,340319,2MO72HX,UXX1AJX,553022.2,386.0,392.639,LINE_MODE_10,58.0,Clear
74534697,2020-01-29,14:16:57,Import,US,PORT_30,DJ,760692,IV8156W,0DLUBYC,179244.0,260.0,236.005,LINE_MODE_40,12.5,Low Risk
54584492,2020-01-29,14:53:32,Import,CN,PORT_40,AM,901890,H920U30,EDSBPMJ,296.77,5.9,6.137,LINE_MODE_10,73.2,Clear
13633012,2020-01-29,04:48:52,Import,JP,PORT_20,AM,440321,CID57ER,M5II1XX,8729742.0,77460.0,75926.292,LINE_MODE_10,33.6,Clear
66905826,2020-01-29,16:33:06,Import,CN,PORT_20,SV,810890,QAQOV3K,WKHBNJB,72346.14,24.6,25.171,LINE_MODE_10,62.0,Clear
36397091,2020-01-29,06:14:11,Import,CN,PORT_13,WS,850511,U65MN08,18CJMJ5,2109.36,10.2,10.36,LINE_B12OMY,51.1,Clear
87035773,2020-01-29,15:04:13,Import,CN,PORT_20,LR,710490,8C5MBYV,PM5UJWY,227587.5,75.0,76.852,LINE_77BN4M,63.0,Clear
38415620,2020-01-29,08:20:20,Import,CN,PORT_20,BG,854442,6Q89IO8,W5B4M41,3564.8,64.0,62.477,LINE_MODE_10,31.0,Clear
47058382,2020-01-29,07:38:22,Import,CN,PORT_40,WS,850140,LHIWRSH,DWNJQL8,243432.0,4140.0,4327.128,LINE_MWIDNS,4.5,Clear
31448490,2020-01-29,21:41:30,Import,CN,PORT_40,CL,640299,QWYX9LQ,Y8877IL,26690.0,100.0,99.12,LINE_MWIDNS,34.9,Clear
56372167,2020-01-29,05:48:07,Import,CN,PORT_20,SD,560392,NXZGW6G,FL2SA7X,2635374.5,20833.0,20368.424,LINE_MODE_10,32.0,Clear
49917715,2020-01-29,21:41:55,Import,CN,PORT_30,OM,940540,A9KEV66,PBP2MYI,206.0,20.0,20.074,LINE_MODE_10,49.1,Clear
65584379,2020-01-29,06:36:59,Import,CN,PORT_40,IR,392690,4Q9WU8T,ANTSGEW,360.0,600.0,583.02,LINE_MODE_40,22.0,Clear
29294091,2020-01-29,19:50:51,Import,CN,PORT_20,KR,690722,B11VU8T,8YULX8R,3601440.0,73800.0,88164.432,LINE_MODE_10,95.3,Low Risk
47903907,2020-01-29,22:50:27,Import,CN,PORT_40,TH,340600,ET3KOGW,XP4116Y,12284.6,257.0,300.443,LINE_MWIDNS,47.3,Low Risk
94149117,2020-01-29,02:43:57,Import,CN,PORT_30,TH,950300,5IXS7LY,7J9YYY7,272370.4,2218.0,2028.827,LINE_MWIDNS,12.7,Low Risk
15087788,2020-01-29,05:11:08,Import,CN,PORT_40,AM,621149,9GUPTTQ,YRLCVDR,5224.0,40.0,39.688,LINE_MODE_40,35.5,Clear
46371265,2020-01-29,14:34:25,Import,CH,PORT_13,BG,392690,3CRH53E,UFTHH4K,30.6,51.0,49.914,LINE_MODE_10,32.6,Clear
70797827,2020-01-29,19:35:47,Import,FR,PORT_20,OM,760692,X6AWHGT,9783UVR,58599.0,85.0,89.054,LINE_MODE_10,12.2,Clear
39379502,2020-01-29,13:17:02,Import,CA,PORT_13,MT,870324,IKM8A5K,5G06UT6,12620.4,2427.0,2391.08,LINE_MODE_40,30.9,Clear
57281373,2020-01-29,19:17:33,Import,CN,PORT_20,EC,620463,ATHJC89,YH4AHQ4,92120.0,1400.0,1434.58,LINE_MODE_10,63.0,Clear
14398653,2020-01-29,19:25:33,Import,CN,PORT_20,HN,854239,X2CIURC,8VVA71V,58.52,1.4,1.534,LINE_MODE_40,29.8,Low Risk
20592841,2020-01-29,07:30:01,Import,MY,PORT_20,NG,440131,GIY7UZV,5RMMSWM,37134927.0,974670.0,965605.569,LINE_MODE_10,40.6,Clear
52758197,2020-01-29,22:35:17,Import,CN,PORT_40,PY,901780,AI1JGDK,E40SM6L,59371.2,434.0,439.512,LINE_W6UCD9,49.1,Clear
41835012,2020-01-29,04:02:12,Import,JP,PORT_30,TT,391590,9A29LW1,3EVLVZQ,0.0,2090.0,2048.618,LINE_MODE_10,33.6,Clear
43207871,2020-01-29,22:07:11,Import,JP,PORT_40,IL,440719,MP435IA,DZ1SHIO,4196220.0,20600.0,21129.42,LINE_MWIDNS,57.7,Clear
51762081,2020-01-29,22:57:21,Import,CN,PORT_40,CA,392690,PJ0ZDJR,D88DTE8,108.0,180.0,162.38,LINE_MWIDNS,17.1,Low Risk
41840188,2020-01-29,17:44:28,Import,CN,PORT_30,SD,851840,EFQR4DU,09RZ2A6,81936.0,120.0,151.445,LINE_MODE_40,48.7,Critical
70645325,2020-01-29,20:02:05,Import,JP,PORT_20,SI,852910,FMNCBE7,F463TSU,7066.94,45.8,48.03,LINE_MWIDNS,6.8,Clear
57558628,2020-01-29,23:58:28,Import,CN,PORT_40,LR,854370,HK4G0IL,LDISXJ6,39.6,18.0,17.5,LINE_MODE_40,22.3,Clear
28183168,2020-01-29,12:07:28,Import,CN,PORT_40,BG,847160,EYSNSEN,TDATQUG,1374371.36,9944.8,9966.679,LINE_MODE_10,48.1,Clear
82511093,2020-01-29,00:52:53,Import,KR,PORT_41,SD,903120,9F8UI4D,AT7I4OF,542130.0,100.0,90.631,LINE_MODE_10,19.6,Low Risk
39097481,2020-01-29,14:20:41,Import,DE,PORT_20,LR,392690,6GGBI3F,69OJUBS,36.0,60.0,58.242,LINE_MODE_10,27.4,Clear
70351392,2020-01-29,09:15:12,Import,CN,PORT_40,ZZ,850440,G9U9YMK,VTZH20T,781670.4,1792.0,1774.438,LINE_G6VT54,34.2,Clear
10858148,2020-01-29,06:17:08,Import,NL,PORT_40,UZ,848280,PMMJPX0,Y2PCIUX,1271.94,49.3,49.901,LINE_MODE_40,48.7,Clear
13737399,2020-01-29,03:20:39,Import,CN,PORT_40,HN,392690,YRWYCUH,5Q90ZVF,13.8,23.0,20.893,LINE_MODE_10,17.9,Low Risk
65199160,2020-01-29,17:32:40,Import,PK,PORT_20,SI,030389,9SWIV9W,1SML23O,5560871.0,9430.0,9488.466,LINE_MODE_40,44.8,Clear
93687988,2020-01-29,11:54:28,Import,US,PORT_30,BR,330420,HCBL5TL,IH8L1IV,465.48,2.7,2.679,LINE_MODE_40,35.5,Clear
96756425,2020-01-29,21:07:05,Import,CN,PORT_20,BR,854442,G1COJJO,U9HMI16,20631.0,690.0,786.766,LINE_MODE_10,46.4,Low Risk
98667284,2020-01-29,15:18:44,Import,HK,PORT_20,PG,392690,1SO3GD6,1DWRP58,4.8,8.0,8.354,LINE_MODE_10,75.9,Clear
41308584,2020-01-29,09:00:24,Import,MM,PORT_20,LR,070310,0K9BOIB,RHXJHJQ,1774080.0,8960.0,8908.032,LINE_MODE_10,42.9,Clear
32433926,2020-01-29,02:21:26,Import,IT,PORT_20,TH,711719,9IUBBZG,ACOO8YQ,20.46,0.3,0.292,LINE_MODE_10,29.0,Clear
20793140,2020-01-29,01:12:20,Import,MA,PORT_40,HN,030192,O7EXPIU,7W9ND8Q,11171777.5,2473.0,2513.063,LINE_MODE_10,57.4,Clear
58601397,2020-01-29,00:21:57,Import,JP,PORT_40,NO,482110,USZKXON,ZHZGLHJ,8.8,8.0,8.102,LINE_MODE_40,49.1,Clear
43846762,2020-01-29,23:31:22,Import,JP,PORT_20,CR,441239,HI9ZV4Y,1DWRP58,5379397.2,20802.0,18991.394,LINE_MODE_40,8.1,Low Risk
88281990,2020-01-30,12:46:30,Import,CN,PORT_40,SI,551599,EKTUG9G,67F0O6D,487.5,15.0,15.618,LINE_MODE_40,67.9,Clear
19659470,2020-01-30,20:17:50,Import,CN,PORT_30,WS,350400,X1FP5YG,GQS8OYV,8259000.0,10000.0,10012.0,LINE_MODE_10,47.5,Clear
13409529,2020-01-30,14:16:09,Import,IN,PORT_30,BG,292090,DOQNAVV,1VF0HV7,7612160.0,15200.0,15909.84,LINE_MODE_40,5.5,Clear
87087379,2020-01-30,09:00:19,Import,CN,PORT_30,ZZ,853400,J1QD5ZU,QFI4PRK,3720.0,120.0,116.604,LINE_MODE_10,28.0,Clear
62350302,2020-01-30,12:43:42,Import,VN,PORT_39,JP,940510,189R65E,7G9E4V7,11881.8,184.5,181.769,LINE_VZIZJJ,30.9,Clear
73992571,2020-01-30,22:45:31,Import,KR,PORT_40,MN,903180,SSEZX4P,818J1DT,47.1,1.5,1.348,LINE_MODE_10,28.9,Low Risk
46143509,2020-01-30,20:22:29,Import,CN,PORT_20,ES,852692,IHV7S41,HJVWB4V,1988.0,5.0,4.784,LINE_MODE_40,12.1,Clear
73203196,2020-01-30,14:29:16,Import,CN,PORT_20,PL,420292,EPQIDBJ,OACSQAD,9112.5,375.0,370.575,LINE_MODE_10,38.9,Clear
62771510,2020-01-30,11:51:50,Import,CN,PORT_40,MG,390720,1VHJG03,I78QFXO,5256800.0,8000.0,7849.6,LINE_MODE_10,34.3,Clear
66057069,2020-01-30,02:35:09,Import,CN,PORT_20,PL,294110,ZNESMU1,1PBKO2S,10040500.0,1000.0,976.7,LINE_MODE_10,31.3,Clear
18537166,2020-01-30,19:28:46,Import,CN,PORT_40,ZZ,940490,4PN58MM,OV1TFSI,115.5,5.0,4.766,LINE_MODE_10,15.8,Clear
32209433,2020-01-30,00:11:53,Import,CN,PORT_40,GN,391000,KLU9LCJ,7Z6V0YV,837540.0,5400.0,5371.38,LINE_MODE_40,37.2,Clear
26500949,2020-01-30,20:06:29,Import,CN,PORT_16,CR,630790,5WL3CGU,XNI2J29,46.0,20.0,20.734,LINE_MODE_10,70.9,Clear
44059363,2020-01-30,07:10:43,Import,US,PORT_20,TH,903180,0ZU0V8Q,ZUJ45ZL,94.2,3.0,2.939,LINE_MODE_40,27.3,Clear
27950984,2020-01-30,23:53:44,Import,VN,PORT_130,ZZ,392690,C5KSKT4,DFJ7WD6,120.0,200.0,225.168,LINE_MODE_40,37.0,Low Risk
52719674,2020-01-30,14:05:14,Import,CN,PORT_30,KR,870880,NFWSP2X,71KRF9P,886463.81,4102.1,4683.942,LINE_MODE_10,46.8,Low Risk
79930758,2020-01-30,09:47:18,Import,DE,PORT_20,LB,903033,QHQHQFV,RT4A33R,330619.0,190.0,173.196,LINE_MODE_10,15.3,Low Risk
30422034,2020-01-30,22:57:54,Import,VN,PORT_40,UG,940490,5LBE7EJ,8CFNBNZ,21053.34,911.4,928.899,LINE_MODE_10,59.4,Clear
44601512,2020-01-30,13:50:32,Import,GB,PORT_40,MN,382200,NEH6XAZ,1BVQVSS,0.0,0.0,0.001,LINE_MODE_10,110.1,Low Risk
36627021,2020-01-30,22:46:21,Import,CN,PORT_16,NO,961590,3Z5L1PO,HHVV4NY,104.4,36.0,36.025,LINE_MODE_10,47.2,Clear
36935294,2020-01-30,09:32:14,Import,VN,PORT_40,CA,650500,KX5LZ4J,96015L9,118.4,32.0,31.654,LINE_MODE_40,33.6,Clear
44118409,2020-01-30,19:10:49,Import,GB,PORT_16,BG,300490,VB02G7E,A7975ZA,111.2,0.4,0.403,LINE_W6UCD9,51.1,Clear
14607281,2020-01-30,19:30:41,Import,CN,PORT_33,IL,540233,I8GNRZH,Q9ZG6R5,222156.0,360.0,349.452,LINE_MODE_10,27.4,Clear
77662945,2020-01-30,02:42:25,Import,CN,PORT_40,PG,590190,KP76RGZ,LRDA2MV,4075820.09,6876.7,7142.828,LINE_MODE_40,66.2,Clear
73581826,2020-01-30,17:39:46,Import,CN,PORT_20,TT,732399,XBJ8FHO,7N349BD,72969.8,1334.0,1364.949,LINE_MODE_10,62.0,Clear
79062660,2020-01-30,13:51:00,Import,ES,PORT_20,BG,220410,QZ039HN,KYXZBS0,5008.5,135.0,129.087,LINE_77BN4M,11.8,Clear
75714083,2020-01-30,18:49:23,Import,DE,PORT_30,SD,390690,7UMFQGB,XQVGT4W,46560.0,800.0,815.76,LINE_MODE_10,59.7,Clear
48241172,2020-01-30,20:51:32,Import,CN,PORT_20,RS,950639,SUR9UJQ,PKP1KJX,14401.8,27.0,27.005,LINE_MODE_10,46.8,Clear
86352647,2020-01-30,16:22:47,Import,CN,PORT_20,OM,611693,TIANZK3,D8WSQYS,26079.93,263.7,273.641,LINE_MODE_10,71.6,Clear
69005987,2020-01-30,17:51:47,Import,KR,PORT_40,HN,711291,JBOP0IB,ZKB0LAL,58.41,0.9,0.871,LINE_MODE_40,19.4,Clear
37660678,2020-01-30,14:45:58,Import,DE,PORT_30,RS,870324,CNHRA8Z,F8VJJE0,15504000.0,2280.0,2273.616,LINE_MODE_40,38.8,Clear
26399534,2020-01-30,10:56:14,Import,RU,PORT_20,LV,440719,XQDNV62,U0B6HQZ,17357383.4,111194.0,107769.225,LINE_MODE_10,26.4,Clear
37442643,2020-01-30,14:32:03,Import,PL,PORT_30,CR,711291,QY8W5O6,0ZC1SAG,911325.8,14042.0,14599.467,LINE_MODE_10,72.9,Clear
62811196,2020-01-30,15:49:16,Import,VN,PORT_20,GU,621143,R6YIPGR,U8S5E35,23310.0,450.0,444.69,LINE_MODE_10,38.9,Clear
11630837,2020-01-30,06:19:17,Import,KR,PORT_40,GN,900120,X45CWIL,YWZYKKQ,896.22,2.6,2.581,LINE_MODE_40,35.9,Clear
94860876,2020-01-30,03:50:36,Import,CN,PORT_40,ZZ,630493,I0RE10G,7RJW602,490.24,6.4,6.708,LINE_MODE_10,12.5,Clear
25261432,2020-01-30,22:55:52,Import,RU,PORT_20,UG,441899,3HPGX9I,ONKQE2Z,5839463.0,17185.0,15508.775,LINE_MODE_10,22.8,Low Risk
58650391,2020-01-30,05:02:31,Import,CN,PORT_20,GN,291811,PEUB3FB,0Z8MILD,643.3,1.0,0.966,LINE_MODE_10,24.1,Clear
13612625,2020-01-30,13:37:05,Import,JP,PORT_40,GG,870340,VKA95NB,WBQKENF,11499920.0,1720.0,1717.764,LINE_MWIDNS,39.8,Clear
31308439,2020-01-30,06:51:19,Import,CN,PORT_40,CL,950691,G8XD7C1,C9DXOFP,68.0,5.0,5.209,LINE_MODE_10,74.2,Clear
79864118,2020-01-30,04:36:38,Import,CN,PORT_33,UZ,854239,IFNAMOU,N2BYW9C,418.0,10.0,9.772,LINE_MODE_40,25.6,Clear
62065241,2020-01-30,18:16:41,Import,US,PORT_62,AT,110412,FG0V94X,FP0PREQ,1736.5,5.0,5.573,LINE_MODE_10,40.3,Low Risk
97702852,2020-01-30,13:32:52,Import,CN,PORT_40,TH,680293,5Q1BW90,9ASBCED,233280.0,21600.0,20740.32,LINE_MODE_10,20.4,Clear
21381076,2020-01-30,11:27:16,Import,DE,PORT_40,CA,380993,PJK5U26,NV8ZA8S,6315840.0,7200.0,7547.04,LINE_MODE_10,12.5,Clear
80320425,2020-01-30,10:13:45,Import,VN,PORT_30,ES,841490,9EUZY14,RK7JZ33,181704.25,5590.9,6374.968,LINE_MODE_10,46.4,Low Risk
60922989,2020-01-30,08:27:09,Import,CN,PORT_40,AT,730719,MW72OKY,DQM902Q,291346.2,17874.0,18172.496,LINE_MODE_40,51.7,Clear
65168016,2020-01-30,07:49:36,Import,CN,PORT_20,TT,721631,FB8JLH7,U0867HI,104757.7,389.0,380.52,LINE_MODE_10,32.3,Clear
81353641,2020-01-30,13:30:01,Import,CN,PORT_40,CR,070310,R97F2XH,HHBAZKA,1136400.0,12000.0,11888.4,LINE_MODE_10,40.6,Clear
36234868,2020-01-30,12:42:28,Import,IT,PORT_30,TH,560900,5YG0A82,LMC1PUK,26776.0,80.0,76.176,LINE_MODE_40,9.1,Clear
76739179,2020-01-30,14:30:19,Import,CN,PORT_20,UZ,060290,Q09D5G9,530LFCI,99067.5,637.5,574.649,LINE_MODE_10,23.7,Low Risk
46670249,2020-01-30,02:41:29,Import,CN,PORT_30,SD,854370,ILJK2HE,ZY7AMTV,370471.08,130.2,128.468,LINE_VZIZJJ,37.9,Clear
38633484,2020-01-30,13:55:24,Import,CN,PORT_20,IR,870130,RY10NRC,530LFCI,4471368.0,880.0,943.29,LINE_MODE_10,73.8,Low Risk
43303370,2020-01-30,00:02:50,Import,CN,PORT_20,IR,420292,YQP2SA7,4FGVYGU,4462.5,75.0,71.34,LINE_MODE_10,14.5,Clear
80352430,2020-01-30,12:47:10,Import,CN,PORT_20,UG,730840,K3XDD6I,KZ1IZ5O,589022.64,7113.8,7264.613,LINE_MODE_10,60.7,Clear
51962753,2020-01-30,23:13:53,Import,CN,PORT_20,IR,850450,YDMHTLK,AERLB2W,42282.0,290.0,300.063,LINE_MODE_10,69.6,Clear
73297024,2020-01-30,17:21:04,Import,CN,PORT_40,EC,640590,LJAEOYN,ORI2QZE,46744.56,80.4,78.326,LINE_MODE_10,29.7,Clear
60426527,2020-01-30,14:40:47,Import,TR,PORT_20,UZ,901780,JNQCR73,JR3RO5T,41.04,0.3,0.299,LINE_MODE_40,39.2,Clear
87259658,2020-01-30,22:55:38,Import,CN,PORT_16,MT,071080,IL84M7R,XYZYRY7,37128000.0,140000.0,163441.6,LINE_MODE_10,52.9,Low Risk
86056427,2020-01-30,10:05:47,Import,CA,PORT_20,TT,901890,AX2WFP5,FJW0GJJ,4760.82,0.9,0.97,LINE_MODE_10,9.8,Low Risk
69942496,2020-01-30,08:44:16,Import,CN,PORT_40,GG,901920,G8FGF5S,OU3TPX6,54.0,15.0,15.573,LINE_MODE_40,65.9,Clear
67128122,2020-01-30,05:14:02,Import,CN,PORT_39,IR,902890,Q8MAKJD,Z4CU0NC,1592550.0,500.0,487.6,LINE_MODE_40,24.3,Clear
27819985,2020-01-30,13:26:25,Import,CN,PORT_16,HN,420212,HFPCP3D,Y53NG4D,2844.0,40.0,48.17,LINE_MODE_40,92.4,Low Risk
67022435,2020-01-30,07:40:35,Import,CN,PORT_40,NG,380110,Z0NIEJ0,Z3GE5F4,7179.9,21.0,21.918,LINE_MODE_40,69.5,Clear
11849728,2020-01-30,19:03:28,Import,CN,PORT_56,UZ,620630,ARPX25X,Z47K0ZJ,6320.6,28.6,34.762,LINE_MODE_10,101.9,Low Risk
89937313,2020-01-30,01:03:13,Import,CN,PORT_33,BR,853400,68YWHHN,PX7VDG2,145.7,4.7,4.293,LINE_MODE_10,13.8,Low Risk
61711324,2020-01-30,03:06:04,Import,CN,PORT_30,UZ,854370,NV9YFWR,Z64QME2,3642112.0,1280.0,1310.976,LINE_MODE_40,56.7,Clear
96168280,2020-01-30,12:04:40,Import,DE,PORT_30,SD,870323,LHL2AOY,JK0XSLK,11014587.5,1715.0,1794.233,LINE_MODE_10,11.2,Clear
13570160,2020-01-30,14:49:20,Import,CN,PORT_40,IR,732599,05XSCCC,87TO3QR,294184.8,1347.0,1568.231,LINE_MODE_10,52.1,Low Risk
72134201,2020-01-30,15:12:41,Import,US,PORT_20,MG,731823,70593YT,BUSF98I,99.45,0.3,0.303,LINE_MODE_10,53.8,Clear
28465510,2020-01-30,15:45:10,Import,CN,PORT_40,BA,392690,0MDP1LN,IB17J2O,81.6,136.0,133.443,LINE_MWIDNS,28.3,Clear
57477895,2020-01-30,21:44:55,Import,JP,PORT_30,CL,283210,ZC2X6M9,EI71E2V,5696.0,40.0,40.548,LINE_MODE_10,55.7,Clear
47333959,2020-01-30,02:23:19,Import,CN,PORT_40,LR,130219,A1SA62S,117ZVLP,395200.0,2000.0,1963.4,LINE_MODE_40,28.6,Clear
73237027,2020-01-30,06:29:07,Import,CN,PORT_30,GG,950691,9B2DL4I,M7AIZYV,5086.4,374.0,391.84,LINE_MODE_10,12.2,Clear
58261377,2020-01-30,13:54:57,Import,IE,PORT_20,LR,481950,EPVREB4,PALC9H5,19061.46,9.9,10.125,LINE_MODE_40,55.7,Clear
46863794,2020-01-30,11:27:14,Import,IL,PORT_40,GG,330590,JRR62XX,JH86Y6C,537631.6,2071.0,2152.183,LINE_MODE_10,72.6,Clear
34978394,2020-01-30,21:57:14,Import,AU,PORT_20,JP,350691,4XQ1RQC,O05NWZ3,117576.0,720.0,748.224,LINE_MODE_40,66.6,Clear
33092718,2020-01-30,15:13:18,Import,CN,PORT_20,OM,701090,BYXHW81,69OJUBS,693500.0,19000.0,18566.8,LINE_MODE_40,25.6,Clear
93883216,2020-01-30,10:56:16,Import,MX,PORT_40,BA,291899,4DCBAN3,ACHG87U,6448244.0,3627.5,3253.36,LINE_MODE_40,24.8,Low Risk
55845168,2020-01-30,05:20:48,Import,US,PORT_62,LB,611780,DW74YYO,KSKM92C,19.2,0.3,0.345,LINE_MODE_10,49.1,Low Risk
38982705,2020-01-30,23:31:45,Import,BE,PORT_39,SI,570242,8C2KQ87,KSKM92C,486838.52,904.4,867.048,LINE_MC8NDR,13.4,Clear
87260391,2020-01-30,05:35:51,Import,CN,PORT_40,BR,382499,5N2DIRJ,DWNJQL8,8775.0,130.0,125.541,LINE_MODE_40,18.1,Clear
51441537,2020-01-30,15:30:57,Import,KR,PORT_30,PY,691390,E7W2IOD,KI0UMMQ,52.5,5.0,5.348,LINE_MODE_10,122.8,Low Risk
52730079,2020-01-30,10:38:39,Import,CN,PORT_16,PL,910219,OK3Q17B,3BR2MUW,53641.8,17.0,20.635,LINE_MODE_40,95.4,Low Risk
58315260,2020-01-30,18:41:00,Import,JP,PORT_20,LB,902190,T1RQCQ6,TNBC1SB,571057.2,223.2,213.424,LINE_MODE_10,17.8,Clear
64247057,2020-01-30,09:56:17,Import,US,PORT_20,BA,902610,G0VLNYB,E3MEHG9,42631.2,72.0,64.347,LINE_MODE_40,28.3,Low Risk
58181310,2020-01-30,03:28:30,Import,SE,PORT_20,RS,847490,FKPMBX3,8N25YR8,260640.0,1600.0,1569.92,LINE_MODE_10,34.3,Clear
44944296,2020-01-30,06:07:36,Import,CN,PORT_40,NO,551512,QPLNTDF,312XFA6,938.6,722.0,749.58,LINE_MODE_10,71.9,Clear
58452163,2020-01-30,21:10:43,Import,CN,PORT_40,SD,392330,K09T0IL,6T0AJ3G,19705.1,1951.0,1747.725,LINE_MODE_40,26.0,Low Risk
57729449,2020-01-30,02:41:29,Import,CN,PORT_20,CA,540233,1VHJG03,TI9UTLW,3369113.5,6109.0,6731.141,LINE_MODE_10,37.3,Low Risk
47825839,2020-01-30,03:01:19,Import,CN,PORT_40,PY,851660,A4R2DFB,DQF2C2K,16045949.8,45611.0,47512.979,LINE_MODE_10,74.2,Clear
74605087,2020-01-30,06:30:07,Import,KR,PORT_40,JP,853400,72KMA1I,QWSAOF1,13423.0,5.0,6.005,LINE_MWIDNS,91.3,Low Risk
29792226,2020-01-30,19:13:06,Import,CN,PORT_40,MN,680293,GSZPNXT,E9ZH8JR,356400.0,33000.0,40215.12,LINE_MODE_40,97.0,Low Risk
56796486,2020-01-30,04:24:06,Import,CN,PORT_30,BG,851829,AAZ42G3,6QFWY8I,8377.6,88.0,98.792,LINE_MODE_40,36.2,Low Risk
91576921,2020-01-30,21:18:01,Import,CN,PORT_20,LB,854442,TGKVX1V,3XVCTEP,5800.6,194.0,177.725,LINE_MODE_10,11.5,Low Risk
28686532,2020-01-30,18:20:52,Import,CN,PORT_20,LV,071080,WWU7AH2,4VMRI9B,21216000.0,80000.0,81616.0,LINE_MODE_10,60.0,Clear
93094079,2020-01-30,12:11:59,Import,US,PORT_20,GN,621149,R3L63IS,DN47VPR,30246.96,231.6,236.626,LINE_MODE_10,61.0,Clear
82128849,2020-01-30,22:58:09,Import,IT,PORT_151,CL,511119,RZQUCXF,K1QVHVK,70432.67,28.7,28.318,LINE_MWIDNS,37.9,Clear
42812145,2020-01-30,15:15:45,Import,TH,PORT_30,NG,392010,QDTR8ZT,5ASK54I,770818.14,20125.8,21396.14,LINE_MODE_40,112.8,Low Risk
89090063,2020-01-30,02:22:23,Import,CN,PORT_40,KR,940540,BUWTTJ0,OCSVMK0,20.6,2.0,2.059,LINE_W6UCD9,60.3,Clear
35287770,2020-01-30,00:09:30,Import,RU,PORT_20,PY,030559,HTCHOL5,FP0PREQ,11338180.0,10900.0,10368.08,LINE_MODE_10,14.5,Clear
28483436,2020-01-30,18:59:56,Import,CN,PORT_23,GU,960990,I8ZXXUY,DYOSK5L,998.0,4.0,3.615,LINE_EIZP3I,15.7,Low Risk
16803483,2020-01-30,17:26:03,Import,TH,PORT_17,GG,170199,ODV78QE,Q5LSC9G,24840000.0,200000.0,203940.0,LINE_MODE_40,53.7,Clear
34483478,2020-01-30,14:52:38,Import,CN,PORT_13,TH,910219,1SE7169,HGOZVPV,53641.8,17.0,19.302,LINE_MODE_40,39.3,Low Risk
64161847,2020-01-30,09:36:07,Import,CN,PORT_30,WS,350400,60W5V24,A3TBSCM,4150.12,2.6,2.76,LINE_MODE_10,117.7,Low Risk
45391759,2020-01-30,14:53:19,Import,CN,PORT_40,HU,611030,NXZGW6G,7DP9P8P,464.0,5.0,4.908,LINE_A5IT1U,34.6,Clear
53429984,2020-01-30,21:23:44,Import,CN,PORT_40,FJ,940350,V7RMQBU,SLSEZ3Z,1240545.67,7738.9,7694.014,LINE_MODE_40,36.9,Clear
20757159,2020-01-30,17:16:39,Import,VN,PORT_41,SD,940153,LIMD1KD,EQRCG97,2118336.0,3264.0,2919.354,LINE_MODE_50,29.5,Low Risk
24683315,2020-01-30,14:48:35,Import,CN,PORT_40,GN,670290,M5KYBBQ,O7GM82Y,529.62,18.2,18.267,LINE_MODE_40,43.1,Clear
76931806,2020-01-30,00:12:46,Import,FR,PORT_20,FJ,330499,MZRG1W8,SBPR2VV,2833.6,112.0,115.718,LINE_MODE_10,68.6,Clear
24812665,2020-01-30,02:04:25,Import,KR,PORT_30,RS,650500,8WHYEJ7,N28YEX3,1.54,0.2,0.179,LINE_MODE_10,31.2,Low Risk
25695331,2020-01-30,22:51:31,Import,PH,PORT_20,LB,160413,3WBVA7Z,NGQTKZ0,447950.0,775.0,771.668,LINE_MODE_40,37.9,Clear
79269563,2020-01-30,06:27:23,Import,KR,PORT_20,IL,390799,YFKE77S,OCDNFLK,19562.5,625.0,559.881,LINE_MODE_10,32.0,Low Risk
32415756,2020-01-30,17:58:36,Import,JP,PORT_40,AM,482320,UX0MWJ2,RL2HQ5Z,1944787.46,1779.8,1794.394,LINE_MODE_10,52.1,Clear
30809647,2020-01-30,09:06:07,Import,CN,PORT_40,BR,940490,FR4LON3,JQWPSG1,13786.08,596.8,619.299,LINE_MODE_10,71.6,Clear
94818086,2020-01-30,11:17:26,Import,DE,PORT_40,FJ,901910,FKF1E4L,B6C4G68,14.64,0.8,0.898,LINE_MODE_40,36.2,Low Risk
25862884,2020-01-30,05:12:04,Import,AE,PORT_20,BR,392062,KND8A7I,Q3LZY60,325728.0,22464.0,23456.909,LINE_MODE_10,75.9,Clear
59867185,2020-01-30,11:26:25,Import,SG,PORT_33,IR,382499,O8CQLIC,74UDMFT,70927.5,5674.2,5780.308,LINE_MODE_40,53.0,Clear
42095374,2020-01-30,08:13:34,Import,CN,PORT_40,NO,030389,9W5W4H9,H47ZACS,9079400.0,22000.0,23082.4,LINE_MODE_50,9.2,Clear
45961546,2020-01-30,01:21:46,Import,SG,PORT_20,UG,330290,3XET17G,Q5N35H4,21627.5,25.0,22.684,LINE_MODE_10,18.8,Low Risk
96577710,2020-01-30,05:08:30,Import,CN,PORT_62,TT,293339,GSIMUY5,OQQW6OS,68643.0,30.0,29.436,LINE_MODE_10,34.3,Clear
43181100,2020-01-30,06:45:00,Import,CN,PORT_30,SD,220300,1HDB6GX,F2SD6OI,2129.6,8.0,8.29,LINE_MODE_40,64.6,Clear
11087006,2020-01-30,00:39:26,Import,CN,PORT_40,TH,071239,1CI8PRT,P9HG2N4,44902.8,18.0,18.598,LINE_MODE_40,62.6,Clear
78417198,2020-01-30,13:21:18,Import,CN,PORT_40,FJ,390810,K7QFU0V,JKN1GOM,97680.0,200.0,207.44,LINE_MODE_40,65.2,Clear
71792780,2020-01-30,23:46:20,Import,CN,PORT_20,SI,854449,GF1OSYI,A050HR9,12688.0,40.0,39.848,LINE_MODE_10,44.2,Clear
10764799,2020-01-30,20:17:19,Import,CN,PORT_40,UG,460219,35KPMZ0,0597DNU,75769.2,78.0,65.103,LINE_MODE_40,13.2,Critical
67554287,2020-01-30,10:36:47,Import,CA,PORT_40,KR,950691,GL0VURY,QNXYZPO,7518.08,552.8,663.935,LINE_VZIZJJ,91.3,Low Risk
61832150,2020-01-30,06:55:50,Import,CN,PORT_16,WS,420212,AUJQXKJ,9TG9HU1,13011.3,183.0,175.9,LINE_MODE_40,15.1,Clear
82970023,2020-01-30,19:41:43,Import,CN,PORT_20,BR,071080,7SBGI5F,20P79IP,21216000.0,80000.0,81344.8,LINE_MODE_10,10.9,Low Risk
12907083,2020-01-30,07:06:03,Import,JP,PORT_13,RS,902690,N0JIYD5,ZZ1RWHQ,96.6,21.0,21.414,LINE_MODE_50,55.7,Clear
45510081,2020-01-30,22:17:21,Import,US,PORT_40,WS,843810,52V8T8F,U0G0EK0,248475.92,292.6,284.027,LINE_MODE_40,21.4,Clear
80997918,2020-01-30,02:13:18,Import,CN,PORT_16,BG,854442,0WFTJ3J,OK6PO14,1465.1,161.0,157.329,LINE_MODE_10,31.6,Clear
60547400,2020-01-30,16:03:20,Import,CN,PORT_20,UZ,070320,EJTQTAR,VT9DCPD,5824800.0,24000.0,26405.76,LINE_MODE_10,36.9,Low Risk
65438415,2020-01-30,06:20:15,Import,CN,PORT_20,BA,851890,H8JRSLI,2V41BXU,1.75,2.5,2.285,LINE_MODE_10,13.3,Low Risk
70182917,2020-01-30,14:47:17,Import,CN,PORT_40,ES,830230,AF3GYMB,0P3K7X9,1135.0,10.0,9.147,LINE_MODE_40,6.7,Low Risk
18217645,2020-01-30,06:07:25,Import,CN,PORT_16,UG,732690,M38NX9G,1D0L3PZ,1380.0,920.0,909.604,LINE_MODE_40,33.2,Clear
97461725,2020-01-30,05:02:05,Import,CN,PORT_20,LR,551512,BQAH9Q1,RO68HSP,2309940.0,12300.0,12899.01,LINE_MODE_10,12.8,Clear
20699775,2020-01-30,10:56:15,Import,CN,PORT_40,IR,392690,EELPGVQ,T68JXVE,39.6,66.0,64.264,LINE_MODE_40,23.3,Clear
97736725,2020-01-30,22:45:25,Import,SE,PORT_16,OM,844391,5IJZ4DR,7PN0VA5,552049.2,1723.0,1806.91,LINE_MODE_10,12.8,Clear
43549731,2020-01-30,19:44:51,Import,CN,PORT_30,SV,120799,52V8T8F,XQU6MEM,73705500.0,99000.0,98574.3,LINE_MODE_10,43.9,Clear
56234493,2020-01-30,16:29:33,Import,VN,PORT_20,PL,482110,6LTKHQS,KSKM92C,0.55,0.5,0.482,LINE_MODE_10,23.4,Clear
95891826,2020-01-30,20:13:06,Import,LA,PORT_40,MN,851810,Q1P8U7Q,7CYE3M7,10821.4,61.0,62.415,LINE_EIZP3I,56.0,Clear
73687010,2020-01-30,15:56:50,Import,US,PORT_30,HN,210690,8LODR5A,4301RO4,8976.0,25.5,26.296,LINE_MODE_50,63.3,Clear
24830730,2020-01-31,15:25:30,Import,CN,PORT_20,LB,120740,LQIJ1I2,K6JG74V,92043000.0,126000.0,122371.2,LINE_MODE_40,21.7,Clear
11737199,2020-01-31,13:03:59,Import,CN,PORT_20,IR,700991,ZW4WDMV,YLSHCWD,657943.86,3000.2,2885.292,LINE_MODE_10,21.4,Clear
49785838,2020-01-31,22:51:58,Import,JP,PORT_16,NO,391990,B1NV979,CA78O9R,14.4,144.0,172.719,LINE_MODE_40,90.8,Low Risk
67578390,2020-01-31,21:46:30,Import,CN,PORT_20,MN,850980,R5EYJZ1,V88XC5E,94.23,0.3,0.312,LINE_MODE_10,73.9,Clear
30103472,2020-01-31,10:36:32,Import,CN,PORT_30,LR,392310,LHU8SJT,7PN0VA5,2688.0,840.0,798.168,LINE_MODE_10,13.8,Clear
74348811,2020-01-31,07:02:51,Import,US,PORT_62,IR,051110,WQTGHL2,HR8PIUO,586208.5,0.1,0.096,LINE_EIZP3I,17.5,Clear
90486812,2020-01-31,19:45:32,Import,PH,PORT_40,MN,080430,2GQYERR,12T6B19,2475360.0,14400.0,14114.88,LINE_MWIDNS,27.6,Clear
81085792,2020-01-31,17:41:52,Import,US,PORT_20,OM,401693,190M2ZQ,FQKH1PD,46.58,1.7,1.683,LINE_MODE_10,40.2,Clear
51577070,2020-01-31,06:17:50,Import,PH,PORT_20,LR,854231,QHQHQFV,8WDKMC6,1622.56,0.8,0.801,LINE_MODE_40,41.5,Clear
19794731,2020-01-31,10:28:11,Import,US,PORT_20,GN,710692,FM9NO3G,ZRFDVRM,1777.76,0.8,0.797,LINE_MODE_10,43.9,Clear
30153754,2020-01-31,23:06:34,Import,VN,PORT_30,OM,854442,XP1UL5R,9BAAPBR,1883.7,63.0,60.43,LINE_MODE_10,19.8,Clear
21226972,2020-01-31,10:14:52,Import,CN,PORT_40,BG,847150,0GCE92K,SZXY7DX,10198.2,46.0,46.009,LINE_MODE_40,40.8,Clear
93370236,2020-01-31,05:46:36,Import,CN,PORT_16,LB,731819,YDMHTLK,5J2VDCN,2208510.0,23150.0,22413.83,LINE_MODE_10,25.7,Clear
27075351,2020-01-31,23:31:51,Import,CN,PORT_20,CA,820559,M31QXTY,47UR8NX,2695.0,154.0,151.798,LINE_MODE_10,37.3,Clear
83577202,2020-01-31,03:45:22,Import,CN,PORT_20,ES,620640,JPYWYV1,GY0OF1C,248.3,13.0,13.458,LINE_MODE_10,69.9,Clear
97449210,2020-01-31,03:13:30,Import,DE,PORT_39,AT,940180,2ZLRQDY,EOZM7XM,18.0,15.0,15.468,LINE_MODE_10,67.3,Clear
35748302,2020-01-31,20:37:02,Import,JP,PORT_30,ES,390690,VQN5XR0,PF1L1IG,141426.0,2430.0,2394.036,LINE_MODE_40,30.9,Clear
16577241,2020-01-31,01:23:21,Import,US,PORT_20,CL,720827,0WISZX7,8J2DQ1N,613340.7,2037.0,2018.056,LINE_MODE_10,40.6,Clear
90426430,2020-01-31,11:07:10,Import,KR,PORT_20,CL,392310,SYYQ29T,V9D63Q7,94098.88,29405.9,30029.305,LINE_MODE_10,60.7,Clear
26986182,2020-01-31,13:21:42,Import,IT,PORT_16,SD,392690,M5KYBBQ,8MZ8S7Z,12.0,20.0,20.904,LINE_3JLK6O,4.5,Clear
49750988,2020-01-31,01:51:08,Import,CN,PORT_20,RS,680299,BN0RZ6V,R9EVME7,1015.0,50.0,49.61,LINE_MODE_10,41.5,Clear
98630862,2020-01-31,18:39:42,Import,JP,PORT_20,WS,851410,7QSL0OY,R80AEQC,5795400.0,6500.0,6533.8,LINE_MODE_40,44.1,Clear
15062124,2020-01-31,18:19:24,Import,CN,PORT_152,EC,391990,86URLQC,97GWIU8,2.25,22.5,23.398,LINE_30GFAP,98.0,Low Risk
55943121,2020-01-31,08:21:21,Import,CN,PORT_40,PY,071010,7YMJPB6,37YCWFX,8138400.0,24000.0,22816.8,LINE_MODE_10,14.2,Clear
31774363,2020-01-31,02:40:43,Import,AU,PORT_20,GG,720421,S7Q6MDF,HQLL7MV,575776.0,37880.0,37111.036,LINE_MODE_10,33.3,Clear
55783678,2020-01-31,00:55:58,Import,CA,PORT_40,LB,160411,SN8R2AU,5M3SYCZ,9001440.0,700.0,698.04,LINE_MODE_40,38.8,Clear
18053576,2020-01-31,05:48:56,Import,CN,PORT_20,BA,392690,3BFUK83,3K9G9L5,39.0,65.0,64.883,LINE_MODE_10,45.5,Clear
99539534,2020-01-31,15:36:14,Import,CN,PORT_30,ZZ,482369,7GQ4J6F,24ZI9DJ,13814.5,35.0,33.922,LINE_W6UCD9,20.4,Clear
70093211,2020-01-31,14:16:11,Import,TR,PORT_30,GG,620432,9MHWRZ5,UXMK6XV,86592.0,165.0,150.581,LINE_MODE_10,14.4,Low Risk
63188433,2020-01-31,16:08:33,Import,JP,PORT_33,SV,611510,OE3HLQ0,QQCZLLU,465056.8,388.0,437.447,LINE_H35Z1A,43.4,Low Risk
82441096,2020-01-31,08:34:16,Import,CN,PORT_13,AM,390690,6T4H1Q8,SRG4OGH,1056912.0,18160.0,18853.712,LINE_MODE_10,71.9,Clear
75248528,2020-01-31,16:30:08,Import,US,PORT_30,FJ,210390,PL7Y2DQ,18ZMSJ0,5967.0,221.0,225.906,LINE_MWIDNS,61.3,Clear
89348802,2020-01-31,20:18:42,Import,CN,PORT_33,IR,901820,EGT1XQK,9ZYTZ0N,40259.98,7.9,8.178,LINE_MODE_10,69.9,Clear
18224437,2020-01-31,19:12:37,Import,US,PORT_40,IR,901730,7E7ROMP,3GJVKTW,13464.0,30.0,33.631,LINE_MODE_10,41.9,Low Risk
44661799,2020-01-31,12:07:19,Import,CN,PORT_40,GU,680293,DTOMOQN,MOL77XU,181440.0,16800.0,16156.56,LINE_MODE_40,15.4,Clear
59206244,2020-01-31,21:54:44,Import,CN,PORT_13,HN,691410,0N659TO,GZDELZ8,386.1,13.0,11.787,LINE_MWIDNS,13.4,Low Risk
55175951,2020-01-31,02:35:11,Import,CN,PORT_30,LV,300215,FBPDXFF,DZP9PQT,2150.75,0.5,0.493,LINE_MODE_10,37.3,Clear
23566026,2020-01-31,17:43:06,Import,CN,PORT_20,IR,420212,ZVJO0HV,YFIIJH0,6080.9,49.0,50.137,LINE_MODE_10,62.0,Clear
22479087,2020-01-31,04:23:27,Import,CN,PORT_20,MN,071080,DG12KN7,ELM7WPQ,53040000.0,200000.0,203540.0,LINE_MODE_10,58.4,Clear
16915974,2020-01-31,19:16:54,Import,CN,PORT_20,LR,950300,H1JD396,KILND1W,132.72,16.8,17.627,LINE_W6UCD9,7.2,Clear
23453640,2020-01-31,10:54:00,Import,CN,PORT_30,GU,420232,AIWW1ET,GV4KUH5,1206.8,14.0,13.527,LINE_MODE_10,24.4,Clear
38037185,2020-01-31,06:13:05,Import,CN,PORT_20,AT,621290,J4JJJ1C,XGI0V6N,33625.6,284.0,289.311,LINE_BX52LT,53.0,Clear
20480646,2020-01-31,12:40:06,Import,CN,PORT_30,OM,620213,BINA4CT,TMXBWGI,43.8,3.0,3.56,LINE_FDLUKP,57.4,Low Risk
42400662,2020-01-31,23:09:42,Import,SE,PORT_20,PL,901849,96IVBMF,ZXYTJC0,348.48,0.8,0.804,LINE_EIZP3I,44.1,Clear
22355772,2020-01-31,17:08:12,Import,JP,PORT_40,GG,842890,BK6UO0X,PPV74V1,154590.0,15459.0,15462.092,LINE_MODE_40,40.8,Clear
43187433,2020-01-31,20:18:33,Import,CN,PORT_40,PL,950490,PRTVYKD,HN11M2J,163.2,48.0,47.746,LINE_MODE_40,37.2,Clear
39843772,2020-01-31,05:34:52,Import,GB,PORT_20,TH,820411,ZZ0MI35,Z8UMH9A,173.28,5.7,5.701,LINE_MODE_40,40.8,Clear
52320937,2020-01-31,22:27:37,Import,CN,PORT_40,WS,420219,6HBS6C9,ROKKMM3,453.26,26.2,28.021,LINE_MODE_40,116.8,Low Risk
71949819,2020-01-31,01:27:39,Import,CN,PORT_13,BA,950790,WCMJ1WP,NN8EXE8,919.6,38.0,36.165,LINE_MODE_10,14.8,Clear
47332799,2020-01-31,04:43:59,Import,DE,PORT_40,FJ,842121,GKLIYC0,TJW850Z,18584.6,86.0,82.706,LINE_MWIDNS,21.4,Clear
96377894,2020-01-31,17:22:14,Import,ID,PORT_20,MT,630790,9JXHWJ7,EI11V7R,144.44,62.8,62.122,LINE_MODE_10,39.6,Clear
54588584,2020-01-31,15:13:44,Import,HK,PORT_39,EC,910121,AGYJXK2,NWV14OF,200964.56,0.2,0.225,LINE_77BN4M,37.0,Low Risk
76550864,2020-01-31,03:51:44,Import,US,PORT_13,LV,840999,FSIS8ZP,Y353429,1569040.0,100.0,95.42,LINE_MODE_40,10.5,Clear
80859466,2020-01-31,15:13:46,Import,DE,PORT_40,AT,853949,H8JRSLI,088W5GF,1347600.0,800.0,802.56,LINE_MODE_40,42.8,Clear
97177622,2020-01-31,20:19:02,Import,ID,PORT_40,AT,440922,RMNINYE,5CW32CD,1937986.7,7657.0,7849.956,LINE_W6UCD9,57.3,Clear
26975258,2020-01-31,13:15:38,Import,CN,PORT_40,GN,392690,4FTTHB2,3EVLVZQ,23.7,39.5,39.784,LINE_MODE_10,51.4,Clear
39248841,2020-01-31,03:03:21,Import,TW,PORT_40,LR,854232,FXDCYY8,MN6GUJK,472559.07,18.3,18.13,LINE_MODE_10,40.6,Clear
15001388,2020-01-31,05:11:08,Import,CN,PORT_16,GU,851679,0Q0JB3Y,NZYZ967,1665836.8,4267.0,4233.717,LINE_MODE_10,41.5,Clear
89119462,2020-01-31,11:16:22,Import,CN,PORT_20,SD,731816,BBCRK3B,QA2VW8H,155623.65,7980.7,8022.2,LINE_MODE_40,44.1,Clear
40877967,2020-01-31,03:11:27,Import,IN,PORT_40,HN,420292,XIAO4BX,8IEFZMQ,1190.0,20.0,19.554,LINE_VZIZJJ,26.0,Clear
31013188,2020-01-31,10:14:28,Import,JP,PORT_20,KR,750890,Q3ZYHYR,9EU14RO,69773.44,35.2,39.404,LINE_MODE_10,41.5,Low Risk
55952580,2020-01-31,10:23:00,Import,CN,PORT_33,AM,392690,9UBMHV5,M1KX8CL,8.4,14.0,13.947,LINE_MODE_10,44.2,Clear
90226979,2020-01-31,03:46:59,Import,CN,PORT_10,LB,650500,VRGHBBB,ML0RQKK,7.4,2.0,1.943,LINE_MODE_40,22.0,Clear
74509396,2020-01-31,01:19:16,Import,GB,PORT_20,LV,870899,4D5QIOH,TFE02OW,115.5,16.5,18.26,LINE_MODE_10,38.4,Low Risk
51088260,2020-01-31,03:11:00,Import,JP,PORT_40,UZ,847990,BFDJJCD,53Y7C7V,2257.0,10.0,9.123,LINE_MODE_40,8.7,Low Risk
46787143,2020-01-31,00:53:43,Import,AU,PORT_20,OM,020629,RQKL0U3,FQKH1PD,5773880.0,6800.0,6729.96,LINE_MODE_10,39.9,Clear
16088287,2020-01-31,07:50:07,Import,CN,PORT_30,IL,841320,L9X0PE1,UDVRLJM,1694.0,140.0,168.146,LINE_MODE_40,91.3,Low Risk
26861830,2020-01-31,10:17:10,Import,KR,PORT_40,RS,691390,51RX2UZ,6Z6EYFS,52.5,5.0,6.061,LINE_MODE_10,100.9,Low Risk
84113159,2020-01-31,13:29:59,Import,CN,PORT_30,WS,730840,YMTXWV7,K7AI82C,32258.88,389.6,382.47,LINE_MODE_10,34.6,Clear
77466458,2020-01-31,06:35:38,Import,CN,PORT_20,SI,120190,FZ6DM1V,UYZJEYH,16746000.0,60000.0,70046.4,LINE_MODE_10,52.9,Low Risk
80339740,2020-01-31,03:15:40,Import,JP,PORT_30,DJ,611599,OQBSZDG,Y353429,26779.32,131.4,133.529,LINE_MODE_40,51.4,Clear
39229152,2020-01-31,12:11:12,Import,SK,PORT_40,ES,871200,SQTL7TI,02TCAWG,2098.7,6.2,7.298,LINE_H35Z1A,49.2,Low Risk
69336320,2020-01-31,01:25:20,Import,CN,PORT_30,MG,391740,H8JRSLI,4VQJR65,204.9,3.0,3.079,LINE_MODE_40,58.0,Clear
60257458,2020-01-31,23:38:58,Import,PT,PORT_40,CL,611090,3ZH4HX3,PF1L1IG,26.6,7.0,8.172,LINE_MODE_40,46.9,Low Risk
83805776,2020-01-31,06:18:56,Import,CN,PORT_40,SI,630790,LGN9ZMM,EYM2IAG,48.99,21.3,24.253,LINE_MODE_10,46.0,Low Risk
55132550,2020-01-31,17:55:50,Import,KR,PORT_30,CA,711291,9F8UI4D,Z64QME2,2128.72,32.8,31.527,LINE_MODE_10,21.1,Clear
28837191,2020-01-31,08:55:51,Import,CN,PORT_20,TH,650500,8FGTICY,ORZ6CO0,169.4,22.0,21.245,LINE_MODE_10,24.1,Clear
65966203,2020-01-31,04:24:43,Import,US,PORT_20,LR,390110,AH03VRS,DWNJQL8,1449250.0,23375.0,22432.988,LINE_MODE_40,14.1,Clear
46001810,2020-01-31,21:36:50,Import,CN,PORT_40,SI,621430,RUJJ1D5,3QNKH41,26938.8,252.0,259.862,LINE_W6UCD9,61.3,Clear
34990694,2020-01-31,05:22:14,Import,DE,PORT_20,UZ,901920,9GUGTXO,GML7A01,0.0,0.0,0.001,LINE_MODE_10,39.6,Clear
18723229,2020-01-31,16:57:49,Import,CN,PORT_20,KR,590320,W91SJK0,DWNJQL8,858.0,15.0,14.95,LINE_MODE_40,38.5,Clear
11866504,2020-01-31,09:19:04,Import,CN,PORT_13,IL,071080,MOW0ARQ,BGAMLWJ,14073600.0,48000.0,49641.6,LINE_MWIDNS,69.3,Clear
82391580,2020-01-31,02:33:00,Import,AU,PORT_40,TT,970300,YBP0WUP,CAPHLT1,28743.75,112.5,112.072,LINE_MODE_40,38.2,Clear
59653433,2020-01-31,23:31:53,Import,JP,PORT_20,CR,841490,ZG3RN9M,AEJ64VX,2411.5,74.2,73.807,LINE_MODE_10,43.2,Clear
84321249,2020-01-31,07:58:09,Import,TW,PORT_20,NG,292390,2YKLNEX,26TQEAT,11340000.0,18000.0,19833.12,LINE_MODE_10,37.3,Low Risk
91310567,2020-01-31,01:34:47,Import,CN,PORT_40,MG,071080,ALL4QH6,M599HF4,21216000.0,80000.0,71776.8,LINE_MODE_40,24.5,Low Risk
46874332,2020-01-31,22:30:52,Import,CN,PORT_16,LR,701890,A3VXVWG,N6QUWW0,1842.0,30.0,30.606,LINE_MODE_40,54.0,Clear
78898981,2020-01-31,15:39:01,Import,CN,PORT_20,JP,401699,FRFZLVX,SPCQMAV,260.0,20.0,20.414,LINE_MODE_40,54.4,Clear
91297384,2020-01-31,01:27:04,Import,VN,PORT_40,WS,380610,XLE36E8,7PN0VA5,10578600.0,18000.0,20265.12,LINE_MODE_10,43.0,Low Risk
14974260,2020-01-31,11:31:00,Import,JP,PORT_20,BA,470730,05XSCCC,49JW5G2,6765984.0,313240.0,299520.088,LINE_MODE_10,17.8,Clear
10602217,2020-01-31,17:55:37,Import,AE,PORT_40,NO,840734,VSNUSR5,HYNAG6V,43500.0,3000.0,3008.1,LINE_MODE_40,42.5,Clear
96579446,2020-01-31,12:33:26,Import,CN,PORT_20,SD,950699,G75YFBZ,8QOEWI1,16856.0,280.0,283.696,LINE_MODE_10,55.4,Clear
42219481,2020-01-31,14:54:01,Import,CN,PORT_40,HN,847759,4M32Q7F,AC8QOYV,76656.8,24.8,24.073,LINE_MODE_40,21.4,Clear
97212405,2020-01-31,02:26:45,Import,US,PORT_33,BA,300490,4CHS0L0,GIWWOZ6,2808078.0,10101.0,10188.879,LINE_30GFAP,52.4,Clear
73782432,2020-01-31,18:19:12,Import,KR,PORT_40,BG,853669,PRTVYKD,0MGEODU,1047.4,2.0,1.94,LINE_W6UCD9,21.0,Clear
80455656,2020-01-31,22:23:36,Import,CN,PORT_40,FJ,711719,RVGD9MY,7FXU7LM,297.27,8.1,7.761,LINE_MODE_10,19.1,Clear
94190337,2020-01-31,02:10:57,Import,KR,PORT_30,EC,903289,0G8ET1T,UXX1AJX,48.06,0.2,0.209,LINE_MODE_10,74.9,Clear
59557316,2020-01-31,18:37:56,Import,CN,PORT_13,ES,320300,J1QD5ZU,52K909P,2508300.0,1500.0,1542.3,LINE_MODE_40,59.3,Clear
16786250,2020-01-31,10:10:50,Import,MX,PORT_30,PL,850140,XPRWYHL,O9QXSRZ,3915.9,22.9,23.156,LINE_LC6XBR,54.1,Clear
15018951,2020-01-31,10:31:51,Import,CN,PORT_20,KR,854370,I6ZZMA2,8N25YR8,110.0,50.0,49.285,LINE_MODE_10,37.3,Clear
94189425,2020-01-31,22:43:45,Import,CN,PORT_40,LR,920600,4UL0PCZ,788EQVZ,20335.0,350.0,349.545,LINE_BX52LT,45.8,Clear
93923058,2020-01-31,20:32:18,Import,JP,PORT_20,UG,950300,1Q4CLPO,XYJLF67,12036.0,20.0,20.144,LINE_VZIZJJ,51.4,Clear
49856628,2020-01-31,01:51:48,Import,ES,PORT_20,MN,210120,8069BH4,8MZ8S7Z,2017920.0,800.0,777.76,LINE_MODE_10,28.3,Clear
17242920,2020-01-31,13:42:00,Import,CN,PORT_20,CR,560311,5EJ36OK,M31P0RQ,19320.0,100.0,102.62,LINE_MODE_10,64.0,Clear
37654920,2020-01-31,19:42:00,Import,JP,PORT_30,PY,848790,XX5C92P,GGIMWDE,477.6,1.0,1.026,LINE_MODE_10,64.0,Clear
33053795,2020-01-31,19:56:35,Import,CN,PORT_30,PL,382561,9KQBFDU,AFVVDCL,21860844.0,127320.0,105708.703,LINE_MODE_10,30.7,Critical
33723901,2020-01-31,11:01:01,Import,CN,PORT_40,FJ,844331,VECWZ76,N19CS3Z,17347200.0,13000.0,10879.18,LINE_MODE_10,18.6,Critical
27090592,2020-01-31,03:01:52,Import,CN,PORT_40,FJ,850990,UM9PKI9,T31A3E0,747.04,324.8,361.515,LINE_MODE_10,40.0,Low Risk
64338359,2020-01-31,16:29:59,Import,TH,PORT_20,PL,220299,5IIG0EF,QXEKXRD,792960.0,3200.0,3141.44,LINE_MODE_10,34.6,Clear
60203971,2020-01-31,16:35:31,Import,CN,PORT_40,TH,200811,EH9FM1K,ZA03N3Z,445200.0,2000.0,1951.4,LINE_MODE_40,24.7,Clear
19888322,2020-01-31,19:04:02,Import,CN,PORT_40,IR,691390,RIJD5FY,RMCH0MJ,1428.0,136.0,122.259,LINE_MODE_10,28.6,Low Risk
89732973,2020-01-31,17:37:33,Import,DE,PORT_40,CA,621149,OUKTGFT,42VLJD6,1501.9,11.5,11.784,LINE_MODE_10,63.0,Clear
12535418,2020-01-31,18:11:38,Import,US,PORT_20,TH,382499,Y1519MH,HDJRIW8,226.25,18.1,18.592,LINE_MODE_10,64.6,Clear
40217161,2020-01-31,10:42:01,Import,CN,PORT_20,PY,732429,TK9JDOT,F8VJJE0,78240.0,320.0,336.102,LINE_MODE_10,110.6,Low Risk
24024435,2020-01-31,02:27:15,Import,VN,PORT_40,AM,081190,JDSN5L8,2N9FMHR,275400.0,1000.0,1043.7,LINE_H35Z1A,69.5,Clear
68494841,2020-01-31,04:16:41,Import,CN,PORT_40,NG,940320,PSSWFNU,IWSDF6W,13600.0,1600.0,1585.12,LINE_MODE_40,34.6,Clear
83368451,2020-01-31,21:50:11,Import,PT,PORT_13,NO,848180,QSAN0WQ,XM2HZT5,4773.6,81.6,84.513,LINE_MODE_10,70.3,Clear
62418151,2020-01-31,19:38:31,Import,KE,PORT_40,PL,030111,J8Y1ZQI,IRWX7TV,224400.0,60.0,59.142,LINE_VZIZJJ,31.3,Clear
81667967,2020-01-31,11:04:47,Import,CN,PORT_20,DJ,940540,40EARXQ,AMPKG0V,26368.0,2560.0,2296.858,LINE_MWIDNS,24.5,Low Risk
48380383,2020-01-31,03:27:43,Import,US,PORT_16,NO,330499,CNMH296,OWMTX73,35620.0,200.0,180.562,LINE_MODE_10,22.5,Low Risk
75386814,2020-01-31,13:10:54,Import,CN,PORT_16,RS,200599,2J9B0QT,2FZMZJH,1412400.0,22000.0,22642.4,LINE_MODE_40,60.0,Clear
44239496,2020-01-31,23:40:56,Import,US,PORT_40,GU,392092,I4TMQR7,ES6KNJT,145737.0,90.0,93.438,LINE_MODE_10,71.9,Clear
29621827,2020-01-31,03:09:07,Import,CN,PORT_20,AT,842420,WEOSSOA,62RAPC6,1425.0,570.0,597.189,LINE_MODE_10,12.2,Clear
57983020,2020-01-31,09:03:40,Import,IN,PORT_40,CA,392690,G1COJJO,W51HNAM,0.48,0.8,0.781,LINE_MWIDNS,25.0,Clear
32088655,2020-02-01,09:10:55,Import,CN,PORT_33,AM,940161,7YM7N6W,5NFHCYP,1832389.6,2792.0,2886.09,LINE_MODE_10,68.9,Clear
93847231,2020-02-01,13:56:31,Import,CN,PORT_12,LR,482390,JF0CFHM,BBSW4KP,1380.0,150.0,161.148,LINE_0U5L56,2.6,Low Risk
69134566,2020-02-01,18:18:46,Import,CN,PORT_56,BA,732690,UH1ZPRQ,F1LGBY0,37.5,25.0,23.83,LINE_MODE_90,11.8,Clear
97128862,2020-02-01,12:06:22,Import,DE,PORT_110,LR,292090,JHEHLCS,5FL9ZXT,0.0,0.0,0.001,LINE_MODE_40,44.1,Clear
49971335,2020-02-01,19:15:35,Import,CZ,PORT_20,UZ,401110,G553U3V,28UO58X,262738.0,245.0,243.456,LINE_MODE_10,42.5,Clear
30408656,2020-02-01,21:46:56,Import,CN,PORT_40,DJ,847130,X6RS7TL,VS8FTT4,3278770.0,1100.0,1054.02,LINE_MODE_40,13.1,Clear
77324931,2020-02-01,17:44:51,Import,CN,PORT_30,IL,610990,F9JPRE6,4YNG3MB,1000.0,16.0,15.931,LINE_MODE_10,43.9,Clear
45897813,2020-02-01,01:11:33,Import,KR,PORT_30,PG,391990,IIO8O5A,S6FZQXK,6.8,68.0,78.842,LINE_MODE_40,45.0,Low Risk
30945173,2020-02-01,13:00:53,Import,US,PORT_40,NO,950699,QPUDM77,0HC870L,602.0,10.0,10.247,LINE_MODE_10,63.0,Clear
74203941,2020-02-01,04:48:21,Import,US,PORT_40,DJ,850720,JQ41EYY,C287EWX,8318108.4,16413.0,17081.009,LINE_MWIDNS,73.6,Clear
98473014,2020-02-01,02:00:54,Import,FR,PORT_40,OM,330290,TJHH0M6,2KJ756N,25953.0,30.0,30.876,LINE_MODE_10,66.0,Clear
85809392,2020-02-01,20:28:32,Import,CN,PORT_20,TT,391990,4LYFENH,6MVEOWF,1.24,12.4,12.278,LINE_MODE_10,40.2,Clear
27040530,2020-02-01,13:15:30,Import,CN,PORT_140,SI,392610,X9IMQQG,QP6KDLN,112.8,4.8,4.662,LINE_VZIZJJ,27.7,Clear
67276593,2020-02-01,23:44:33,Import,CN,PORT_33,KR,950300,SUR9UJQ,CUHEWAM,10575.6,84.0,85.235,LINE_MODE_10,56.4,Clear
38993280,2020-02-02,23:28:00,Import,CN,PORT_30,MN,680299,7F3SVR6,7I11U37,1015.0,50.0,52.31,LINE_MODE_40,5.2,Clear
82119729,2020-02-02,12:26:09,Import,DE,PORT_30,CR,870323,ZAR1J8Z,BLAYTNJ,22213.0,2290.0,2463.857,LINE_MODE_10,9.2,Low Risk
27887366,2020-02-02,03:25:26,Import,PH,PORT_30,HN,080390,WW4OIQ6,9LLGVNF,3685500.0,35100.0,33457.32,LINE_MODE_40,9.8,Clear
80691269,2020-02-02,16:58:29,Import,CN,PORT_13,CR,940389,4A60R9I,TBJKUE4,22389.6,2946.0,2877.358,LINE_30GFAP,31.3,Clear
98987979,2020-02-02,00:03:39,Import,GB,PORT_33,JP,382200,T456LB9,PMU0W61,0.0,0.0,0.001,LINE_MODE_40,17.7,Low Risk
62535913,2020-02-02,21:33:13,Import,CN,PORT_30,MG,842489,L0OYQCH,FLCRF0Z,1969.6,615.5,562.142,LINE_MODE_10,13.8,Low Risk
95279111,2020-02-02,22:21:11,Import,JP,PORT_40,NG,420229,1ZNY80M,W51HNAM,140.0,3.5,4.069,LINE_MODE_10,51.7,Low Risk
14998117,2020-02-02,11:00:37,Import,US,PORT_20,BR,010619,AUZ21ZB,QEQWZ30,75766.6,7.0,6.669,LINE_W6UCD9,9.5,Clear
86899913,2020-02-02,23:59:53,Import,KR,PORT_30,IL,900120,1D6J1EQ,SBZ0QT4,896.22,2.6,2.482,LINE_MODE_40,10.8,Clear
70852847,2020-02-02,06:52:47,Import,CN,PORT_40,SD,620443,8BYVPT3,DYOSK5L,7176.0,57.5,59.668,LINE_MODE_10,71.6,Clear
75807302,2020-02-02,12:07:02,Import,TH,PORT_20,BG,151311,SRTLKS7,RZM2Z77,13880970.0,4050.0,3990.06,LINE_MODE_10,36.9,Clear
35612649,2020-02-03,21:48:09,Import,IT,PORT_20,CR,442010,MNSX8LH,2YMNBW0,150.0,12.0,11.84,LINE_MODE_10,37.9,Clear
29775615,2020-02-03,04:00:15,Import,CN,PORT_16,UG,481950,9GUGTXO,59AVXF3,1180.53,302.7,288.685,LINE_MODE_10,16.1,Clear
27570311,2020-02-03,06:21:11,Import,CN,PORT_20,JP,940360,UMXD5CK,1NYE9WJ,70290.0,9900.0,9956.43,LINE_MODE_10,50.5,Clear
74061090,2020-02-03,10:31:30,Import,JP,PORT_20,KR,960910,SXWDBNG,R4ZGF06,670.5,89.4,88.613,LINE_MODE_10,40.9,Clear
97768443,2020-02-03,11:42:03,Import,CN,PORT_30,RS,540761,UWNQNO0,J1N2MS8,605977.5,1075.0,1117.678,LINE_MODE_10,72.9,Clear
32912698,2020-02-03,19:52:58,Import,CN,PORT_40,GN,540792,7EQ5F4K,E3Q8ABV,333960.0,550.0,542.96,LINE_MODE_10,38.2,Clear
62151359,2020-02-03,08:59:59,Import,CN,PORT_30,SV,420292,708A72F,GFQ1SLJ,2138.4,88.0,78.708,LINE_MODE_10,33.5,Low Risk
13187996,2020-02-03,10:15:56,Import,JP,PORT_20,GN,401220,8V9TP7G,GV4KUH5,1687760.0,14600.0,14427.72,LINE_MODE_10,38.9,Clear
27388418,2020-02-03,00:01:38,Import,HN,PORT_16,EC,610990,9GWFI8Q,VB68VJQ,18.75,0.3,0.308,LINE_30GFAP,64.6,Clear
62439303,2020-02-03,02:03:03,Import,PL,PORT_16,PY,481950,9QP42DK,QNMVFXR,24246.3,6217.0,6277.305,LINE_MODE_40,47.1,Clear
80597790,2020-02-03,14:16:30,Import,DE,PORT_30,IL,401693,BWRMYHS,O1O5YCD,0.0,0.0,0.001,LINE_MODE_10,73.9,Clear
82228743,2020-02-03,19:07:03,Import,CN,PORT_40,TH,853690,RFVS2HN,3TB06TL,11784.0,16.0,15.835,LINE_W6UCD9,33.9,Clear
77518362,2020-02-03,14:04:42,Import,CN,PORT_40,BA,090421,KQ5I0E6,7MH8864,8249600.0,8000.0,7641.6,LINE_MODE_40,11.1,Clear
28003875,2020-02-03,03:51:15,Import,RU,PORT_20,PL,030633,KN5K2OH,7FXU7LM,2375750.0,2500.0,2559.25,LINE_MWIDNS,62.3,Clear
85941208,2020-02-03,00:01:28,Import,US,PORT_40,LR,291419,PIRJPAS,IS1YATG,3678201.6,3264.0,3205.901,LINE_MODE_10,34.9,Clear
20737164,2020-02-03,10:43:24,Import,DE,PORT_20,SD,390690,QQJZ9MD,VBWF625,20079.0,345.0,399.455,LINE_MODE_10,50.6,Low Risk
27845097,2020-02-03,20:56:57,Import,CN,PORT_30,HN,071080,709VF5M,3L90EU2,26520000.0,100000.0,96270.0,LINE_MODE_10,22.1,Clear
55365131,2020-02-03,19:08:11,Import,RU,PORT_20,NO,870240,HQF9WXY,JUTW0U7,112967905.6,3454.0,3439.148,LINE_MODE_40,37.9,Clear
48168505,2020-02-03,17:48:25,Import,CN,PORT_30,AM,392690,PXURPAB,VC3AC65,6.3,10.5,10.066,LINE_MODE_10,19.4,Clear
27413233,2020-02-03,09:15:13,Import,CN,PORT_30,DJ,340399,IRHXMGG,DV61O8W,7549.5,15.0,16.912,LINE_MODE_50,39.4,Low Risk
19514107,2020-02-03,03:27:07,Import,JP,PORT_20,SV,620333,82B7LHO,QQW2R8V,221.6,2.0,2.338,LINE_MODE_10,53.3,Low Risk
13100027,2020-02-03,08:25:47,Import,CN,PORT_20,AM,732690,JQQRUR3,RZM2Z77,1.5,1.0,1.078,LINE_MODE_10,9.8,Low Risk
21365742,2020-02-03,04:07:42,Import,TH,PORT_40,RS,691200,UCPBR49,QKB4FNW,83525.02,827.8,798.993,LINE_MODE_40,17.7,Clear
37883264,2020-02-03,14:51:44,Import,HK,PORT_20,CR,960610,4WGYEGA,K7AI82C,179.19,9.9,9.447,LINE_MODE_40,10.5,Clear
64161947,2020-02-03,00:17:47,Import,FR,PORT_30,HU,940540,YOIYVTD,9EGGU66,1133.0,110.0,121.554,LINE_MODE_10,38.1,Low Risk
72196187,2020-02-03,08:01:47,Import,SG,PORT_20,OM,350699,H4RZVV0,XLAJ8BM,3718.84,23.9,21.611,LINE_MODE_40,15.4,Low Risk
24034297,2020-02-03,13:03:37,Import,US,PORT_30,CR,902710,YL8OC1R,9VW67YR,52443.6,33.0,31.769,LINE_MODE_50,18.1,Clear
68477423,2020-02-03,04:38:23,Import,IT,PORT_20,IL,620463,K0K3L6U,WLD76VC,184.24,2.8,2.939,LINE_MODE_10,13.5,Clear
17816893,2020-02-03,19:36:13,Import,CN,PORT_40,TH,120190,T7GUNCM,0JAM5RW,11164000.0,40000.0,38588.0,LINE_MODE_10,23.4,Clear
51559827,2020-02-03,14:22:27,Import,US,PORT_20,LR,392119,IRU98NQ,81VO49A,2.5,0.1,0.105,LINE_MODE_10,12.2,Clear
56579661,2020-02-03,21:10:21,Import,US,PORT_20,UZ,020329,UJ81QQO,6ZQTY16,9137614.6,23051.5,22606.606,LINE_MODE_10,34.0,Clear
51703881,2020-02-03,14:47:21,Import,CN,PORT_30,LB,901910,QD86XU7,BXAWPQO,2013.0,110.0,106.777,LINE_MODE_10,27.4,Clear
59389744,2020-02-03,10:13:04,Import,DE,PORT_40,LB,820790,YELC8OQ,GRPFBFO,1656.0,24.0,24.341,LINE_MODE_40,50.1,Clear
28364054,2020-02-03,04:38:14,Import,US,PORT_20,UG,293090,LX5SS32,W3DTH54,9964643.6,9598.0,9686.302,LINE_MODE_10,52.8,Clear
77086080,2020-02-03,04:48:00,Import,CN,PORT_20,SI,560391,APWFHOC,ET4QNSI,242480.0,2800.0,2929.36,LINE_MODE_10,11.2,Clear
60876043,2020-02-03,22:28:43,Import,DE,PORT_30,KR,870332,46VJTCO,R9EVME7,8851710.0,1525.0,1585.542,LINE_MODE_10,72.9,Clear
10765982,2020-02-03,09:05:02,Import,US,PORT_40,GG,470730,G8YVDYY,RBKRC5B,2528388.0,117055.0,122345.886,LINE_MODE_40,4.5,Clear
39467270,2020-02-03,18:27:50,Import,CN,PORT_20,GU,701090,7MKRP2H,SYIKWWV,6004.25,164.5,164.697,LINE_MODE_10,47.5,Clear
21010605,2020-02-03,11:16:45,Import,IN,PORT_20,RS,732690,76IC5TH,8QPPNI0,0.3,0.2,0.202,LINE_MODE_10,52.4,Clear
57692562,2020-02-03,10:54:42,Import,CN,PORT_121,GU,853710,G137UH3,4XD1OX7,240.4,0.8,0.764,LINE_MODE_10,17.1,Clear
66463253,2020-02-03,23:08:53,Import,TW,PORT_20,DJ,850440,CXIRI5V,H9M2VK6,501.4,2.3,2.265,LINE_MODE_10,36.6,Clear
66129557,2020-02-03,08:51:17,Import,CN,PORT_20,GG,200811,5WSXJV6,9YQDA1G,445200.0,2000.0,2065.4,LINE_MODE_10,68.3,Clear
55403224,2020-02-03,14:51:04,Import,DE,PORT_12,UZ,902620,55OSWWA,YRQUMYX,2354.25,1.5,1.349,LINE_MWIDNS,27.8,Low Risk
17364205,2020-02-03,17:03:25,Import,CN,PORT_40,RS,392310,VXR488U,I8I3P5D,4160.0,1300.0,1311.31,LINE_VZIZJJ,46.4,Clear
92221261,2020-02-03,04:17:01,Import,CN,PORT_20,GU,901839,QH6C3BD,ZTQ6S1K,163.05,0.5,0.49,LINE_MODE_10,34.0,Clear
93319705,2020-02-03,07:48:25,Import,CN,PORT_40,AT,850940,QH5MBT9,9PWASZZ,12105791.12,9300.7,8916.581,LINE_W6UCD9,13.4,Clear
83448697,2020-02-03,05:03:37,Import,CN,PORT_20,MT,640419,EZPJ2HR,FEWKRDI,2319.6,12.0,10.893,LINE_MODE_10,18.5,Low Risk
92978481,2020-02-03,23:57:21,Import,US,PORT_40,TT,780200,4PAQLKC,MB06XRW,12521685.0,18150.0,17618.205,LINE_MODE_40,21.4,Clear
53705245,2020-02-03,15:47:25,Import,DK,PORT_30,NO,300290,RRO4H7A,FLCRF0Z,35320.32,37.8,37.373,LINE_MODE_10,39.2,Clear
35781178,2020-02-03,00:40:58,Import,JP,PORT_30,BR,281122,RH9BDB6,HH7MM42,28110.0,300.0,314.16,LINE_MODE_10,11.8,Clear
66618536,2020-02-03,00:04:56,Import,CN,PORT_40,NG,200899,YWKV6EI,DWNJQL8,1005390.5,23995.0,24431.709,LINE_MWIDNS,52.7,Clear
44389072,2020-02-03,16:09:52,Import,TH,PORT_20,PG,382499,IJWLMYP,U6M3MMS,65000.0,5200.0,4941.04,LINE_MODE_10,13.8,Clear
41320417,2020-02-03,14:45:37,Import,CN,PORT_20,KR,854442,YQP2SA7,NEYOF8J,26992.22,484.6,485.908,LINE_MODE_10,48.5,Clear
52748735,2020-02-03,22:45:35,Import,JP,PORT_20,FJ,390210,Q6Y9IPX,MB06XRW,23080.0,200.0,198.74,LINE_MODE_10,42.5,Clear
57078905,2020-02-03,07:35:05,Import,CN,PORT_30,HN,650500,80I7I36,7MDCIUF,409.5,35.0,33.554,LINE_VZIZJJ,19.4,Clear
25894938,2020-02-03,11:50:18,Import,DE,PORT_20,ES,560393,8XGKE9N,HBJXEK9,4053.3,177.0,160.107,LINE_MODE_10,21.1,Low Risk
14876974,2020-02-03,15:33:34,Import,US,PORT_20,CR,820750,Z87M9KM,YQW9Y8U,3020.76,10.8,11.331,LINE_MODE_40,7.2,Clear
23068300,2020-02-03,22:31:40,Import,CN,PORT_20,OM,630690,QK15HYK,FI3LRIW,3224.0,124.0,128.489,LINE_MODE_10,70.6,Clear
87279453,2020-02-03,00:05:33,Import,KH,PORT_40,RS,640192,B1NV979,548F7SO,45930.88,68.8,67.747,LINE_MODE_10,36.6,Clear
83498597,2020-02-03,17:35:17,Import,CN,PORT_30,LB,292419,M0THTD5,QM2V2ZC,725760.0,1800.0,1822.86,LINE_MODE_10,55.1,Clear
18732732,2020-02-03,18:44:12,Import,US,PORT_40,KR,382499,AEOVSOK,DWNJQL8,377831.25,30226.5,30837.075,LINE_MODE_40,54.0,Clear
71377319,2020-02-03,19:45:59,Import,CN,PORT_30,LV,850110,3QU7524,ES6KNJT,604688.0,280.0,280.476,LINE_MODE_40,41.8,Clear
58869423,2020-02-03,10:25:03,Import,CN,PORT_30,TH,392690,FXK6G7Q,TC1N0W1,21.0,35.0,36.74,LINE_MODE_10,13.5,Clear
14833253,2020-02-03,17:28:53,Import,CN,PORT_20,MT,940180,BES92ZL,Y9UY9F9,429.6,358.0,392.168,LINE_MODE_10,35.8,Low Risk
38879296,2020-02-03,04:04:16,Import,US,PORT_40,GG,630790,N5DS9AV,RAC286Z,0.23,0.1,0.106,LINE_MODE_40,112.3,Low Risk
39329887,2020-02-03,07:50:07,Import,IT,PORT_40,SI,520929,XBI2NIX,34H9C3L,1132889.7,326.5,392.14,LINE_MODE_40,91.3,Low Risk
58963289,2020-02-03,17:25:29,Import,JP,PORT_20,NG,151800,GXFV0QR,VH839QU,19416501.0,102570.0,99154.419,LINE_MODE_10,24.7,Clear
72931720,2020-02-03,13:28:40,Import,DE,PORT_20,BG,853710,QWEZAXC,XYJLF67,120.2,0.4,0.417,LINE_MWIDNS,106.0,Low Risk
82658548,2020-02-03,12:10:28,Import,CN,PORT_39,PY,850152,40MELTH,3EVLVZQ,1479.09,104.9,106.18,LINE_W6UCD9,48.7,Clear
96375755,2020-02-03,01:22:35,Import,CN,PORT_20,SD,401691,MG77MTE,DO53W0X,10465.2,1836.0,1806.073,LINE_MODE_10,35.9,Clear
63484603,2020-02-03,03:04:43,Import,CN,PORT_20,IR,940430,Q3ZYHYR,7PN0VA5,330363.6,1876.0,1800.397,LINE_MODE_40,14.1,Clear
96631545,2020-02-03,21:05:45,Import,CN,PORT_40,CL,846791,78DUP7Q,OQY4ZUC,374034.0,380.0,403.986,LINE_MODE_40,112.8,Low Risk
79412152,2020-02-03,08:47:52,Import,CN,PORT_20,CL,853921,Z0POGQ4,GRPFBFO,1357650.0,1500.0,1515.3,LINE_MODE_40,47.4,Clear
51698646,2020-02-03,12:20:06,Import,CN,PORT_30,OM,847130,AD6QE0O,1XCM1XF,7153.68,2.4,2.432,LINE_W6UCD9,49.4,Clear
41613078,2020-02-03,21:59:18,Import,CN,PORT_30,PG,391910,WPVTUQ4,U4EHPQK,27225.0,2178.0,2171.902,LINE_MODE_10,44.8,Clear
37391466,2020-02-03,18:07:06,Import,CN,PORT_30,WS,846693,WC7WJ8R,SPNQCD4,1123.67,35.9,41.452,LINE_MODE_40,43.8,Low Risk
86869856,2020-02-03,01:26:56,Import,IT,PORT_20,IL,940169,XFJ9MMF,E3Q8ABV,3733.6,52.0,49.826,LINE_MODE_10,19.1,Clear
36783235,2020-02-03,05:13:55,Import,IT,PORT_30,UZ,420221,1ZNY80M,EBAHJLA,616.0,20.0,20.874,LINE_MODE_10,75.5,Clear
98225807,2020-02-03,02:28:47,Import,CN,PORT_16,OM,620433,H8JRSLI,F3NY2H3,251.4,1.0,0.958,LINE_MODE_40,12.8,Clear
47950990,2020-02-03,12:23:10,Import,CN,PORT_33,HU,392690,XQ5HWWS,B6C4G68,630.0,1050.0,1093.26,LINE_MODE_40,67.9,Clear
78696672,2020-02-03,07:23:12,Import,US,PORT_13,UG,854231,GE38ROO,3EVLVZQ,202.82,0.1,0.095,LINE_W6UCD9,13.8,Clear
46386897,2020-02-03,11:26:57,Import,JP,PORT_40,DJ,391590,4Q2HAAG,NI6FIGR,0.0,26840.0,25838.868,LINE_MWIDNS,16.1,Clear
65269705,2020-02-03,00:08:25,Import,TW,PORT_30,IR,901920,0462R1V,EEJ7JVC,213800.86,110.6,106.032,LINE_MODE_10,19.4,Clear
31913694,2020-02-03,17:18:54,Import,CN,PORT_20,KR,521041,TKQVGNK,58TMWK4,671328.0,756.0,747.835,LINE_MODE_40,33.6,Clear
98775374,2020-02-03,03:20:14,Import,CN,PORT_20,RS,392690,7YKT823,R5P6P4N,79.5,132.5,139.019,LINE_MWIDNS,7.2,Clear
78814366,2020-02-03,03:08:46,Import,US,PORT_40,CL,621149,YT15YJX,8QOEWI1,13.06,0.1,0.095,LINE_W6UCD9,9.8,Clear
75737116,2020-02-03,14:21:16,Import,JP,PORT_20,NG,320417,0KEG4YY,TJR7GHQ,1437840.0,1200.0,1233.84,LINE_MODE_40,59.3,Clear
20976082,2020-02-03,14:33:22,Import,CN,PORT_16,ES,392410,0BH6X9J,1V04ILJ,126.0,90.0,89.568,LINE_MODE_10,43.5,Clear
42933963,2020-02-03,19:54:03,Import,CN,PORT_20,TT,830610,VFSS5S8,Z64QME2,442.1,1.0,0.98,LINE_MODE_10,33.3,Clear
69462326,2020-02-03,08:01:26,Import,CN,PORT_20,KR,851712,DBAPDFE,HON3YW0,29078.8,2.0,1.801,LINE_MODE_10,24.6,Low Risk
28827640,2020-02-03,18:20:40,Import,CN,PORT_30,CL,854140,G1GT3NO,A3CH2RO,24686.82,120.6,116.524,LINE_MODE_10,24.4,Clear
45801966,2020-02-03,14:22:06,Import,DE,PORT_40,PG,847990,88Z2B1G,CTJOU4K,14163584.0,10880.0,10370.816,LINE_W6UCD9,9.8,Clear
90963371,2020-02-03,19:32:11,Import,CN,PORT_40,CL,490199,NUZUD5H,IUW8U8Z,1085.4,6.7,6.021,LINE_MODE_10,28.9,Low Risk
24513439,2020-02-03,15:21:19,Import,CN,PORT_30,WS,901910,1MJUHRK,CSUK3BM,12828.3,701.0,730.232,LINE_MODE_10,74.2,Clear
93148437,2020-02-03,20:45:57,Import,KR,PORT_40,RS,847990,3DDM3YG,PF1L1IG,10495.05,46.5,52.128,LINE_MWIDNS,35.9,Low Risk
82325825,2020-02-03,20:37:05,Import,JP,PORT_20,UZ,390210,WFZCYYU,H2G19HJ,577.0,5.0,5.701,LINE_VZIZJJ,46.4,Low Risk
38636807,2020-02-03,09:58:47,Import,US,PORT_40,HN,854231,UQS520K,XZMAM0B,202.82,0.1,0.096,LINE_MODE_40,12.8,Clear
60516239,2020-02-03,10:47:59,Import,CN,PORT_20,HN,731210,O8SB0HD,3L90EU2,415502.0,40340.0,42022.178,LINE_MODE_10,74.2,Clear
34114702,2020-02-03,20:10:22,Import,US,PORT_20,UG,382200,X5X061Z,HO31IMH,549.88,0.4,0.394,LINE_MODE_10,36.9,Clear
77175857,2020-02-03,09:16:17,Import,CN,PORT_40,MT,640419,72J5UNB,NMUDCWY,12586.6,47.0,46.187,LINE_MODE_10,35.3,Clear
11806228,2020-02-03,10:58:28,Import,US,PORT_40,SV,950629,W60I0DA,PF1L1IG,66176.0,160.0,144.17,LINE_MODE_40,18.0,Low Risk
41944726,2020-02-03,17:34:46,Import,KR,PORT_16,LR,903180,CCTG0NA,NJQDAZU,157.0,5.0,4.502,LINE_MODE_10,24.6,Low Risk
41079787,2020-02-03,09:55:07,Import,CN,PORT_20,ZZ,121190,0HPOW52,CAMN5SR,2108880.0,7200.0,6510.312,LINE_MODE_40,15.4,Low Risk
74249620,2020-02-03,15:33:40,Import,US,PORT_40,TH,870431,TPT1WPG,DWNJQL8,25740.0,2200.0,2147.64,LINE_MODE_40,25.0,Clear
70549952,2020-02-03,21:44:32,Import,JP,PORT_20,MG,848180,YIIADKE,A99NNIP,151281.0,2586.0,2612.377,LINE_MODE_40,47.4,Clear
41310660,2020-02-03,23:11:00,Import,CN,PORT_40,JP,610910,EHXQG9A,9U6MSKB,2137.2,137.0,130.999,LINE_W6UCD9,11.8,Clear
78626035,2020-02-03,12:13:55,Import,DE,PORT_40,SV,950300,LPHFCHL,ZKTF3JA,208.76,1.7,1.854,LINE_MODE_40,68.4,Critical
50624834,2020-02-03,08:11:14,Import,CN,PORT_20,RS,293890,86URLQC,A2Z9ZV0,4220.58,1.3,1.325,LINE_MODE_50,55.4,Clear
64433282,2020-02-03,08:40:02,Import,CN,PORT_40,BR,070310,Z7L90W6,ITR6AJU,4545600.0,48000.0,47769.6,LINE_MODE_40,37.5,Clear
78413792,2020-02-03,22:08:32,Import,DE,PORT_20,MG,901819,MGYP8DU,Y9H9POV,8191.1,10.1,10.001,LINE_MODE_10,40.2,Clear
30424170,2020-02-03,17:09:30,Import,LK,PORT_30,LB,210390,N8YSMNR,4M7AXRQ,12960.0,480.0,456.576,LINE_MODE_40,8.5,Clear
84565538,2020-02-03,02:33:38,Import,KR,PORT_62,BR,731100,8Q1FTFA,AJ2PV6I,18807.9,213.0,206.014,LINE_MODE_10,25.0,Clear
69652970,2020-02-03,07:22:50,Import,CN,PORT_40,BG,732690,SIU6SDL,L2SX065,75.0,50.0,47.56,LINE_MODE_10,14.5,Clear
47910084,2020-02-03,06:45:24,Import,TH,PORT_16,PG,850300,FG4V5N2,UXMK6XV,11835.0,131.5,137.312,LINE_MODE_40,69.9,Clear
75449758,2020-02-03,15:43:58,Import,CN,PORT_40,SI,531090,ODQ5JMM,L5O5QRO,82269.6,168.0,153.142,LINE_MODE_10,15.3,Low Risk
13336365,2020-02-03,07:32:45,Import,JP,PORT_30,KE,620459,C8R2Q11,818J1DT,3942.54,5.4,5.555,LINE_MODE_10,65.6,Clear
64913106,2020-02-03,07:01:06,Import,CN,PORT_40,IR,392690,NBCWC3M,1XCM1XF,2.4,4.0,3.933,LINE_MODE_40,29.6,Clear
47678330,2020-02-03,07:18:50,Import,MY,PORT_40,MT,620342,HPBSREF,OPOPEJF,197461.8,717.0,696.35,LINE_W6UCD9,21.7,Clear
21015221,2020-02-03,19:29:41,Import,IN,PORT_40,UZ,292159,OMIX4C2,DWNJQL8,20936400.0,12000.0,12008.4,LINE_MWIDNS,41.2,Clear
58997708,2020-02-03,10:23:08,Import,TW,PORT_20,RS,392310,TTGADGP,MI1KS3L,16.0,5.0,5.161,LINE_MODE_10,67.9,Clear
21247839,2020-02-03,09:34:39,Import,US,PORT_20,AM,901890,05XSCCC,LMC1PUK,25.15,0.5,0.521,LINE_MODE_10,74.2,Clear
41290918,2020-02-03,15:09:58,Import,TW,PORT_16,PL,940290,ATN7L6F,FS0BN02,22570.0,14.8,14.463,LINE_VZIZJJ,25.6,Clear
69297420,2020-02-03,21:17:00,Import,TW,PORT_40,PL,844820,0YE2UXN,249LO7A,242.15,0.5,0.488,LINE_MODE_40,25.0,Clear
62114042,2020-02-03,04:26:02,Import,JP,PORT_20,BA,844842,JNAE842,LLLANME,20495.3,23.0,23.35,LINE_MODE_10,56.7,Clear
99768950,2020-02-03,08:55:50,Import,CN,PORT_30,CR,610832,CTPJ32S,QSQVHY9,174812.24,346.3,332.864,LINE_MODE_10,21.1,Clear
46440282,2020-02-03,21:16:42,Import,KR,PORT_30,MG,961620,SX3APCD,BVB0RQJ,72.16,2.2,2.189,LINE_MODE_10,43.5,Clear
21504705,2020-02-03,16:31:45,Import,CN,PORT_20,BR,940599,23R5OKH,CNOY2KI,7934.4,232.0,222.418,LINE_MODE_40,13.4,Clear
95986082,2020-02-03,05:20:02,Import,CN,PORT_62,MN,290544,ZMDOJGK,KPXDXSH,39760000.0,100000.0,99520.0,LINE_VZIZJJ,43.5,Clear
73027539,2020-02-03,04:49:39,Import,CN,PORT_30,ES,520949,LO774WZ,5HC6ZZD,204325.0,50.0,55.892,LINE_MODE_10,41.1,Low Risk
46492697,2020-02-03,06:10:17,Import,CN,PORT_40,BG,761699,1L63DV4,87TO3QR,1762.5,141.0,127.987,LINE_G6VT54,12.5,Low Risk
79889899,2020-02-03,01:42:19,Import,CN,PORT_30,SD,392690,GPSZSX8,QBCWXDO,19.2,32.0,37.819,LINE_MODE_10,56.3,Low Risk
31699917,2020-02-03,07:43:57,Import,CN,PORT_30,MT,392690,VC4SSHN,N9WM9DW,9.3,15.5,14.767,LINE_MODE_10,15.5,Clear
78606039,2020-02-03,14:24:39,Import,DE,PORT_30,BR,382200,56PFU8Q,GVN5WD9,48473.0,10.0,10.417,LINE_MODE_10,74.2,Clear
99034488,2020-02-03,10:22:48,Import,KR,PORT_40,SD,920590,YMIF3BE,K8Q2GYD,67170.0,50.0,52.11,LINE_MODE_10,74.5,Clear
96967497,2020-02-03,13:36:57,Import,CN,PORT_62,UZ,551512,EF4YJQB,ZQ87QNG,938.6,722.0,695.069,LINE_MODE_10,22.1,Clear
63642104,2020-02-03,02:05:44,Import,US,PORT_30,KR,851712,LSW3ZF8,23RIU88,29078.8,2.0,2.068,LINE_MODE_10,69.3,Clear
94666358,2020-02-03,20:20:38,Import,CN,PORT_30,IL,071290,3323203,8R9C87H,8916500.0,8500.0,8136.2,LINE_W6UCD9,12.4,Clear
20849687,2020-02-03,21:06:47,Import,CN,PORT_40,SV,620432,1KNFE75,FVI4U22,14169.6,27.0,27.478,LINE_MWIDNS,52.4,Clear
18817247,2020-02-03,16:32:47,Import,CN,PORT_40,HN,920999,ZGA1MB5,9BQ4WDX,6887.5,72.5,75.233,LINE_MODE_40,65.6,Clear
32855497,2020-02-03,23:23:37,Import,CN,PORT_20,CA,640299,XWSG9U3,TCNDGUN,2669.0,10.0,9.627,LINE_MODE_10,22.1,Clear
21656520,2020-02-03,15:42:00,Import,CN,PORT_40,PG,680223,PCW8KX7,WY7YBRP,402752.0,9920.0,10179.904,LINE_MWIDNS,58.0,Clear
78663035,2020-02-03,01:10:35,Import,IT,PORT_20,PL,420222,5D6JEOZ,7JUUMOF,3393.0,10.0,10.437,LINE_MODE_10,75.5,Clear
16314587,2020-02-03,21:21:47,Import,CN,PORT_20,PG,940599,ZTRL2JH,LCDMQZL,6840.0,200.0,193.54,LINE_MODE_10,25.4,Clear
31206657,2020-02-03,10:42:57,Import,CN,PORT_40,IL,581092,1C7M4YL,1XCM1XF,5230.0,10.0,8.937,LINE_MODE_40,28.3,Low Risk
92012600,2020-02-03,04:23:20,Import,CN,PORT_20,PL,731512,KH39Z8W,WDP4A1D,5375.0,250.0,246.55,LINE_MODE_40,31.6,Clear
99586359,2020-02-03,02:16:39,Import,BD,PORT_20,LB,620444,WQX79JN,C5CFNZ1,2105.87,1.3,1.163,LINE_MODE_40,27.5,Low Risk
35876200,2020-02-03,16:16:40,Import,CN,PORT_70,CL,870899,0Z3J3UK,2N9FMHR,3994.9,570.7,627.907,LINE_FTHR76,30.9,Low Risk
61789041,2020-02-03,16:13:21,Import,JP,PORT_16,SV,702000,49PMUN4,K4HBVBP,88569.6,48.0,47.554,LINE_MODE_40,34.6,Clear
55542764,2020-02-03,04:16:44,Import,KR,PORT_20,NO,392310,DFORID1,7YOSHYM,179.2,56.0,56.235,LINE_MODE_40,43.5,Clear
47498870,2020-02-03,17:27:50,Import,CN,PORT_30,ZZ,950300,68XL16L,30MD25Z,27583.16,45.1,51.786,LINE_MODE_10,48.3,Low Risk
62759500,2020-02-03,15:51:40,Import,CN,PORT_10,TT,871200,XE08QFH,AFVVDCL,14927.85,44.1,45.696,LINE_MODE_40,64.6,Clear
83303024,2020-02-03,07:27:44,Import,CN,PORT_16,SD,851290,WZJHX2Y,YHINKXM,36420.4,332.0,323.434,LINE_MODE_10,29.7,Clear
13994093,2020-02-03,00:22:53,Import,CN,PORT_20,JP,870899,HGCLE8M,OOHVJZ2,935.2,133.6,121.083,LINE_MODE_10,19.6,Low Risk
42213198,2020-02-03,20:41:18,Import,US,PORT_40,NG,320730,X2H7XDG,AR291OX,4880.0,0.8,0.849,LINE_MODE_10,117.2,Low Risk
12748034,2020-02-03,14:51:14,Import,CN,PORT_40,PL,940530,R9VC61Y,WPE9IK0,119700.0,750.0,764.4,LINE_MODE_10,59.4,Clear
11485946,2020-02-03,19:28:26,Import,CN,PORT_33,JP,960610,ZLVC8D7,PMU0W61,2380.15,131.5,126.661,LINE_MODE_10,22.4,Clear
21571283,2020-02-03,11:09:23,Import,CN,PORT_30,LR,392690,EX195F7,DUTUJOM,10.2,17.0,17.335,LINE_MODE_40,53.7,Clear
50572371,2020-02-03,10:28:51,Import,DE,PORT_20,LV,870323,VLB3BAI,E3Q8ABV,21340.0,2200.0,2146.54,LINE_MODE_10,30.7,Clear
44659109,2020-02-03,08:02:29,Import,CN,PORT_30,KR,392640,3QP5HIS,QREZCYC,2718.3,697.0,666.82,LINE_MODE_10,18.1,Clear
46331883,2020-02-03,19:46:03,Import,CN,PORT_40,LV,940161,OVEG06X,DZ1SHIO,36920.8,2429.0,2476.851,LINE_MODE_40,53.7,Clear
45451549,2020-02-03,09:29:49,Import,JP,PORT_39,FJ,820559,PRTVYKD,WTINW6E,35.0,2.0,2.12,LINE_MODE_40,110.7,Low Risk
72514028,2020-02-03,04:55:08,Import,CN,PORT_33,LR,210390,1XEIAPB,WQ5Z1KI,27000.0,1000.0,972.2,LINE_XBN95M,22.3,Clear
95380469,2020-02-03,01:18:29,Import,IT,PORT_40,SV,420211,5A3B9ID,GMDPWDZ,1542.9,1.5,1.465,LINE_MODE_40,25.3,Clear
66952907,2020-02-03,23:33:47,Import,KR,PORT_20,TH,880330,1ZNY80M,E3Q8ABV,52054.2,22.0,22.169,LINE_MODE_10,51.8,Clear
34581487,2020-02-03,08:50:07,Import,IT,PORT_20,SD,420231,W2MRIVJ,7PN0VA5,2497.4,2.0,2.035,LINE_MODE_10,58.4,Clear
92503208,2020-02-03,01:28:08,Import,MD,PORT_40,HN,620292,206WMTU,DWNJQL8,46070.88,32.8,32.216,LINE_MWIDNS,28.9,Clear
39517650,2020-02-03,15:07:30,Import,CN,PORT_20,IR,701328,46Z0RUO,3S1TDKN,200706.0,220.0,222.464,LINE_MODE_10,54.1,Clear
90273333,2020-02-03,23:43:33,Import,CN,PORT_20,LB,392640,3UIAP66,9NYCNN2,932.1,239.0,249.683,LINE_MODE_40,4.2,Clear
64876743,2020-02-03,23:07:03,Import,JP,PORT_40,MN,620431,7TNR681,30KWO4D,8836.0,10.0,9.897,LINE_MODE_10,39.9,Clear
32515085,2020-02-03,04:18:05,Import,CN,PORT_20,FJ,620630,QHYVP52,MB06XRW,442.0,2.0,1.807,LINE_MODE_10,22.0,Low Risk
77311594,2020-02-03,18:30:34,Import,CN,PORT_20,DJ,640299,OSH5JJY,0BZ1F16,40914.4,398.0,413.602,LINE_MODE_10,72.6,Clear
31419416,2020-02-03,06:32:56,Import,MP,PORT_40,OM,720410,DWFY260,JIHZF3K,702668.0,72440.0,70860.808,LINE_MODE_10,32.3,Clear
70741273,2020-02-03,12:49:13,Import,US,PORT_30,ZZ,902720,MRKDBBZ,MGQOU5F,0.0,0.0,0.001,LINE_MODE_10,30.0,Clear
98782565,2020-02-03,11:56:05,Import,CN,PORT_40,EC,621149,TD44ET1,BHNZR8F,2011.24,15.4,16.126,LINE_MODE_10,108.6,Low Risk
58432139,2020-02-03,03:52:59,Import,JP,PORT_40,EC,401220,967QK7Q,ZSZH94T,1736312.0,15020.0,14895.334,LINE_MODE_10,41.2,Clear
53480590,2020-02-03,12:23:10,Import,CN,PORT_20,LV,640299,RCBLCFH,LK7SHVG,40914.4,398.0,414.398,LINE_MODE_40,67.9,Clear
30261095,2020-02-03,00:11:35,Import,KR,PORT_30,HN,903190,N7QY68Z,584WE73,520.0,40.0,40.548,LINE_MODE_10,55.7,Clear
64444340,2020-02-03,14:32:20,Import,CN,PORT_40,GN,940169,FWVNMKK,ONKQE2Z,290790.0,4050.0,4115.61,LINE_MODE_40,51.4,Clear
61440305,2020-02-03,19:05:05,Import,CN,PORT_20,HU,950300,1ZNY80M,E3Q8ABV,159.6,14.0,13.422,LINE_MODE_10,19.4,Clear
38749592,2020-02-03,12:18:32,Import,JP,PORT_20,HU,710122,IQMKGO0,MOUEHRE,5245.16,0.4,0.396,LINE_MODE_10,40.2,Clear
54095882,2020-02-03,17:10:02,Import,DE,PORT_40,FJ,611090,206WMTU,5M3SYCZ,38.0,10.0,11.29,LINE_W6UCD9,37.8,Low Risk
93500471,2020-02-03,16:17:11,Import,CN,PORT_16,MG,420212,QJXTKV6,Z39L0TW,21827.7,307.0,314.89,LINE_W6UCD9,57.7,Clear
68426326,2020-02-03,05:34:46,Import,DE,PORT_40,PL,900290,S4UAHT7,LJ2J4PE,186.68,0.4,0.36,LINE_MODE_40,18.6,Low Risk
25393270,2020-02-03,02:21:10,Import,JP,PORT_40,UG,440719,7ONZAFX,5U5EWL2,4619916.0,22680.0,22707.216,LINE_MODE_40,41.5,Clear
81970285,2020-02-03,19:11:25,Import,JP,PORT_40,AT,852910,V6HFDOF,Q3LZY60,7066.94,45.8,44.366,LINE_MODE_10,26.0,Clear
17637450,2020-02-03,01:17:30,Import,TW,PORT_20,TT,848690,PCW8KX7,4BL4AQW,916.8,1.6,1.618,LINE_W6UCD9,48.1,Clear
83296863,2020-02-03,03:49:03,Import,CN,PORT_30,TH,610990,07N1BC5,O2ABSBJ,793.75,12.7,13.077,LINE_MODE_10,66.3,Clear
26364271,2020-02-04,20:40:31,Import,CN,PORT_40,GN,940360,RLT36L6,UTNPOCA,11925.0,50.0,52.116,LINE_MODE_40,99.5,Low Risk
11310289,2020-02-04,09:48:49,Import,CN,PORT_30,WS,030389,4V0MQHC,H4MPZJG,9079400.0,22000.0,21267.4,LINE_MODE_10,24.7,Clear
62617138,2020-02-04,23:06:58,Import,JP,PORT_40,BG,392690,JHEHLCS,XB1N3XB,0.18,0.3,0.29,LINE_MODE_40,19.0,Clear
58950464,2020-02-04,10:51:44,Import,DE,PORT_30,JP,482110,M5KYBBQ,KWSE1HX,1.1,1.0,0.954,LINE_MODE_10,16.5,Clear
45936406,2020-02-04,22:22:46,Import,JP,PORT_20,BG,950631,8E8TFOT,9PFE81R,259500.0,600.0,619.92,LINE_MODE_40,62.6,Clear
75170731,2020-02-04,06:01:31,Import,US,PORT_30,SI,950699,OQGTRGJ,KILND1W,2209.34,36.7,36.542,LINE_MODE_10,43.9,Clear
80283372,2020-02-04,04:08:12,Import,CN,PORT_20,UG,392690,M2IKTBG,XTUE0ZF,23.7,39.5,39.508,LINE_MODE_10,46.8,Clear
32670771,2020-02-04,13:48:51,Import,CH,PORT_20,MT,910121,OJ8JGTP,XR5898F,100482.28,0.1,0.098,LINE_MODE_10,30.7,Clear
38772092,2020-02-04,06:33:32,Import,CN,PORT_20,MG,330499,2WC1CU0,UVOV64K,89.05,0.5,0.52,LINE_MODE_10,73.2,Clear
72660153,2020-02-04,15:10:33,Import,NL,PORT_20,PG,110710,G553U3V,QANXX3L,969600.0,24000.0,24832.8,LINE_EIZP3I,63.6,Clear
77996501,2020-02-04,15:37:41,Import,IT,PORT_20,IR,481141,83B263O,9ITUSWV,254714.88,11371.2,10924.312,LINE_MAD31N,14.8,Clear
72770728,2020-02-04,21:33:28,Import,CN,PORT_40,BG,030192,MXTE23R,2VMP0LG,28875860.0,6392.0,6533.902,LINE_MODE_10,61.3,Clear
87127287,2020-02-04,18:13:27,Import,CN,PORT_33,WS,850300,N5HMX7O,7TTJVAJ,66476.8,94.0,112.898,LINE_MODE_10,97.3,Low Risk
26982472,2020-02-04,12:59:52,Import,DE,PORT_20,TH,902620,PCW8KX7,V7U393R,851296.8,542.4,515.388,LINE_MODE_10,13.8,Clear
95336151,2020-02-04,08:51:51,Import,VN,PORT_40,AM,610910,MG77MTE,FDI2ZWJ,15.6,1.0,1.099,LINE_MODE_40,30.5,Low Risk
29048579,2020-02-04,01:46:59,Import,KR,PORT_20,TH,760200,45OO4EZ,ENOFB3G,2214.8,226.0,219.604,LINE_MODE_40,22.0,Clear
33469409,2020-02-04,07:47:29,Import,US,PORT_40,TH,230330,UF5Q5YG,QYJPF6V,42004134.8,390373.0,392988.499,LINE_MODE_40,45.1,Clear
34505403,2020-02-04,14:38:03,Import,US,PORT_40,CL,392410,708A72F,JVZU43E,2057.44,1469.6,1337.057,LINE_MODE_40,10.7,Low Risk
92840850,2020-02-04,19:07:30,Import,CN,PORT_10,SI,851762,4H05SGF,ESQOH3Y,754.0,5.2,5.258,LINE_MODE_90,50.1,Clear
81822420,2020-02-04,12:27:00,Import,JP,PORT_20,WS,294190,3I8OWQZ,TWDFP50,6831.27,0.9,0.808,LINE_MODE_10,29.3,Low Risk
57326905,2020-02-04,17:48:25,Import,JP,PORT_20,LB,854449,6NOJ404,30H29WY,1015.04,3.2,2.914,LINE_MODE_10,16.2,Low Risk
79640004,2020-02-04,04:37:24,Import,US,PORT_40,IR,390140,BES92ZL,QAPTCZY,2787840.0,19800.0,19487.16,LINE_MODE_40,30.3,Clear
46863336,2020-02-04,03:11:36,Import,ES,PORT_20,JP,640359,R3GSSYM,4ZAWY7C,6838.0,10.0,12.026,LINE_MODE_10,97.9,Low Risk
55657700,2020-02-04,13:48:20,Import,CN,PORT_10,IR,841381,1B8OI0L,QH7XJKJ,9143.4,294.0,311.381,LINE_MODE_40,110.2,Low Risk
88131047,2020-02-04,06:22:47,Import,KR,PORT_40,CL,630790,5IIG0EF,A7BJQWF,87.4,38.0,39.433,LINE_MODE_10,71.6,Clear
84615733,2020-02-04,06:50:13,Import,CZ,PORT_10,LR,853690,E8WLELW,KXFBS1E,1545.46,8.3,8.671,LINE_MODE_10,10.2,Clear
34663864,2020-02-04,05:55:04,Import,CN,PORT_40,MT,900490,T87T3YL,BZ34J6X,195.3,1.0,0.954,LINE_MODE_10,16.5,Clear
36217685,2020-02-04,00:48:05,Import,DK,PORT_30,LR,900319,7VL1F4J,FIK16BJ,86.44,0.4,0.387,LINE_MODE_10,26.0,Clear
51057173,2020-02-04,23:40:53,Import,CN,PORT_40,IR,940530,ZMK9VKU,N9MVAE1,80278.8,503.0,515.424,LINE_W6UCD9,57.0,Clear
14699430,2020-02-04,21:10:30,Import,JP,PORT_13,IL,902519,NVGLCTG,KP3WS5H,106.2,1.0,1.021,LINE_MODE_40,54.7,Clear
30608269,2020-02-04,06:21:49,Import,CN,PORT_39,IL,610443,0NZ69ZL,IK8JYCI,38746.12,99.4,97.084,LINE_MODE_40,25.3,Clear
17455373,2020-02-04,17:50:53,Import,IT,PORT_30,PL,442010,KYJSZGZ,OOEBIPQ,150.0,12.0,12.296,LINE_MODE_10,63.0,Clear
47954882,2020-02-04,07:20:02,Import,VN,PORT_40,PY,420299,XC1R3RI,YXZKO64,492.76,50.8,57.355,LINE_MODE_40,37.8,Low Risk
46857613,2020-02-04,14:28:13,Import,DE,PORT_13,KR,850450,6NOJ404,7JNMC08,72443.28,40.3,40.489,LINE_OY910J,49.8,Clear
87460572,2020-02-04,21:48:12,Import,BD,PORT_20,AM,392049,3XET17G,7UXMIRC,357026.19,1016.3,1163.704,LINE_MODE_40,41.6,Low Risk
37822895,2020-02-04,12:41:35,Import,DE,PORT_20,IL,940360,WQ0TYZ5,RRXLDM9,111.47,15.7,15.915,LINE_MODE_10,55.7,Clear
64774058,2020-02-04,16:55:38,Import,IT,PORT_30,SV,853650,6TASC7U,7VQHUAI,366.0,30.0,35.023,LINE_MODE_10,52.9,Low Risk
97861136,2020-02-04,14:34:56,Import,JP,PORT_30,MT,440321,Q6LQLF9,GCPNHU7,8729742.0,77460.0,78869.772,LINE_MODE_10,58.7,Clear
13312907,2020-02-04,03:33:47,Import,CN,PORT_10,GU,940390,DHRXIO3,BEOBMSR,821.4,8214.0,9602.495,LINE_MODE_10,53.3,Low Risk
65531125,2020-02-04,04:45:25,Import,US,PORT_20,LV,820750,Q6K658O,H40BV8D,3020.76,10.8,11.326,LINE_MODE_40,6.8,Clear
38561020,2020-02-04,14:03:40,Import,JP,PORT_20,PL,392490,USKS5NL,KK87R45,1.65,1.5,1.464,LINE_MODE_40,25.0,Clear
33265893,2020-02-04,04:19:33,Import,CN,PORT_20,BR,961610,8W53MVN,5P21ORM,12201.8,722.0,654.356,LINE_BX52LT,19.6,Low Risk
25520611,2020-02-04,14:19:31,Import,AU,PORT_20,GN,950300,AT8Z3A0,XKKJRVV,35416.86,529.4,448.857,LINE_MODE_10,15.6,Critical
82445056,2020-02-04,09:40:16,Import,TW,PORT_20,ZZ,950639,H8JRSLI,RZM2Z77,8001.0,15.0,14.373,LINE_MODE_10,19.1,Clear
81445445,2020-02-04,04:04:05,Import,CN,PORT_30,IR,902131,M467DKV,DKH6GZL,43065.87,2.9,2.867,LINE_MODE_40,33.2,Clear
94912028,2020-02-04,02:35:08,Import,CN,PORT_40,MN,851762,A3YNEIR,GV75CSH,580.0,4.0,3.889,LINE_MODE_40,22.3,Clear
64623625,2020-02-04,20:40:25,Import,CN,PORT_40,PG,091011,12V04V0,FQKH1PD,4512000.0,24000.0,27365.76,LINE_MODE_40,40.4,Low Risk
15993890,2020-02-04,06:04:50,Import,JP,PORT_20,KR,843141,5KVVCF1,GA9OL51,171.0,10.0,9.912,LINE_B12OMY,40.9,Clear
31283773,2020-02-04,16:24:13,Import,CN,PORT_20,BA,420222,DO0P6Z5,VKLRQK2,752.64,78.4,81.592,LINE_MODE_10,104.5,Low Risk
14282941,2020-02-04,18:45:01,Import,CN,PORT_153,BR,091011,9QHGVBD,436AX9A,752000.0,4000.0,4162.8,LINE_5I78ZR,67.6,Clear
57407515,2020-02-04,14:11:55,Import,CN,PORT_30,GU,950691,O7EXPIU,STU1DKW,183.6,13.5,13.55,LINE_VZIZJJ,43.1,Clear
66058466,2020-02-04,18:30:26,Import,CN,PORT_20,HN,070320,LTTPKGR,TR78HTA,5824800.0,24000.0,27711.36,LINE_MWIDNS,43.8,Low Risk
73205324,2020-02-04,06:32:44,Import,CN,PORT_20,HN,854370,XMIVDAB,535A147,110838.0,377.0,392.05,LINE_MODE_40,98.0,Low Risk
83547091,2020-02-04,20:47:31,Import,CN,PORT_40,BA,821300,APUOE8F,H9NE890,274.55,1.9,1.93,LINE_MWIDNS,51.1,Clear
91945932,2020-02-04,03:44:12,Import,TR,PORT_33,GU,321410,5KW688C,092WJDX,199815.88,881.8,1066.131,LINE_MODE_10,99.9,Low Risk
47706875,2020-02-04,10:14:35,Import,CN,PORT_30,IL,853690,W3Q1PY0,IEVG8QF,3623580.0,4920.0,6003.581,LINE_MODE_40,97.5,Low Risk
94482951,2020-02-04,11:51:51,Import,US,PORT_40,KR,902710,82PCG2K,0OIWU6C,61978.8,39.0,42.847,LINE_MODE_10,36.5,Low Risk
58879167,2020-02-04,19:31:27,Import,CN,PORT_40,EC,852580,UU0PRVO,26RAMJV,1197398.4,352.0,315.818,LINE_W6UCD9,24.5,Low Risk
25203890,2020-02-04,04:24:50,Import,CN,PORT_20,WS,902519,HH8UUVP,CG85TCE,2442.6,23.0,22.798,LINE_MODE_10,40.9,Clear
20624280,2020-02-04,08:58:00,Import,CN,PORT_40,BR,071080,3T1FD9L,NPKQ6XY,15912000.0,60000.0,62772.0,LINE_MODE_40,5.2,Clear
87258305,2020-02-04,06:45:05,Import,CN,PORT_20,PL,691490,H887ADH,TO5XNG0,1360913.0,17470.0,16748.489,LINE_MODE_10,19.4,Clear
73649426,2020-02-04,15:06:26,Import,US,PORT_23,TH,843390,SR4IYN6,UB4C1VU,618102.9,557.0,569.922,LINE_MODE_10,62.0,Clear
32362496,2020-02-04,20:30:56,Import,CN,PORT_20,NO,790700,04OUDT5,REXOXCR,759.8,262.0,278.328,LINE_MODE_10,118.3,Low Risk
30113289,2020-02-04,06:12:09,Import,CN,PORT_40,DJ,854449,LD8GM65,E0AGTLM,48.0,60.0,54.295,LINE_MODE_10,20.8,Low Risk
99958165,2020-02-04,07:49:25,Import,JP,PORT_30,GU,842010,X1GV86P,PRVNQVS,757680.0,800.0,822.96,LINE_MODE_10,65.6,Clear
64503769,2020-02-04,17:46:49,Import,CN,PORT_30,LV,611030,X7QONDR,N00IHOC,464.0,5.0,5.134,LINE_MODE_10,64.3,Clear
37512142,2020-02-04,11:54:22,Import,FR,PORT_40,HN,250840,4LWAYED,97ELD50,7880.0,200.0,193.04,LINE_MWIDNS,17.7,Clear
69860749,2020-02-04,05:49:49,Import,CN,PORT_16,GN,392640,A8AZP9J,08YOB0R,19.5,5.0,5.184,LINE_MODE_10,70.9,Clear
58182381,2020-02-04,10:22:21,Import,JP,PORT_40,SD,853400,EQ9WSB5,U32ZRJ5,12986.05,7.7,7.859,LINE_MODE_40,54.4,Clear
68445861,2020-02-04,21:20:21,Import,US,PORT_40,IL,300212,5XUU4XV,96KFFIL,69656.0,10.0,9.807,LINE_MWIDNS,30.0,Clear
19502627,2020-02-04,10:55:47,Import,CN,PORT_40,MN,730890,TTHDVPH,8XEHFK4,3432.0,520.0,544.804,LINE_W6UCD9,6.2,Clear
43523841,2020-02-04,14:33:21,Import,CN,PORT_20,TH,950300,AR7Z95I,4WSXDSK,8355.2,56.0,55.479,LINE_MODE_10,40.6,Clear
45526293,2020-02-04,17:59:33,Import,US,PORT_40,PG,170191,WMGMHSW,84NUBM6,1565906.8,6124.0,5907.823,LINE_MODE_40,17.4,Clear
18164465,2020-02-04,06:01:05,Import,CN,PORT_20,BR,620432,BLN9LIH,G2S26DJ,14169.6,27.0,26.425,LINE_MODE_40,26.6,Clear
89094074,2020-02-04,14:05:14,Import,US,PORT_40,IL,902750,170D45Q,A70MDRN,40910.4,24.0,23.981,LINE_MODE_40,40.2,Clear
64784121,2020-02-04,00:11:21,Import,CN,PORT_40,MN,853400,HD44EWU,52MM8B2,180187.5,5812.5,5525.944,LINE_MODE_10,14.2,Clear
52079771,2020-02-04,18:32:11,Import,US,PORT_40,MN,291511,Y0Q8Y6Z,6T4GJ3U,2408.75,12.5,12.196,LINE_MODE_10,30.7,Clear
78489482,2020-02-04,01:10:02,Import,NL,PORT_12,AM,760711,9CNYGXX,E8KYNCP,1427.86,3.1,3.085,LINE_MODE_50,39.5,Clear
15297427,2020-02-04,08:09:07,Import,US,PORT_10,IR,841490,NXZGW6G,I7VHKX9,195.0,6.0,6.286,LINE_MWIDNS,12.2,Clear
88054303,2020-02-04,15:59:43,Import,US,PORT_21,GU,300215,JQUQB77,FFQ068E,4301.5,1.0,1.01,LINE_W6UCD9,49.1,Clear
25452109,2020-02-04,22:05:49,Import,MY,PORT_100,BG,382499,PFKEJ6B,XR2NLQ0,1000.0,80.0,76.536,LINE_618AAX,14.1,Clear
46875416,2020-02-04,11:52:56,Import,CN,PORT_80,EC,071080,SCAG0OH,N825BDI,7183400.0,24500.0,23965.9,LINE_MODE_10,32.3,Clear
19339498,2020-02-04,09:32:58,Import,CN,PORT_30,FJ,841981,JDSN5L8,II1W4XQ,160089.0,731.0,721.643,LINE_MODE_10,38.2,Clear
10820880,2020-02-04,05:48:00,Import,MY,PORT_30,MT,440131,NL5Y953,6DH63L3,37134927.0,974670.0,1019699.754,LINE_MODE_10,11.2,Clear
97269949,2020-02-04,03:29:49,Import,US,PORT_20,LB,731816,ZI1BIXV,RV9JHYW,66.3,3.4,3.525,LINE_MODE_10,70.9,Clear
57499400,2020-02-04,17:23:20,Import,CN,PORT_40,TH,620443,KQEMNJD,9ITUSWV,2121.6,17.0,18.704,LINE_MODE_10,36.9,Low Risk
96997729,2020-02-04,19:52:49,Import,CN,PORT_40,CR,854710,K1OAMEJ,XEV6R9T,107698.3,167.0,174.799,LINE_MODE_10,11.5,Clear
90790230,2020-02-04,21:30:30,Import,CN,PORT_30,AT,392620,WY91YRP,6P9RAHK,11730.4,248.0,253.258,LINE_MODE_10,60.7,Clear
99008623,2020-02-04,02:51:43,Import,CN,PORT_40,IR,961800,SEQJ4PX,3E3UYTR,16042.53,55.3,58.048,LINE_MODE_40,7.5,Clear
62306247,2020-02-05,03:29:27,Import,ES,PORT_40,GU,390410,IIROS3W,F1RNJKO,780450.0,8250.0,8561.025,LINE_W6UCD9,65.6,Clear
36644953,2020-02-05,21:37:13,Import,CN,PORT_40,IL,392690,PYQNYT2,4VDVBAO,535.8,893.0,943.651,LINE_MODE_40,108.7,Low Risk
11226898,2020-02-05,12:02:58,Import,CN,PORT_40,LV,940490,9DWH650,RZM2Z77,739.2,32.0,31.59,LINE_MODE_10,38.2,Clear
13152409,2020-02-05,17:30:49,Import,CN,PORT_39,WS,901910,RZ11GFO,F8VJJE0,1110.2,213.5,285.543,LINE_LM3SJ4,127.6,Critical
73876016,2020-02-05,16:02:56,Import,JP,PORT_20,ZZ,761699,8ASA3PI,T32N28Y,2025.0,162.0,145.291,LINE_MODE_40,24.8,Low Risk
79095223,2020-02-05,15:21:43,Import,JP,PORT_40,AM,850790,RLCVDS3,NCP1KSM,7.56,1.4,1.47,LINE_MODE_40,7.5,Clear
94892638,2020-02-05,16:31:58,Import,JP,PORT_40,SI,310100,4EIA18V,MHL4F2V,1859760.0,50400.0,51266.88,LINE_MODE_10,58.0,Clear
69009218,2020-02-05,01:21:38,Import,PE,PORT_20,SI,740200,UQS520K,C2VVG0W,3403121437.0,1003190.0,1030476.768,LINE_MODE_10,64.6,Clear
80655028,2020-02-05,23:38:28,Import,CN,PORT_20,CA,420299,0XIHUV7,3FZEI0F,24.25,2.5,2.43,LINE_MODE_40,22.3,Clear
43476742,2020-02-05,20:44:22,Import,ES,PORT_40,JP,310520,LUK9TYA,GBWW51J,1167750.0,22500.0,20384.1,LINE_MWIDNS,13.9,Low Risk
68652711,2020-02-05,20:47:51,Import,US,PORT_20,GG,870323,94Y4ED6,ZSQA3KU,15638787.5,2435.0,2448.88,LINE_MODE_10,50.5,Clear
53807501,2020-02-05,00:27:41,Import,CN,PORT_40,CL,950639,HCCMOIV,Z8UMH9A,6400.8,12.0,11.528,LINE_MODE_40,14.8,Clear
74749447,2020-02-05,22:36:07,Import,US,PORT_40,CL,950629,NI19P46,3NZJ6F4,28952.0,70.0,74.306,LINE_MODE_40,111.7,Low Risk
99979216,2020-02-05,08:16:16,Import,CN,PORT_20,DJ,420211,IL84M7R,0JE9JXS,206748.6,201.0,239.037,LINE_MODE_10,42.9,Critical
36729898,2020-02-05,08:12:58,Import,JP,PORT_21,GG,540793,YWTSWT2,NFRIEW8,226816.92,108.9,107.506,LINE_618AAX,38.2,Clear
60956055,2020-02-05,09:14:15,Import,CN,PORT_20,GG,293399,9F3QJHL,1JWFDDB,183450.0,250.0,258.425,LINE_MODE_10,68.9,Clear
58431963,2020-02-05,04:54:03,Import,US,PORT_20,ES,750890,8WDU0JH,MIXAD25,1982.2,1.0,0.98,LINE_MODE_10,33.3,Clear
46003153,2020-02-05,05:07:13,Import,JP,PORT_40,FJ,901849,24FKMBW,42AQ8VE,15646.5,45.0,47.552,LINE_MODE_10,114.7,Low Risk
54738649,2020-02-05,09:14:49,Import,ES,PORT_16,LB,220421,8GF8BH6,83UQB74,142560.0,1080.0,1065.636,LINE_MODE_10,37.9,Clear
55592362,2020-02-05,14:11:22,Import,TW,PORT_40,SD,392690,HMQ7Q53,MFXLZ4G,1.02,1.7,1.624,LINE_W6UCD9,11.1,Clear
65706214,2020-02-05,06:47:34,Import,VN,PORT_20,GU,847990,A20UDXN,7PN0VA5,4514.0,20.0,20.958,LINE_MODE_10,109.1,Low Risk
78564641,2020-02-05,09:26:41,Import,CN,PORT_20,GG,950490,S7Q6MDF,8P9ZTM4,11072.5,215.0,239.648,LINE_MODE_10,40.3,Low Risk
13866980,2020-02-05,13:16:20,Import,CN,PORT_40,PL,854442,RX0108C,MSF7UKK,1030.12,113.2,112.77,LINE_MODE_10,44.2,Clear
13864496,2020-02-05,10:10:56,Import,CN,PORT_20,CR,392690,FHZ96Y5,QGNM3J8,162.0,270.0,280.314,LINE_MODE_40,65.9,Clear
57197578,2020-02-05,21:40:58,Import,US,PORT_30,CL,903040,F8K2I2H,HCM1MKF,40316.4,4.0,4.189,LINE_MODE_10,11.8,Clear
39869107,2020-02-05,09:37:07,Import,CN,PORT_30,SI,740819,0K4OKGF,XC641JQ,597900.0,1000.0,1007.7,LINE_MODE_10,51.8,Clear
14663410,2020-02-05,17:50:10,Import,US,PORT_40,SI,230330,QK15HYK,7TTJVAJ,108873338.4,1011834.0,1043403.221,LINE_MODE_40,61.3,Clear
53923731,2020-02-05,13:24:51,Import,CN,PORT_30,TT,950300,Y061S28,RKPVP9Q,9232.2,138.0,137.407,LINE_MODE_10,43.9,Clear
71162758,2020-02-05,16:53:58,Import,CN,PORT_21,ES,420219,V0UTN69,SZ07W7Z,138.4,8.0,7.292,LINE_MODE_40,9.3,Low Risk
29005691,2020-02-05,01:04:11,Import,CN,PORT_40,EC,680293,CPFU05E,KTCG551,260571.6,24127.0,24505.794,LINE_MODE_40,51.1,Clear
39150469,2020-02-05,11:11:49,Import,CN,PORT_40,JP,630790,GCU6DIM,P5KJOIV,230.0,100.0,89.791,LINE_MODE_10,29.7,Low Risk
95182189,2020-02-05,15:33:49,Import,FR,PORT_10,NG,851822,RUOMRXQ,B1EIMHV,7095.0,50.0,50.835,LINE_MODE_40,51.7,Clear
98082580,2020-02-05,03:49:40,Import,CN,PORT_20,CL,392690,NTWVXEX,O9QXSRZ,300.0,500.0,498.1,LINE_MODE_10,44.2,Clear
94483305,2020-02-05,16:21:45,Import,CN,PORT_20,UG,732690,ZHDSQAF,O7LQ8CC,13.65,9.1,8.724,LINE_MODE_10,19.4,Clear
61853993,2020-02-05,02:47:53,Import,CN,PORT_40,EC,392690,5I1L6GQ,020TIUK,19.2,32.0,38.126,LINE_MWIDNS,88.3,Low Risk
54989908,2020-02-05,22:26:28,Import,IT,PORT_30,UZ,420231,M2SYR5O,FXBF7BG,9989.6,8.0,8.422,LINE_MODE_10,112.1,Low Risk
38841921,2020-02-05,02:01:21,Import,US,PORT_20,GU,750890,STQHP9S,UQHMADE,1982.2,1.0,0.951,LINE_MODE_10,14.2,Clear
53047952,2020-02-05,16:04:32,Import,CN,PORT_40,HU,610990,I6QFEEQ,DWNJQL8,37620.0,150.0,151.53,LINE_MWIDNS,47.4,Clear
96218277,2020-02-05,17:29:57,Import,JP,PORT_40,TH,482110,RRFSILR,BXMTYM2,3.3,3.0,2.918,LINE_MODE_40,22.7,Clear
95143052,2020-02-05,17:09:32,Import,CN,PORT_20,IR,620212,ST7O0VQ,N0PWTMT,38352.0,60.0,54.568,LINE_MODE_10,17.0,Low Risk
89594662,2020-02-05,23:16:22,Import,CN,PORT_40,AM,731815,OQM3H9S,DWNJQL8,300446.9,12571.0,12636.369,LINE_MWIDNS,44.1,Clear
63704418,2020-02-05,10:28:18,Import,CN,PORT_20,OM,940161,EQEERAT,UJDAUAZ,3281500.0,5000.0,5136.0,LINE_MODE_40,58.6,Clear
66694333,2020-02-05,04:40:13,Import,DE,PORT_20,PG,340700,J8JGB6S,B0XXYFB,36099.0,30.0,31.341,LINE_MODE_10,10.2,Clear
99450447,2020-02-05,09:19:27,Import,CN,PORT_121,OM,630790,3R893PI,U9D5BV0,1301.8,566.0,587.338,LINE_MWIDNS,71.6,Clear
19511786,2020-02-05,16:52:26,Import,MY,PORT_16,MN,851770,BGXVS2O,4DVBKIY,74.04,0.4,0.417,LINE_MODE_10,75.2,Clear
55439261,2020-02-05,13:43:41,Import,VN,PORT_30,CR,380610,GV2KPTN,PBP2MYI,10578600.0,18000.0,16111.98,LINE_MODE_10,32.7,Low Risk
94534455,2020-02-05,08:34:15,Import,TW,PORT_20,AT,950699,VZHK3II,8FU38NQ,13508.88,224.4,231.962,LINE_MODE_10,68.9,Clear
31214790,2020-02-05,00:46:30,Import,DE,PORT_20,TH,291829,MZQ7M2V,3FWWXB6,3701700.0,3000.0,3123.6,LINE_MODE_10,73.9,Clear
17614180,2020-02-05,11:29:40,Import,DE,PORT_13,OM,121190,M9V92UG,RR10EY2,30200.0,500.0,566.12,LINE_LM3SJ4,38.5,Low Risk
11290008,2020-02-05,04:54:48,Import,CN,PORT_40,CA,901890,YYAX0OG,C5TCKS2,3068.3,61.0,54.538,LINE_MODE_10,33.9,Low Risk
30242189,2020-02-05,11:20:29,Import,CN,PORT_30,RS,560392,B5N1J9T,I8ADP1E,1244873.85,9840.9,10005.243,LINE_LM3SJ4,57.7,Clear
98182411,2020-02-05,22:09:31,Import,ID,PORT_20,ZZ,691090,ZW6NV53,2FZMZJH,1996.4,92.0,78.003,LINE_W5AYVM,9.6,Critical
40410465,2020-02-05,12:07:45,Import,CH,PORT_20,TT,901850,NW7KK9D,1XCM1XF,3197.28,0.6,0.587,LINE_MODE_10,32.6,Clear
66585800,2020-02-05,21:23:20,Import,TH,PORT_40,WS,680530,IY4VE3F,V7U393R,299016.0,720.0,710.064,LINE_MODE_40,31.6,Clear
38632619,2020-02-05,08:00:59,Import,CN,PORT_41,PG,845150,U9ECNP7,SNH391K,2672000.0,8000.0,7613.6,LINE_MODE_40,8.8,Clear
73017083,2020-02-05,21:39:23,Import,CN,PORT_13,AT,630499,OFERK1C,AUJYYY2,2040.0,600.0,611.82,LINE_AT9SIZ,59.7,Clear
71336428,2020-02-05,03:08:28,Import,CN,PORT_20,AT,460212,GUH7EL0,KFGJ744,27279.0,70.0,68.054,LINE_MODE_40,22.3,Clear
86582535,2020-02-05,15:42:15,Import,JP,PORT_40,CA,330499,KM0VZVR,9P0AEGK,445.25,2.5,2.484,LINE_MODE_10,42.5,Clear
73093488,2020-02-05,20:32:48,Import,JP,PORT_20,MG,902519,FED6O9R,GD913JV,106.2,1.0,1.042,LINE_MODE_40,68.5,Clear
31558925,2020-02-05,02:42:05,Import,NL,PORT_30,GU,490210,SOJM3I6,Z64QME2,84.93,14.9,15.626,LINE_MODE_10,12.8,Clear
45761656,2020-02-05,11:50:16,Import,CN,PORT_40,MG,391810,MG77MTE,S8PE9QE,189800.0,2000.0,1821.72,LINE_MODE_40,9.9,Low Risk
16300432,2020-02-05,13:45:52,Import,PT,PORT_40,PY,854370,N92K0RW,6LUK885,20.16,0.8,0.722,LINE_MODE_10,22.8,Low Risk
58836616,2020-02-05,03:46:16,Import,CN,PORT_40,HN,620462,RQKL0U3,6KWSO6L,1403.0,10.0,9.782,LINE_MODE_40,26.3,Clear
53741878,2020-02-05,17:45:58,Import,KR,PORT_20,IR,890190,MXYVI3A,XDHNXJT,0.0,60025000.0,59856930.0,LINE_MODE_10,44.8,Clear
58649620,2020-02-05,18:13:40,Import,CN,PORT_30,LV,200599,V0AB1K7,C68S29D,353100.0,5500.0,5369.1,LINE_MODE_10,31.0,Clear
75486601,2020-02-05,07:46:01,Import,CN,PORT_10,TH,900390,7FICY0Y,QKFMLAX,62.55,0.5,0.589,LINE_MODE_40,49.5,Low Risk
72414242,2020-02-05,01:36:02,Import,CN,PORT_20,CR,620339,78Y6X5T,KYXZBS0,209234.3,167.0,169.538,LINE_MODE_10,56.7,Clear
44925976,2020-02-05,11:42:16,Import,CN,PORT_20,CR,610439,XQDNV62,Z647SDL,10884140.5,2285.0,2280.887,LINE_MODE_10,45.5,Clear
38973636,2020-02-05,23:36:36,Import,DE,PORT_20,SD,902780,HJZFZWP,YAHFNQL,1629.35,0.5,0.484,LINE_MODE_10,25.7,Clear
70974965,2020-02-05,07:36:05,Import,CN,PORT_20,GN,071080,RQKL0U3,7YVV2EU,31824000.0,120000.0,125654.4,LINE_MODE_10,108.6,Low Risk
29921161,2020-02-05,06:42:01,Import,JP,PORT_40,EC,848210,TQFW90W,PUR3454,300.3,11.0,11.338,LINE_MODE_10,67.0,Clear
94934062,2020-02-05,10:26:22,Import,DE,PORT_40,ZZ,851762,A5WZFB1,X2XVDWP,4103.7,3.0,3.016,LINE_MODE_10,50.1,Clear
21575863,2020-02-05,21:45:43,Import,FR,PORT_20,TT,970300,IUOLE51,O654Z7U,1699.5,30.9,32.405,LINE_MODE_10,109.6,Low Risk
87724231,2020-02-05,09:06:31,Import,CN,PORT_16,HN,690721,5IIG0EF,43MSLZK,41700.8,6224.0,6508.437,LINE_MODE_10,10.9,Clear
13691199,2020-02-05,06:30:39,Import,CN,PORT_40,WS,200599,BDJWVVI,DWNJQL8,804950.0,8500.0,8174.45,LINE_MWIDNS,15.4,Clear
88434734,2020-02-05,10:56:14,Import,DE,PORT_10,RS,853890,41EJ19K,MBOP7AA,20.0,1.0,0.903,LINE_MODE_10,22.3,Low Risk
80000725,2020-02-05,00:05:25,Import,PH,PORT_20,WS,481019,ADW2ZCU,KLI8KTC,3148320.0,8400.0,8809.08,LINE_MODE_10,12.8,Clear
67487450,2020-02-05,21:50:50,Import,CN,PORT_10,GN,630790,SXU9S9Q,D294P02,32.2,14.0,16.523,LINE_YNWUVP,49.9,Low Risk
36363152,2020-02-05,21:24:32,Import,US,PORT_39,AT,400400,UM29B0M,ADQK3XK,336960.0,259200.0,261843.84,LINE_MODE_10,53.4,Clear
57541750,2020-02-05,12:29:10,Import,JP,PORT_30,CL,760200,APSQAEY,4VFJ9ZS,435120.0,44400.0,42677.28,LINE_MODE_10,21.1,Clear
46720218,2020-02-05,12:38:18,Import,CN,PORT_40,AT,854442,NR8VKGK,YURVRFI,313.95,10.5,10.97,LINE_MODE_10,107.0,Low Risk
96081095,2020-02-05,03:31:35,Import,KR,PORT_40,UZ,846729,PT98SSF,HWR2UQL,75090.4,77.0,78.055,LINE_MODE_10,55.7,Clear
79791519,2020-02-05,07:42:39,Import,CN,PORT_40,RS,480300,LWRXZ54,RGS85YY,4782110.13,6963.9,8007.371,LINE_MODE_40,42.7,Low Risk
38886094,2020-02-05,12:45:34,Import,CN,PORT_20,FJ,392111,3IAV9EO,QIXG30O,629274.48,2358.6,2333.127,LINE_MODE_40,33.6,Clear
78686090,2020-02-05,20:34:50,Import,DE,PORT_20,UZ,842199,KLIHL35,71ZV0BI,6.38,1.1,1.09,LINE_MODE_10,40.9,Clear
45396019,2020-02-05,12:04:19,Import,US,PORT_20,MT,842220,NUZUD5H,95TBK38,977280.0,240.0,219.698,LINE_MODE_10,12.1,Low Risk
62440219,2020-02-05,18:34:19,Import,CN,PORT_20,IR,850440,TU5RJ0K,4LOZVYY,250264.0,1148.0,1092.552,LINE_MODE_10,14.8,Clear
29686850,2020-02-05,17:40:50,Import,CN,PORT_20,ES,620799,2C51MKC,P290TX4,86070.0,380.0,448.491,LINE_MODE_10,55.9,Low Risk
88020615,2020-02-05,23:10:15,Import,AU,PORT_20,DJ,470720,B25T434,R6Z1IIL,1610392.0,20860.0,19894.182,LINE_MODE_10,16.1,Clear
40054182,2020-02-05,19:21:42,Import,PT,PORT_20,BA,610290,G4AICOJ,ZBKKBX1,2560.65,1.5,1.61,LINE_MODE_40,2.3,Low Risk
39115326,2020-02-05,04:58:06,Import,IT,PORT_40,LR,620520,BES92ZL,OOHVJZ2,2069.6,26.0,25.303,LINE_MODE_40,23.0,Clear
37565390,2020-02-05,18:09:50,Import,CN,PORT_30,RS,850110,YUYFBAI,GDUBT8D,154.02,1.7,1.77,LINE_MODE_40,67.9,Clear
45258785,2020-02-05,20:13:05,Import,CN,PORT_80,ZZ,680422,R7AQTSI,2AC8NN0,334036.0,2440.0,2485.628,LINE_W6UCD9,59.0,Clear
24258563,2020-02-05,05:37:23,Import,IE,PORT_40,SD,330690,HN0R1CH,IJ2NQ4P,7680308.15,4389.5,4300.393,LINE_MODE_40,27.3,Clear
42922952,2020-02-05,11:34:32,Import,CN,PORT_20,NO,392690,7NKP39V,G24QH1N,12.0,20.0,23.541,LINE_MODE_40,49.2,Low Risk
20833188,2020-02-05,11:47:48,Import,CN,PORT_20,LR,730791,3XYF354,9HW9SH8,340533.0,1570.0,1557.754,LINE_MODE_10,41.5,Clear
74203069,2020-02-05,12:01:49,Import,CN,PORT_40,FJ,392610,YJHUSUK,7IZMK9P,1713.0,10.0,9.767,LINE_MODE_10,31.3,Clear
87066761,2020-02-05,19:08:41,Import,US,PORT_20,HN,940550,2SRKEXW,U38GB8A,2049.0,15.0,15.755,LINE_MODE_10,110.6,Low Risk
16501872,2020-02-05,03:03:12,Import,CN,PORT_20,MN,854231,GOWX8NO,OV79GTA,55167.04,27.2,25.845,LINE_MODE_10,13.8,Clear
52083910,2020-02-05,16:25:10,Import,JP,PORT_20,RS,392329,QJYJRQ1,E3Q8ABV,23.7,3.0,2.944,LINE_MODE_40,28.3,Clear
52356257,2020-02-05,18:56:17,Import,CN,PORT_40,MT,551219,6MC0W40,DWNJQL8,8473.8,58.0,56.997,LINE_MWIDNS,29.3,Clear
12280249,2020-02-05,23:14:49,Import,CN,PORT_40,NO,401699,90OBW22,S8PE9QE,54.3,3.0,2.96,LINE_MODE_40,31.9,Clear
50073417,2020-02-05,11:28:57,Import,VN,PORT_40,UZ,670419,FCIDKNM,HCRZBVB,25128.9,41.0,41.111,LINE_MODE_10,48.5,Clear
45597480,2020-02-05,09:58:00,Import,US,PORT_40,BG,870899,GZ27I9I,AX4CW6G,4.9,0.7,0.753,LINE_MWIDNS,2.9,Low Risk
71714627,2020-02-05,02:15:47,Import,US,PORT_40,JP,392690,1VHJG03,WJDBGJ1,0.3,0.5,0.524,LINE_MODE_40,6.2,Clear
20471747,2020-02-05,16:07:47,Import,DE,PORT_40,CR,392690,H1JN10U,MCFTDUF,30.0,50.0,55.252,LINE_MODE_10,38.1,Low Risk
63762006,2020-02-05,11:16:06,Import,CN,PORT_20,TH,481920,8JJN1BM,BLUWWW7,1.02,1.7,1.756,LINE_MODE_10,68.6,Clear
20203553,2020-02-05,09:13:53,Import,CN,PORT_40,UZ,850440,HK4G0IL,UQT91IP,313.35,1.5,1.585,LINE_HE8ATP,108.7,Low Risk
95834054,2020-02-05,18:18:14,Import,JP,PORT_20,KR,711719,7KGLWW5,7PN0VA5,7.34,0.2,0.235,LINE_MODE_40,48.4,Low Risk
16580164,2020-02-05,10:40:04,Import,US,PORT_40,IL,200290,IWT64VK,W6V0O0W,8250.3,17.8,17.875,LINE_MODE_40,43.5,Clear
61377486,2020-02-05,04:54:06,Import,CN,PORT_20,HN,940179,2X3XFGH,5A0OMW7,118066.0,4940.0,4906.408,LINE_MODE_10,42.2,Clear
72454216,2020-02-05,10:26:16,Import,CN,PORT_20,FJ,300290,DKT3YER,MIXAD25,560640.0,600.0,586.92,LINE_MODE_10,32.3,Clear
61070410,2020-02-05,04:40:10,Import,CN,PORT_30,OM,291811,ALD7H7V,WVQ9VEW,27790560.0,43200.0,44547.84,LINE_MODE_10,67.3,Clear
96116188,2020-02-05,14:24:28,Import,CN,PORT_16,NO,420292,6W7C6MT,G7KYWUZ,3810.6,6351.0,6301.462,LINE_MODE_10,41.5,Clear
46451467,2020-02-05,22:03:07,Import,JP,PORT_20,GG,841490,8QNM7TF,9IDF0QV,2080.0,64.0,65.773,LINE_MODE_10,65.0,Clear
72253182,2020-02-05,03:31:42,Import,CN,PORT_40,MG,630790,ZUH24K9,07EHR7I,2601.3,1131.0,1182.121,LINE_MODE_10,10.5,Clear
18662709,2020-02-05,13:29:09,Import,VN,PORT_40,GU,071080,U049MDG,GAGKNJA,25459200.0,96000.0,91843.2,LINE_MODE_40,12.1,Clear
98714233,2020-02-05,23:05:13,Import,DE,PORT_40,LB,382499,QIG4DMJ,BQQ1N1G,450000.0,36000.0,35809.2,LINE_MODE_40,37.2,Clear
48814103,2020-02-05,06:36:23,Import,MD,PORT_20,AT,620292,BES92ZL,6W0TMBU,46070.88,32.8,33.118,LINE_MODE_40,47.1,Clear
27751056,2020-02-05,06:13:36,Import,CN,PORT_20,HN,200811,MOCH1X5,VDY9HIP,667800.0,3000.0,2874.6,LINE_MODE_10,19.1,Clear
49159469,2020-02-05,10:08:29,Import,JP,PORT_20,MN,470730,BE697VZ,HC3VPPG,3197448.0,148030.0,144580.901,LINE_MWIDNS,31.3,Clear
17690996,2020-02-05,21:05:56,Import,PK,PORT_30,BG,820890,78DUP7Q,6QK6JJ1,14385.6,111.0,109.69,LINE_MODE_10,38.9,Clear
60161559,2020-02-06,10:56:39,Import,CN,PORT_40,JP,950300,32ARLYH,KDT3IEI,3156.0,12.0,11.78,LINE_EIZP3I,28.6,Clear
94760032,2020-02-06,00:05:52,Import,CN,PORT_80,GG,853929,MVOVGFU,4E5DWHH,131692.8,114.0,110.603,LINE_MODE_40,21.0,Clear
81355256,2020-02-06,21:36:56,Import,CA,PORT_16,AT,870324,BZQ9VYI,ZR51MQY,12620.4,2427.0,2325.551,LINE_MODE_10,19.1,Clear
99159489,2020-02-06,09:42:09,Import,CN,PORT_30,SD,071080,LSKUSNM,L21YV1M,26520000.0,100000.0,96670.0,LINE_MODE_10,24.7,Clear
29106519,2020-02-06,00:32:39,Import,CN,PORT_20,AM,854140,LRI0KXI,MV3V6A0,151704.0,840.0,965.866,LINE_MODE_10,48.7,Low Risk
87497683,2020-02-06,01:22:43,Import,CN,PORT_20,LB,392690,N9A4JMJ,1VRR8DV,22.8,38.0,38.749,LINE_MODE_10,59.7,Clear
26380846,2020-02-06,14:16:46,Import,US,PORT_40,DJ,901590,OS43ICR,O0F36ER,8710.9,11.0,11.145,LINE_W6UCD9,49.4,Clear
38386746,2020-02-06,22:35:06,Import,CN,PORT_20,JP,130219,XHSPZS9,SIDW9GC,197600.0,1000.0,963.2,LINE_H35Z1A,22.4,Clear
49839375,2020-02-06,01:16:15,Import,CN,PORT_40,CL,392690,9C2R4NY,R3VUZA3,79.8,133.0,129.502,LINE_MWIDNS,23.3,Clear
65300511,2020-02-06,09:37:51,Import,CN,PORT_30,SI,848180,6KU3SKR,GYUWEBR,8190.0,140.0,140.798,LINE_MODE_10,50.5,Clear
74790794,2020-02-06,16:57:14,Import,US,PORT_30,AM,731029,3UID8WC,6PI01A5,0.87,0.3,0.312,LINE_MODE_10,72.6,Clear
11432804,2020-02-06,23:30:44,Import,DE,PORT_40,UG,901819,SQTL7TI,ALKF6JR,8191.1,10.1,9.94,LINE_H35Z1A,30.3,Clear
13258469,2020-02-06,21:38:29,Import,TW,PORT_30,GU,731816,PDN3GW3,1LNQ37W,180948.3,9279.4,9063.19,LINE_MODE_10,31.3,Clear
25593072,2020-02-06,16:23:12,Import,CN,PORT_16,RS,842129,WNWVEBH,TSYMASI,7333.7,324.5,308.34,LINE_MODE_10,13.8,Clear
66014985,2020-02-06,12:29:45,Import,CN,PORT_16,IL,392690,7XK4WI9,6MDZDMY,1584.0,2640.0,2689.368,LINE_MODE_40,53.0,Clear
12801505,2020-02-06,17:38:25,Import,CN,PORT_40,BR,851660,A0AQOT9,V41149F,4003473.6,9072.0,8697.326,LINE_MODE_40,13.4,Clear
55546741,2020-02-06,00:55:01,Import,VN,PORT_40,GG,481920,MQWO1N5,KILND1W,42.0,70.0,72.849,LINE_MWIDNS,67.6,Clear
10823123,2020-02-06,01:33:23,Import,CH,PORT_20,SI,910121,PRTVYKD,JM7LMVF,100482.28,0.1,0.1,LINE_W6UCD9,40.5,Clear
13715298,2020-02-06,04:36:18,Import,CN,PORT_30,BR,851310,Q6LQLF9,O6446J3,3596.8,281.0,277.403,LINE_MODE_10,38.2,Clear
41058378,2020-02-06,15:54:18,Import,DE,PORT_20,PG,621510,V9X1SW8,KDLLHDR,282.0,0.4,0.419,LINE_MWIDNS,11.8,Clear
94143209,2020-02-06,21:37:29,Import,US,PORT_30,EC,130219,H9ZU9JB,MEZKYWP,49400.0,250.0,251.675,LINE_MODE_10,51.1,Clear
47313292,2020-02-06,08:26:52,Import,DE,PORT_30,IR,121020,8FNMZRE,0C582ID,9976.64,1.6,1.664,LINE_MODE_40,67.2,Clear
63702287,2020-02-06,20:36:47,Import,IN,PORT_40,SI,620520,JRKGGQ6,QLMQAFV,18132.88,227.8,231.832,LINE_W5AYVM,52.4,Clear
23364120,2020-02-06,18:02:00,Import,CH,PORT_40,SD,902720,1RPARTO,DWNJQL8,1236053.91,92.3,94.718,LINE_MWIDNS,58.0,Clear
65353390,2020-02-06,22:23:10,Import,CN,PORT_33,NG,430400,RH94IT3,PFKZXJL,14978.7,51.0,54.423,LINE_VZIZJJ,115.3,Low Risk
67662085,2020-02-06,04:41:25,Import,US,PORT_16,ES,390799,ONS92NZ,BKFZ66J,31.3,1.0,0.969,LINE_MODE_40,20.0,Clear
84684736,2020-02-06,15:48:16,Import,CN,PORT_20,MN,846694,EZ60HIE,70KMBBO,2401.5,15.0,15.273,LINE_MODE_40,52.7,Clear
78319637,2020-02-06,18:59:17,Import,CN,PORT_33,PL,230990,8LPVM1S,CUHEWAM,862230.0,12300.0,15555.072,LINE_VZIZJJ,55.1,Critical
57470973,2020-02-06,15:57:33,Import,CN,PORT_30,TT,820770,877T6MT,K89AX4N,29148.6,20.2,20.699,LINE_W6UCD9,57.0,Clear
25512370,2020-02-06,07:26:10,Import,CN,PORT_40,KR,852859,L26HSGE,7PN0VA5,152665.0,190.0,173.994,LINE_MODE_40,5.8,Low Risk
71284836,2020-02-06,06:56:36,Import,JP,PORT_40,ZZ,820890,YUE8WUV,H1ZUISK,12.96,0.1,0.097,LINE_MODE_10,25.7,Clear
76600458,2020-02-06,00:42:18,Import,US,PORT_40,PG,901310,Z19EZE9,YXX0VGU,35594.0,10.0,10.072,LINE_MODE_10,51.4,Clear
60446843,2020-02-06,01:55:23,Import,AU,PORT_20,SI,250100,GKLIYC0,1VRR8DV,41400000.0,3000000.0,3119100.0,LINE_MODE_10,72.9,Clear
67425159,2020-02-06,04:36:39,Import,IT,PORT_20,EC,442010,KC1ZGO0,F3NY2H3,150.0,12.0,11.78,LINE_MODE_10,34.6,Clear
76124615,2020-02-06,12:03:35,Import,CN,PORT_30,ZZ,843139,BF41SQQ,LXWRKVP,15155.0,70.0,63.981,LINE_MODE_40,7.3,Low Risk
67218551,2020-02-06,03:45:11,Import,VN,PORT_30,IR,852990,RYMWRFL,7OIQPW3,51187.5,1365.0,1345.481,LINE_MODE_40,31.3,Clear
47151516,2020-02-06,23:14:36,Import,CN,PORT_40,ZZ,392690,YXLQQ5B,1099DDY,513.6,856.0,880.139,LINE_VZIZJJ,65.3,Clear
13880283,2020-02-06,21:26:03,Import,DE,PORT_20,NG,902790,96FHRL1,7LNVVA7,2940052.4,589.0,711.182,LINE_MODE_10,99.4,Low Risk
14396104,2020-02-06,07:59:04,Import,CN,PORT_20,IR,200599,E9ZDTXV,VQYRYCG,642000.0,10000.0,10342.0,LINE_MODE_10,69.3,Clear
50582810,2020-02-06,22:06:50,Import,CN,PORT_20,BR,940490,F5NQYZL,1NYE9WJ,485.1,21.0,21.655,LINE_MODE_10,67.3,Clear
93079719,2020-02-06,18:52:39,Import,CN,PORT_40,SD,620443,JX5GTJ5,U8S1BO9,711.36,5.7,5.71,LINE_MODE_10,47.8,Clear
60244936,2020-02-06,10:58:16,Import,US,PORT_40,JP,760900,LCXPBAF,PD2LAE2,711207.0,945.0,962.199,LINE_MWIDNS,52.7,Clear
87025238,2020-02-06,01:48:38,Import,CN,PORT_20,LR,620630,PF01O0Y,6U0LESD,1326.0,6.0,6.103,LINE_MODE_40,52.0,Clear
56934959,2020-02-06,23:59:59,Import,CN,PORT_40,PY,420292,JCJJRBJ,A17Q0BF,595.0,10.0,9.817,LINE_MODE_10,34.6,Clear
42933239,2020-02-06,06:37:59,Import,VN,PORT_20,BR,630532,KEG6VGQ,MN6GUJK,6874992.3,18183.0,18941.231,LINE_MODE_10,74.2,Clear
48212878,2020-02-06,09:55:58,Import,CN,PORT_20,RS,950300,GKLIYC0,Q646ZXV,48156.64,554.8,629.942,LINE_W6UCD9,45.3,Low Risk
60038099,2020-02-06,17:58:59,Import,US,PORT_20,ES,711719,DKWQFPD,23QQBAY,15.6,0.5,0.591,LINE_MODE_10,56.3,Low Risk
62285248,2020-02-06,04:55:28,Import,US,PORT_20,CR,490199,OSWJXXU,YY6ARLM,180.0,50.0,48.11,LINE_MODE_10,21.7,Clear
34983672,2020-02-06,08:53:12,Import,CN,PORT_40,FJ,440711,JCO6BW3,MJ08DSW,2455200.0,24000.0,22804.8,LINE_H35Z1A,7.8,Clear
82771571,2020-02-06,00:02:11,Import,RU,PORT_20,TT,030559,R4Q3XZG,AUYI8R4,14562800.0,14000.0,13659.8,LINE_VZIZJJ,26.7,Clear
92302526,2020-02-06,16:31:26,Import,CN,PORT_20,MT,854442,2ABKUYA,X7IYQKR,91.0,10.0,9.732,LINE_MODE_10,29.0,Clear
70766675,2020-02-06,07:44:35,Import,US,PORT_40,SD,180690,GPBMSJL,URLEQHS,635510.25,3444.5,3526.135,LINE_MODE_10,62.3,Clear
63059576,2020-02-06,19:28:56,Import,IT,PORT_10,FJ,210500,25OX2F8,204PR0A,2903.04,43.2,43.122,LINE_MODE_10,45.5,Clear
52786280,2020-02-06,04:11:20,Import,US,PORT_20,PL,848690,MSQ248O,B2RUYK8,732.5,0.5,0.523,LINE_MODE_10,11.2,Clear
12665932,2020-02-06,16:10:52,Import,CN,PORT_30,MG,441400,JQ0HT0Q,CD1N1FS,392.15,5.5,5.611,LINE_MODE_10,60.0,Clear
47309585,2020-02-06,05:53:05,Import,MY,PORT_40,PL,851981,5ALGWAO,LHRSZS2,7907.6,1.0,1.019,LINE_MODE_10,59.0,Clear
46686976,2020-02-06,12:52:16,Import,CN,PORT_30,SD,870870,G0IOU3V,YP5F12K,505.2,12.0,11.978,LINE_MODE_40,39.5,Clear
71021413,2020-02-06,22:38:13,Import,VN,PORT_40,FJ,620530,VI18W3I,NKIFL72,367889.4,1060.2,1229.238,LINE_MODE_10,51.0,Low Risk
88438973,2020-02-06,23:30:53,Import,CN,PORT_40,HU,732090,BDJWVVI,3NTLM5R,9180.0,100.0,102.47,LINE_MODE_10,63.0,Clear
68338178,2020-02-06,06:57:38,Import,CN,PORT_20,EC,821300,RQCQ4QG,LQW9B01,1820.5,5.0,5.236,LINE_W5AYVM,5.8,Clear
32584282,2020-02-06,23:03:22,Import,JP,PORT_13,PG,400251,U5GSEBH,1DVWNRM,2441520.0,1200.0,1194.24,LINE_HE8ATP,43.5,Clear
16167266,2020-02-06,15:50:26,Import,JP,PORT_40,KR,262019,5S1DBV3,KSNI03H,5665369.5,59951.0,60142.843,LINE_MODE_40,42.8,Clear
81880523,2020-02-06,03:43:23,Import,CN,PORT_20,IL,851830,47SX130,VDLLYHS,32.46,0.3,0.3,LINE_MODE_10,46.5,Clear
51155563,2020-02-06,02:20:43,Import,FI,PORT_30,TT,940169,AB0WBXV,JX6FJA2,3051.5,42.5,41.637,LINE_MODE_10,33.3,Clear
41614617,2020-02-06,21:48:57,Import,CN,PORT_40,AM,851770,35KPMZ0,ANTSGEW,10180.5,55.0,55.148,LINE_MWIDNS,42.5,Clear
87927159,2020-02-06,11:36:39,Import,CN,PORT_30,LV,940421,Y7G5CF4,XUR1GYY,19513.66,71.9,70.584,LINE_MODE_10,34.6,Clear
70439736,2020-02-06,00:11:36,Import,CN,PORT_20,HN,392690,DCMKD8G,3EVLVZQ,22.8,38.0,38.692,LINE_MODE_40,52.7,Clear
42741535,2020-02-06,00:18:55,Import,CN,PORT_30,NO,844332,K72AV99,LJBCHH8,371893.78,261.4,293.876,LINE_MODE_40,36.6,Low Risk
60989257,2020-02-06,22:19:37,Import,SE,PORT_40,PY,720429,3Z5L1PO,42VLJD6,1512036.0,155880.0,153183.276,LINE_MODE_40,29.3,Clear
13053814,2020-02-06,05:07:34,Import,JP,PORT_121,UZ,401220,PCW8KX7,SB737F4,1476790.0,12775.0,13148.03,LINE_MODE_10,66.0,Clear
58421238,2020-02-06,18:55:18,Import,DE,PORT_20,SV,852692,HW96MLB,UPQFTYU,675.92,1.7,2.366,LINE_MODE_10,150.6,Critical
66504544,2020-02-06,02:33:04,Import,CN,PORT_20,HU,691390,XFKNCZ6,1RZFN63,379.05,36.1,36.613,LINE_MODE_10,56.1,Clear
61946022,2020-02-06,20:25:42,Import,CN,PORT_20,UG,392690,412G5EV,OA2DR8O,70.62,117.7,120.666,LINE_MODE_40,57.3,Clear
26567096,2020-02-06,10:40:56,Import,CN,PORT_40,SV,621600,1SO3GD6,FBDGJYO,42647.25,252.5,262.146,LINE_J18ZJO,65.9,Clear
76712156,2020-02-06,15:51:56,Import,TH,PORT_20,SD,740400,JDRP62E,FLCRF0Z,119203.6,20204.0,20369.673,LINE_MODE_10,52.1,Clear
61763649,2020-02-06,05:58:09,Import,CN,PORT_39,KR,630790,R0LPT88,QGNM3J8,2601.3,1131.0,1115.958,LINE_MWIDNS,31.9,Clear
26109204,2020-02-06,22:57:24,Import,CN,PORT_40,AM,070320,JAW1D3E,ZDXA3V4,5824800.0,24000.0,26252.16,LINE_MODE_10,35.4,Low Risk
76838458,2020-02-06,05:28:58,Import,EE,PORT_20,ZZ,440910,Q1NJA2K,BMZVP31,20177820.5,81395.0,81981.044,LINE_MWIDNS,45.4,Clear
78922411,2020-02-06,00:09:31,Import,CN,PORT_40,PL,620722,NL5Y953,H4MPZJG,472.0,5.0,4.778,LINE_MWIDNS,11.5,Clear
29494504,2020-02-06,01:59:04,Import,FR,PORT_20,AT,291590,FSSTFL5,S8LWMLB,44.64,0.1,0.106,LINE_MODE_10,114.2,Low Risk
85810528,2020-02-06,11:43:28,Import,GB,PORT_40,GG,382200,AI4HK9L,OZB7KED,0.0,0.0,0.001,LINE_MODE_40,95.9,Low Risk
15220055,2020-02-06,06:07:35,Import,CN,PORT_80,FJ,852990,23OTS2L,BR4BBTT,4634.88,10.2,10.762,LINE_B12OMY,107.7,Low Risk
74469599,2020-02-06,06:43:59,Import,CN,PORT_40,CR,420299,LH8Q1WL,DN4D1IF,24.25,2.5,2.404,LINE_MODE_40,15.4,Clear
54823743,2020-02-06,14:37:03,Import,CN,PORT_40,FJ,071080,AA2JLHE,W2T0IDA,7036800.0,24000.0,23752.8,LINE_MODE_40,33.9,Clear
51766581,2020-02-06,12:12:21,Import,CN,PORT_30,WS,960329,B82EQM5,HYJMZDM,3170.0,100.0,102.07,LINE_MODE_10,60.4,Clear
89941994,2020-02-06,17:37:14,Import,CN,PORT_140,NG,442199,P1C90N0,ZNA4205,623.2,779.0,809.537,LINE_MODE_10,72.6,Clear
62681957,2020-02-06,19:11:17,Import,CN,PORT_30,KR,392690,RTCEH62,YAAMHNF,68.82,114.7,118.451,LINE_MODE_10,68.3,Clear
54570776,2020-02-06,13:28:56,Import,IT,PORT_33,PY,420239,WENITHI,4DT3246,130.65,1.3,1.298,LINE_JZQYAK,45.5,Clear
65606039,2020-02-06,16:37:59,Import,DE,PORT_30,LB,852580,EI2HIES,UTNPOCA,182.28,0.4,0.417,LINE_MODE_40,68.2,Clear
76484102,2020-02-06,08:07:02,Import,JP,PORT_20,DJ,900211,LJCVX6K,4QC013K,16159.6,14.2,13.99,LINE_MODE_10,36.9,Clear
62994597,2020-02-06,04:41:57,Import,JP,PORT_20,SD,310510,IQOZCKD,6GJ2F60,454986.54,2958.3,3505.704,LINE_MODE_40,51.1,Low Risk
27243206,2020-02-06,08:29:26,Import,CN,PORT_10,KR,853400,VDI0U8O,0CJCAGC,2298017.6,856.0,884.419,LINE_MODE_10,68.6,Clear
45582090,2020-02-06,11:41:30,Import,US,PORT_40,BA,870895,P5T27PH,ZZV09MP,2739124.0,4955.0,4911.396,LINE_MODE_40,34.9,Clear
52035538,2020-02-06,03:46:58,Import,CN,PORT_40,AM,392690,FJC5KVG,IUW8U8Z,90.0,150.0,135.684,LINE_MODE_40,15.1,Low Risk
73452214,2020-02-06,14:27:34,Import,CN,PORT_39,JP,690220,3GR5E9C,90L08TX,1079564.8,13984.0,14392.333,LINE_MWIDNS,60.0,Clear
31288381,2020-02-07,22:29:01,Import,FR,PORT_40,FJ,420229,MHMXI2W,UIMEZ98,140.0,3.5,3.572,LINE_MWIDNS,54.4,Clear
65171255,2020-02-07,17:27:35,Import,SA,PORT_39,GN,390110,569S61I,65GNC7P,10276200.0,99000.0,102336.3,LINE_MODE_40,62.9,Clear
84184656,2020-02-07,10:13:36,Import,FR,PORT_20,AT,293499,XWSKRS7,9WFBARW,34411.68,55.2,52.893,LINE_MODE_40,13.1,Clear
15702637,2020-02-07,14:42:37,Import,CN,PORT_13,BA,482030,56D0PCR,Z4Z6INN,4933.96,9.2,9.133,LINE_MODE_10,41.9,Clear
16717854,2020-02-07,04:14:54,Import,CN,PORT_40,HU,392410,USZKXON,IRXEHBC,1607.2,1148.0,1158.562,LINE_MODE_10,52.8,Clear
54078550,2020-02-07,10:29:10,Import,DE,PORT_30,AT,300215,9Y2BZQU,OHWDLCN,17206.0,4.0,3.845,LINE_MODE_40,15.1,Clear
62502597,2020-02-07,20:01:57,Import,DE,PORT_30,FJ,731815,N6R2CSG,5GE7YJM,30.1,1.0,1.013,LINE_EIZP3I,51.1,Clear
22906909,2020-02-07,11:05:49,Import,VN,PORT_40,PY,481920,VY30ZPI,DWNJQL8,763.2,1272.0,1216.922,LINE_MWIDNS,12.1,Clear
91957534,2020-02-07,10:49:34,Import,CN,PORT_40,HU,847160,IA65996,J4EGNZM,389599.62,2819.1,2732.272,LINE_MODE_40,20.4,Clear
64055869,2020-02-07,09:21:49,Import,US,PORT_16,MT,300290,1LNKYR6,OM0XA9D,3692.0,0.1,0.09,LINE_MODE_10,29.7,Low Risk
68958165,2020-02-07,02:02:45,Import,CN,PORT_20,TT,732393,02VPZMG,BKCZRN5,830.8,134.0,137.846,LINE_MODE_10,65.6,Clear
81016018,2020-02-07,21:54:58,Import,IT,PORT_16,SV,481890,DR0KU1X,LNLVLF3,3305.61,23.1,24.133,LINE_MODE_10,107.0,Low Risk
94270045,2020-02-07,03:47:25,Import,FR,PORT_20,SD,190590,ZB4MGDN,Q3Z19RO,63684.0,360.0,355.932,LINE_MODE_10,39.2,Clear
82856441,2020-02-07,17:36:41,Import,VN,PORT_16,WS,300510,ARPX25X,A3CH2RO,1025329.5,663.0,656.834,LINE_MODE_10,40.6,Clear
99069687,2020-02-07,07:33:27,Import,CN,PORT_121,IL,853224,6Z1ZMAV,RFRZT16,5561.0,1.0,1.018,LINE_MODE_10,58.4,Clear
73764907,2020-02-07,17:07:07,Import,IN,PORT_20,EC,294190,ZRPHH18,84Q6L7T,113854.5,15.0,15.116,LINE_77BN4M,51.8,Clear
48310247,2020-02-07,01:02:47,Import,PH,PORT_20,IR,230650,KNWARXH,PBPB94B,155790000.0,1350000.0,1400895.0,LINE_MODE_10,71.6,Clear
99417724,2020-02-07,13:06:04,Import,CN,PORT_40,OM,760711,EH14622,52T885M,6179962.32,13417.2,13741.896,LINE_MODE_10,62.7,Clear
78069992,2020-02-07,22:38:32,Import,CN,PORT_33,IL,691010,2R3XA57,0TTDXW0,357600.0,24000.0,23764.8,LINE_MODE_10,40.2,Clear
91204113,2020-02-07,06:16:33,Import,CN,PORT_152,ZZ,392490,FVYTXI6,WOUC6QY,187.11,170.1,162.394,LINE_G6VT54,12.8,Clear
47289452,2020-02-07,04:29:32,Import,CN,PORT_20,AT,630790,VM11XFB,IK0FFSX,165.6,72.0,69.134,LINE_MODE_10,20.4,Clear
61080826,2020-02-07,01:09:46,Import,US,PORT_16,CA,902480,M2V7F8G,2J313IE,1013168.97,306.9,374.001,LINE_MODE_10,103.0,Low Risk
27785822,2020-02-07,16:49:02,Import,CN,PORT_40,PL,090421,EKZCGML,CLAK8BM,24748800.0,24000.0,24604.8,LINE_MODE_10,63.3,Clear
20121897,2020-02-07,03:36:57,Import,CN,PORT_21,OM,821300,Q80YK1I,PTO94KB,139814.4,384.0,369.677,LINE_MODE_40,16.1,Clear
86350579,2020-02-07,04:20:19,Import,KR,PORT_30,PG,640411,8IN23HS,OHW6LLL,13879.5,15.0,14.576,LINE_MODE_10,28.0,Clear
54130898,2020-02-07,04:29:38,Import,CN,PORT_40,OM,620342,8WFWVCP,7Y5OGPF,302.94,1.1,1.086,LINE_MODE_40,32.2,Clear
39865992,2020-02-07,21:05:12,Import,CN,PORT_20,OM,091011,YXUW8B4,RZM2Z77,4512000.0,24000.0,26712.96,LINE_618AAX,34.0,Low Risk
89012744,2020-02-07,17:29:44,Import,DE,PORT_40,PY,850440,T9WFKDO,4L6HYYQ,3271.5,7.5,7.606,LINE_MODE_40,50.1,Clear
30347355,2020-02-07,22:49:15,Import,CN,PORT_40,SV,340700,1DTLQLF,7AFECVO,865574.35,7243.3,7125.234,LINE_MWIDNS,29.9,Clear
61988712,2020-02-07,22:17:12,Import,RU,PORT_30,EC,470500,42I86IC,FW5U3MZ,27765958.0,95252.0,98128.61,LINE_MODE_40,60.6,Clear
36445516,2020-02-07,12:01:16,Import,CN,PORT_40,CR,900190,EELPGVQ,WOVEKLZ,1905.56,0.4,0.411,LINE_MODE_40,59.3,Clear
30619319,2020-02-07,10:05:59,Import,CN,PORT_40,NO,482320,BLFI0BR,OIVWM5P,840177.03,768.9,770.207,LINE_MODE_40,41.8,Clear
41488216,2020-02-07,08:46:16,Import,FR,PORT_30,CL,640399,708A72F,QKFMLAX,653.64,2.6,2.543,LINE_MODE_40,26.3,Clear
76316347,2020-02-07,13:51:07,Import,CN,PORT_16,FJ,901819,RPDX4YO,HW7Q3V7,48749.82,39.9,39.409,LINE_MODE_40,32.6,Clear
20099910,2020-02-07,17:18:30,Import,CN,PORT_40,FJ,940179,KJVQNWV,WD6NWHC,24760.4,1036.0,1016.523,LINE_MODE_40,28.3,Clear
16272655,2020-02-07,23:50:55,Import,US,PORT_20,LB,880330,BMH6J4M,7EXXA0P,87072.48,36.8,38.04,LINE_MODE_40,62.9,Clear
16711299,2020-02-07,09:25:39,Import,CN,PORT_30,ES,293339,AK2KT7S,SSY547X,1521300.0,1000.0,1011.7,LINE_MODE_40,48.4,Clear
20411375,2020-02-07,16:09:35,Import,CN,PORT_40,CR,560391,RE4TJ69,N8U3EII,47023.8,543.0,528.719,LINE_MODE_10,29.3,Clear
90416880,2020-02-07,11:48:00,Import,CZ,PORT_30,CR,902620,HUGZ4PR,U8NQCSW,205604.5,131.0,137.052,LINE_MODE_10,11.2,Clear
96407235,2020-02-07,04:47:15,Import,CN,PORT_13,RS,300590,TV5N0YB,YZXECQU,691197.5,155.5,162.295,LINE_MODE_10,75.5,Clear
99619298,2020-02-07,08:09:38,Import,JP,PORT_20,ES,392690,NFWSP2X,JABE2FY,0.0,0.0,0.001,LINE_MODE_40,32.2,Clear
79184810,2020-02-07,23:06:50,Import,PL,PORT_20,IL,903300,5T0WLZJ,WACG0YL,2097.6,1.9,1.959,LINE_MODE_10,67.3,Clear
20669284,2020-02-07,10:32:04,Import,JP,PORT_30,KE,610620,QJYA912,ICEVT7J,5242.5,15.0,15.663,LINE_MODE_40,69.9,Clear
30353551,2020-02-07,08:48:31,Import,CN,PORT_40,SI,392690,3YLMQEL,W9IQT02,3150.0,5250.0,5174.925,LINE_MODE_10,37.3,Clear
65234277,2020-02-07,10:49:57,Import,CN,PORT_20,IL,848079,NRPSXAW,HYVCU8X,2485.0,175.0,170.222,LINE_MODE_10,28.7,Clear
41365716,2020-02-07,08:04:36,Import,US,PORT_40,HN,870324,IJC45YB,QDA3U8T,13000.0,2500.0,2615.8,LINE_W6UCD9,102.1,Low Risk
69590307,2020-02-07,22:50:27,Import,CN,PORT_20,CL,420232,FW6SKEE,AHDMGTK,15984.0,120.0,120.924,LINE_MODE_10,51.8,Clear
19023643,2020-02-07,20:48:43,Import,JP,PORT_16,HU,310100,XGVR67F,PXFYXSX,1859760.0,50400.0,52400.88,LINE_MODE_10,72.9,Clear
94323615,2020-02-07,06:00:15,Import,CN,PORT_20,SV,940179,1F32L0D,0XNKP0S,126311.5,5285.0,5040.304,LINE_MODE_10,16.1,Clear
22010606,2020-02-07,18:59:26,Import,JP,PORT_20,MG,392490,4GQSCZQ,W2BYZR4,891.33,810.3,837.202,LINE_MODE_10,68.6,Clear
14747486,2020-02-07,09:27:26,Import,HK,PORT_40,AM,481710,QE2MM19,530LFCI,577.49,134.3,133.387,LINE_MODE_10,42.2,Clear
76896819,2020-02-07,23:37:39,Import,CN,PORT_40,IR,700231,JBNG2LI,B9RWW8H,5201550.0,13500.0,12847.95,LINE_MODE_40,8.8,Clear
66616924,2020-02-07,13:46:04,Import,CN,PORT_100,AM,400700,U05HKDT,QMFQEJG,649.65,35.5,36.359,LINE_I4FFXR,58.7,Clear
96157068,2020-02-07,07:05:48,Import,IT,PORT_20,ZZ,220410,GSZPNXT,52SYE1B,6678.0,180.0,171.396,LINE_MODE_40,9.1,Clear
65183094,2020-02-07,18:48:54,Import,CN,PORT_30,PL,392690,865S9CD,U8NQCSW,2054.0,65.0,64.298,LINE_MODE_10,39.6,Clear
90251832,2020-02-07,17:09:12,Import,CN,PORT_20,PY,960899,LYZW5RP,C9DXOFP,2496.0,80.0,77.616,LINE_MODE_10,27.0,Clear
85026943,2020-02-07,07:03:43,Import,JP,PORT_10,FJ,720449,2ZVDDF9,8TF3OLD,131638.5,48755.0,48252.824,LINE_MODE_40,33.9,Clear
57829042,2020-02-07,11:29:22,Import,JP,PORT_30,SV,950790,60974Z1,7I90JFD,774.0,60.0,71.582,LINE_MODE_40,88.8,Low Risk
65312388,2020-02-07,15:07:48,Import,RS,PORT_30,LR,821599,WEII2OK,68HD6WW,393.3,1.0,1.119,LINE_MODE_10,41.5,Low Risk
38249823,2020-02-07,02:45:03,Import,VN,PORT_40,FJ,200599,KN8034B,0SJITJ7,68184.0,720.0,755.784,LINE_MODE_10,13.5,Clear
61306113,2020-02-07,05:16:33,Import,CN,PORT_16,MG,481890,JPX81OJ,2RC136W,1481371.2,10352.0,9883.054,LINE_MODE_40,10.8,Clear
27276590,2020-02-07,16:09:50,Import,CN,PORT_40,HU,940180,R4EKXBZ,UN9DCXT,5676.0,4730.0,4924.876,LINE_W6UCD9,73.9,Clear
35812366,2020-02-07,10:08:46,Import,AU,PORT_20,RS,020220,BBHTGQO,A1XMZXZ,5570301.96,22183.6,21145.408,LINE_MODE_10,15.8,Clear
